DNA,RNA
V2,297.28,0.365151
V3,1525.75,-254.749
V4,7.5,0
V5,3,0
V6,0,0
V7,0,0
V18,80,0
V19,35.0798,0
V20,0.11,0
V21,49.28,49.28
V22,349.4,0
V23,10645.5,10645.5
pKd,9.36103,6.44407
