DNA,RNA
V2,4697.16,642.223
V3,22231.6,1051.54
V4,59.5,20.5
V5,41,5
V6,0,0
V7,0,0
V18,1243,148
V19,520.288,57.9032
V20,6.47,-3.9
V21,250.47,250.47
V22,1502.5,296.8
V23,38514.8,38514.8
pKd,-0.281579,8.10843
