DNA,RNA
V2,4510.03,5761.1
V3,21955.2,29172.7
V4,42.5,49.5
V5,40,57
V6,0,0
V7,0,0
V18,1138,1589
V19,475.551,663.384
V20,6.45,27.4
V21,251.63,251.63
V22,1314.9,2113.4
V23,40943,40943
pKd,5.45676,-8.63255
