DNA,RNA
V2,0,124.205
V3,-603.231,-417.427
V4,0,0.5
V5,0,1
V6,39430,39430
V7,5690.4,3537
V18,0,25
V19,0,9.15743
V20,0,-0.64
V21,348,348
V22,0,55.8
V23,38527.4,38527.4
pKd,6.99752,6.9205
