DNA,RNA
V2,0,0
V3,-176.777,-99.7341
V4,0,0
V5,0,0
V6,0,0
V7,0,0
V18,0,0
V19,0,0
V20,0,0
V21,66.69,66.69
V22,0,0
V23,14788.3,14788.3
pKd,6.41059,6.37674
