DNA,RNA
V2,363.32,75.4582
V3,960.186,-394.001
V4,4.5,0.5
V5,4,0
V6,7533.2,7533.2
V7,5690.4,3537
V18,72,4
V19,28.1556,1.3022
V20,1.28,0
V21,22.15,22.15
V22,175,0
V23,3804,3804
pKd,8.03073,6.27134
