DNA,RNA
V2,3956.69,2321.18
V3,20637.2,10585.4
V4,67,21.5
V5,21,20
V6,0,0
V7,0,0
V18,1036,648
V19,443.468,256.658
V20,22.15,9.54
V21,192.82,192.82
V22,1444.7,1053.5
V23,28487.3,28487.3
pKd,2.19711,9.95417
