DNA,RNA
V2,0,113.49
V3,-81.0834,-252.717
V4,0,0
V5,0,0
V6,35421.6,35421.6
V7,5690.4,3537
V18,0,2
V19,0,0.601436
V20,0,0
V21,231.2,231.2
V22,0,0
V23,30124.5,30124.5
pKd,7.15257,6.40353
