DNA,RNA
V2,1233.19,4.81949
V3,6411.51,-348.143
V4,29.5,1.5
V5,12,0
V6,0,0
V7,0,0
V18,405,6
V19,166.332,2.048
V20,0.28,0
V21,62.6,62.6
V22,716.9,0
V23,14491.8,14491.8
pKd,12.6763,6.38722
