DNA,RNA
V2,292.913,791.818
V3,-334.378,2234.77
V4,6,14
V5,0,11
V6,0,0
V7,0,0
V18,38,170
V19,13.7501,68.3575
V20,-0.68,0.38
V21,328.43,328.43
V22,127.5,424.2
V23,47949,47949
pKd,5.86939,9.84476
