DNA,RNA
V2,0,0
V3,-203.816,-148.475
V4,0,0
V5,0,0
V6,0,0
V7,0,0
V18,0,0
V19,0,0
V20,0,0
V21,4036.36,4036.36
V22,0,0
V23,555535,555535
pKd,6.42247,6.39816
