DNA,RNA
V2,519.726,0
V3,2200.34,-230.301
V4,10.5,0
V5,3,0
V6,0,0
V7,0,0
V18,152,1
V19,59.9681,0.344978
V20,-0.95,0
V21,57.07,57.07
V22,226.7,0
V23,7727.5,7727.5
pKd,7.99611,6.42151
