DNA,RNA
V2,5069.4,5251.67
V3,25772.9,33153.1
V4,81,54.5
V5,54,45
V6,0,0
V7,0,0
V18,1383,1555
V19,571.782,668.061
V20,6.7,10.33
V21,148.46,148.46
V22,1746.7,1957
V23,21627.1,21627.1
pKd,-0.24612,-5.99435
