DNA,RNA
V2,531.202,88.3114
V3,1112.04,-416.193
V4,9.5,0
V5,6,0
V6,0,0
V7,0,0
V18,122,3
V19,47.51,0.949105
V20,-0.18,0
V21,72.93,72.93
V22,343.1,0
V23,13840.9,13840.9
pKd,7.9933,6.23061
