DNA,RNA
V2,115.033,85.545
V3,-557.816,-451.074
V4,0,3.5
V5,0,1
V6,14473.1,14473.1
V7,5690.4,3537
V18,19,11
V19,5.87877,3.65609
V20,0,-0.64
V21,132.62,132.62
V22,0,55.8
V23,12872.5,12872.5
pKd,5.848,6.43147
