DNA,RNA
V2,669.272,57.466
V3,161.292,-358.432
V4,13.5,3
V5,9,2
V6,0,0
V7,0,0
V18,135,26
V19,50.9515,9.85022
V20,3.06,-0.38
V21,119.71,119.71
V22,636.4,115.3
V23,18268.1,18268.1
pKd,7.82563,7.05283
