DNA,RNA
V2,4722.87,5047.91
V3,26720.2,30654
V4,64,59.5
V5,62,57
V6,0,0
V7,0,0
V18,1449,1655
V19,604.191,670.616
V20,-0.72,17.73
V21,231.37,231.37
V22,1575.3,2038.7
V23,34404.9,34404.9
pKd,-0.279836,2.14957
