DNA,RNA
V2,5789.37,4923.18
V3,26601.6,26516.3
V4,79,58
V5,59,48
V6,0,0
V7,0,0
V18,1553,1475
V19,637.315,607.305
V20,13.16,9.23
V21,288.16,288.16
V22,2005,2424.8
V23,44832.5,44832.5
pKd,-8.40841,-0.542403
