DNA,RNA
V2,4358.41,50.5632
V3,27662.7,-805.383
V4,73.5,1.5
V5,50,3
V6,0,0
V7,0,0
V18,1448,15
V19,611.25,4.93775
V20,3.87,-1.65
V21,185.57,185.57
V22,1926.5,102
V23,51329.2,51329.2
pKd,-3.11298,6.89691
