DNA,RNA
V2,3352.28,3829.05
V3,16484,21038
V4,55.5,45
V5,31,42
V6,0,0
V7,0,0
V18,929,1090
V19,390.232,454.116
V20,8.01,11.85
V21,152.85,152.85
V22,1387.9,1464.7
V23,21154.9,21154.9
pKd,8.35818,9.97322
