DNA,RNA
V2,0,1990.31
V3,-972.223,12790.7
V4,0,31.5
V5,0,19
V6,42335,42335
V7,5690.4,3537
V18,4,620
V19,1.67457,266.853
V20,0,6.55
V21,222.87,222.87
V22,0,871.5
V23,30810.3,30810.3
pKd,7.03046,35.4162
