DNA,RNA
V2,118.105,269.875
V3,-236.478,49.8821
V4,0.5,4.5
V5,1,4
V6,0,0
V7,0,0
V18,16,39
V19,5.53078,14.5853
V20,-0.99,1.82
V21,44.88,44.88
V22,47.8,162.5
V23,5467.8,5467.8
pKd,6.21487,6.91566
