DNA,RNA
V2,0,0
V3,-245.668,-58.8987
V4,0,0
V5,0,0
V6,132222,132222
V7,5690.4,3537
V18,0,0
V19,0,0
V20,0,0
V21,5503.18,5503.18
V22,0,0
V23,722292,722292
pKd,8.91057,7.84018
