DNA,RNA
V2,0,0
V3,-215.978,-201.028
V4,0,0
V5,0,0
V6,0,0
V7,0,0
V18,0,0
V19,0,0
V20,0,0
V21,2312.11,2312.11
V22,0,0
V23,686428,686428
pKd,6.42782,6.42125
