DNA,RNA
V2,171.521,0
V3,-185.304,-140.264
V4,3,0
V5,0,0
V6,17955.3,17955.3
V7,5690.4,3537
V18,21,0
V19,7.04916,0
V20,0,0
V21,67.78,67.78
V22,0,0
V23,11792.8,11792.8
pKd,6.19597,6.56591
