DNA,RNA
V2,401.146,1.47453
V3,1472.77,-292.081
V4,7.5,0
V5,2,0
V6,0,0
V7,0,0
V18,132,10
V19,53.3454,3.83051
V20,-2.25,-1.37
V21,53.18,53.18
V22,597.3,127
V23,8995.3,8995.3
pKd,8.51235,6.58587
