DNA,RNA
V2,2973.04,161.15
V3,12529.8,188.293
V4,38.5,10.5
V5,19,2
V6,0,0
V7,0,0
V18,820,58
V19,332.627,22.109
V20,12.99,-0.22
V21,130.31,130.31
V22,1335.3,139.2
V23,22200.7,22200.7
pKd,9.36001,7.06555
