DNA,RNA
V2,3803.08,1239.8
V3,23968.7,4029.44
V4,46.5,24
V5,32,8
V6,0,0
V7,0,0
V18,1095,356
V19,484.125,139.253
V20,13.67,5.52
V21,116.97,116.97
V22,1332.8,759.8
V23,25900.9,25900.9
pKd,7.61986,9.23189
