DNA,RNA
V2,1971.91,0.370796
V3,8308.23,-508.54
V4,44,0
V5,29,0
V6,0,0
V7,0,0
V18,543,0
V19,224.148,0
V20,4.91,0
V21,254.12,254.12
V22,1318.8,0
V23,42589.7,42589.7
pKd,13.3873,6.55558
