DNA,RNA
V2,28.1102,1924.14
V3,-620.824,12098.7
V4,2.5,23
V5,1,20
V6,50573.6,50573.6
V7,5690.4,3537
V18,15,697
V19,5.31906,291.857
V20,-0.22,7.5
V21,321.28,321.28
V22,59.9,1366.5
V23,47252.5,47252.5
pKd,7.37783,39.2629
