DNA,RNA
V2,1912.79,8.27067
V3,13824.6,-279.013
V4,41.5,0
V5,21,0
V6,0,0
V7,0,0
V18,628,0
V19,278.173,0
V20,2.25,0
V21,77.37,77.37
V22,554.1,0
V23,10139.3,10139.3
pKd,15.884,6.43781
