DNA,RNA
V2,17.3426,13.7113
V3,-414.632,-119.449
V4,1,6
V5,1,1
V6,0,0
V7,0,0
V18,3,18
V19,0.891917,6.37409
V20,-1.01,-1.01
V21,14.58,14.58
V22,46.2,46.2
V23,9672.1,9672.1
pKd,6.57084,6.51384
