DNA,RNA
V2,115.033,85.545
V3,-557.36,-450.929
V4,0,3.5
V5,0,1
V6,14447.1,14447.1
V7,5690.4,3537
V18,19,11
V19,5.87877,3.65609
V20,0,-0.64
V21,129.54,129.54
V22,0,55.8
V23,12909.6,12909.6
pKd,5.84753,6.4313
