DNA,RNA
V2,0,60.846
V3,-283.894,-338.45
V4,0,0.5
V5,0,2
V6,0,0
V7,0,0
V18,0,24
V19,0,7.86996
V20,0,-0.45
V21,1903.05,1903.05
V22,0,201.3
V23,432380,432380
pKd,6.45766,6.23173
