DNA,RNA
V2,144.428,194.355
V3,-768.557,-168.886
V4,5,5
V5,2,2
V6,0,0
V7,0,0
V18,31,44
V19,11.4428,16.3006
V20,-0.03,0.96
V21,138.35,138.35
V22,180.5,59.6
V23,15449.8,15449.8
pKd,6.85096,6.64475
