DNA,RNA
V2,869.17,137.193
V3,564.954,-903.779
V4,15.5,0.5
V5,9,1
V6,0,0
V7,0,0
V18,173,7
V19,71.3798,2.22039
V20,-0.6,-0.04
V21,204.15,204.15
V22,684.9,71.7
V23,32271,32271
pKd,10.0314,6.43875
