DNA,RNA
V2,0,0
V3,-176.744,-99.7366
V4,0,0
V5,0,0
V6,0,0
V7,0,0
V18,0,0
V19,0,0
V20,0,0
V21,63.42,63.42
V22,0,0
V23,14796.3,14796.3
pKd,6.41058,6.37674
