DNA,RNA
V2,363.32,63.0285
V3,963.97,-360.676
V4,4.5,0.5
V5,4,0
V6,7467.7,7467.7
V7,5690.4,3537
V18,72,5
V19,28.1556,1.62268
V20,1.28,0
V21,23.07,23.07
V22,175,0
V23,3826,3826
pKd,8.02679,6.26264
