DNA,RNA
V2,517.127,0
V3,1058.51,-166.862
V4,5,0
V5,2,0
V6,0,0
V7,0,0
V18,108,0
V19,41.5524,0
V20,2.93,0
V21,45.69,45.69
V22,330.5,0
V23,6379.1,6379.1
pKd,6.62161,6.40623
