DNA,RNA
V2,1394.89,8.72125
V3,5929.19,-656.249
V4,24,0
V5,0,0
V6,103252,103252
V7,5690.4,3537
V18,397,0
V19,161.046,0
V20,1.97,0
V21,868.17,868.17
V22,603.3,0
V23,123128,123128
pKd,35.3894,6.53981
