DNA,RNA
V2,2692.27,1775.81
V3,-3575.23,4591.9
V4,8.5,6
V5,0,2
V6,0,0
V7,0,0
V18,305,459
V19,96.5775,173.187
V20,-8.39,-7.94
V21,1635.91,1635.91
V22,1199.7,1792.9
V23,425526,425526
pKd,-8.28517,2.00923
