DNA,RNA
V2,825.926,97.1679
V3,3279.61,-290.847
V4,13,2.5
V5,12,1
V6,0,0
V7,0,0
V18,214,13
V19,90.3863,5.11246
V20,-2.66,-0.86
V21,77.96,77.96
V22,313.7,115.7
V23,14462.4,14462.4
pKd,12.4514,6.72425
