DNA,RNA
V2,534.82,1455.22
V3,2139.54,5540.03
V4,16.5,16.5
V5,4,11
V6,0,0
V7,0,0
V18,149,380
V19,60.4968,150.476
V20,-3.49,2.77
V21,228.6,228.6
V22,354.2,497.7
V23,35739.3,35739.3
pKd,9.00718,9.59918
