DNA,RNA
V2,2046.14,21.6467
V3,8717.75,-759.266
V4,30,0
V5,19,0
V6,0,0
V7,0,0
V18,556,13
V19,232.342,4.19987
V20,1.15,0.22
V21,112.8,112.8
V22,698.7,131.2
V23,24195.4,24195.4
pKd,13.2359,6.26533
