DNA,RNA
V2,143.008,90.8882
V3,-124.619,-364.159
V4,5.5,0.5
V5,5,2
V6,25088.2,25088.2
V7,5690.4,3537
V18,36,7
V19,12.7188,2.38105
V20,-1.65,-0.64
V21,180.96,180.96
V22,102,55.8
V23,18960.6,18960.6
pKd,7.79889,6.81102
