DNA,RNA
V2,148.45,0
V3,-503.359,-239.405
V4,4.5,0
V5,0,0
V6,0,0
V7,0,0
V18,12,0
V19,4.4215,0
V20,0,0
V21,90.87,90.87
V22,0,0
V23,14806.9,14806.9
pKd,6.27539,6.43811
