DNA,RNA
V2,116.146,255.119
V3,27.6052,-491.902
V4,5.5,3.5
V5,3,4
V6,72740.3,72740.3
V7,5690.4,3537
V18,30,25
V19,12.631,8.95579
V20,-1.65,0.13
V21,325.38,325.38
V22,102,59.3
V23,53511.2,53511.2
pKd,10.1505,7.49006
