DNA,RNA
V2,277.373,30.4987
V3,652.076,-271.922
V4,6.5,0
V5,1,0
V6,10751.4,10751.4
V7,5690.4,3537
V18,57,1
V19,21.6238,0.281094
V20,0.96,0
V21,40.37,40.37
V22,59.6,0
V23,5837.9,5837.9
pKd,7.1337,6.40115
