DNA,RNA
V2,65.4277,999.186
V3,-465.844,5871.95
V4,1.5,12
V5,0,10
V6,70974.4,70974.4
V7,5690.4,3537
V18,2,290
V19,0.731713,125.197
V20,0,0.08
V21,322.71,322.71
V22,0,399.2
V23,53272.3,53272.3
pKd,7.43614,29.2024
