DNA,RNA
V2,0,0
V3,-216.106,-201.168
V4,0,0
V5,0,0
V6,0,0
V7,0,0
V18,0,0
V19,0,0
V20,0,0
V21,2304.73,2304.73
V22,0,0
V23,686415,686415
pKd,6.42787,6.42131
