DNA,RNA
V2,1521.97,0
V3,6816,-406.875
V4,21.5,0
V5,21,0
V6,0,0
V7,0,0
V18,391,1
V19,162.725,0.285387
V20,1.34,0
V21,180.13,180.13
V22,547.5,0
V23,43655.6,43655.6
pKd,14.1892,6.45938
