DNA,RNA
V2,3075.09,38.3411
V3,17642.6,-295.334
V4,40.5,0
V5,42,0
V6,0,0
V7,0,0
V18,843,10
V19,363.277,4.01888
V20,8.95,0
V21,60.8,60.8
V22,1101.8,0
V23,11620.3,11620.3
pKd,15.0658,6.63193
