DNA,RNA
V2,51.0533,1287.89
V3,-373.584,4954.34
V4,1.5,14
V5,0,8
V6,26475.7,26475.7
V7,5690.4,3537
V18,6,299
V19,2.32056,126.46
V20,0,0.96
V21,180.52,180.52
V22,0,596.1
V23,23794.4,23794.4
pKd,6.92345,17.6696
