DNA,RNA
V2,4358.41,50.5632
V3,27663.4,-805.233
V4,73.5,1.5
V5,50,3
V6,0,0
V7,0,0
V18,1448,15
V19,611.25,4.93775
V20,3.87,-1.65
V21,187.25,187.25
V22,1926.5,102
V23,51335.7,51335.7
pKd,-3.11174,6.89685
