DNA,RNA
V2,73.3315,107.8
V3,-452.488,-316.5
V4,0,0.5
V5,0,0
V6,0,0
V7,0,0
V18,0,2
V19,0,0.711842
V20,0,0
V21,20.99,20.99
V22,0,0
V23,6078.9,6078.9
pKd,6.37477,6.23259
