DNA,RNA
V2,85.3671,0
V3,-932.901,-395.301
V4,0,0
V5,0,0
V6,37970.2,37970.2
V7,5690.4,3537
V18,2,0
V19,0.712831,0
V20,0.26,0
V21,226.01,226.01
V22,59.5,0
V23,27818.8,27818.8
pKd,6.68144,6.66238
