DNA,RNA
V2,0,61.3814
V3,-84.5139,-287.808
V4,0,1
V5,0,2
V6,11972.8,11972.8
V7,5690.4,3537
V18,0,3
V19,0,0.992963
V20,0,-1.01
V21,53.12,53.12
V22,0,46.2
V23,6913.6,6913.6
pKd,6.63863,6.80153
