DNA,RNA
V2,362.144,609.947
V3,211.634,1638.12
V4,5.5,7.5
V5,2,6
V6,0,0
V7,0,0
V18,67,126
V19,27.271,50.1785
V20,1.89,0.94
V21,98.25,98.25
V22,318.4,294.5
V23,11360.6,11360.6
pKd,7.66201,8.29816
