DNA,RNA
V2,362.922,127.918
V3,1615.12,-238.891
V4,10.5,5.5
V5,2,0
V6,0,0
V7,0,0
V18,93,30
V19,41.61,11.424
V20,-0.64,-0.64
V21,60.17,60.17
V22,55.8,55.8
V23,8402.6,8402.6
pKd,9.81379,6.50171
