DNA,RNA
V2,3848.16,4812.62
V3,15092.7,24346.8
V4,54,55.5
V5,40,38
V6,0,0
V7,0,0
V18,965,1269
V19,393.662,534.223
V20,3.87,9.89
V21,407.95,407.95
V22,1588.9,1779.9
V23,50726.6,50726.6
pKd,7.73514,0.0385307
