DNA,RNA
V2,4503.87,3949.28
V3,27338.5,26513.8
V4,51,48.5
V5,41,49
V6,0,0
V7,0,0
V18,1250,1303
V19,535.22,546.366
V20,11.3,5.87
V21,294.17,294.17
V22,1250.4,1528.3
V23,39016.8,39016.8
pKd,4.78785,9.61318
