DNA,RNA
V2,5290.3,3410.77
V3,26410.7,13800.5
V4,62,42.5
V5,41,28
V6,0,0
V7,0,0
V18,1438,844
V19,598.548,348.306
V20,8.93,7.54
V21,162.64,162.64
V22,1624.1,1406
V23,23228.3,23228.3
pKd,-5.06646,9.09488
