DNA,RNA
V2,2.94417,1824.24
V3,-375.378,12897.7
V4,0,25
V5,1,27
V6,0,0
V7,0,0
V18,6,657
V19,2.91236,273.926
V20,-0.77,3.51
V21,255.95,255.95
V22,61,795.3
V23,51153.6,51153.6
pKd,7.20516,17.6528
