DNA,RNA
V2,274.942,2.20141
V3,-567.694,-352.868
V4,6,0
V5,3,0
V6,0,0
V7,0,0
V18,41,1
V19,15.1325,0.291803
V20,1.88,0
V21,84.96,84.96
V22,325.4,0
V23,14823.6,14823.6
pKd,6.76903,6.4352
