DNA,RNA
V2,31.017,0
V3,-258.956,-135.703
V4,0,0
V5,0,0
V6,14651.6,14651.6
V7,5690.4,3537
V18,0,0
V19,0,0
V20,0,0
V21,91.36,91.36
V22,0,0
V23,9257.5,9257.5
pKd,6.63828,6.53384
