DNA,RNA
V2,0,0
V3,-216.031,-201.124
V4,0,0
V5,0,0
V6,0,0
V7,0,0
V18,0,0
V19,0,0
V20,0,0
V21,2313.93,2313.93
V22,0,0
V23,686527,686527
pKd,6.42784,6.42129
