DNA,RNA
V2,9371.1,46.7502
V3,48479.6,-636.464
V4,62.5,0
V5,1,0
V6,148062,148062
V7,5690.4,3537
V18,2442,7
V19,1038.85,2.17748
V20,28.67,2.21
V21,5449.76,5449.76
V22,5343.6,124.2
V23,661815,661815
pKd,161.486,6.52717
