DNA,RNA
V2,0.188183,816.808
V3,-130.671,6782.6
V4,0,12.5
V5,0,14
V6,0,0
V7,0,0
V18,0,251
V19,0,113.587
V20,0,2.95
V21,62.94,62.94
V22,0,428.2
V23,12445.9,12445.9
pKd,6.38993,16.9755
