DNA,RNA
V2,31.017,0
V3,-258.223,-135.105
V4,0,0
V5,0,0
V6,14639.3,14639.3
V7,5690.4,3537
V18,0,0
V19,0,0
V20,0,0
V21,91.18,91.18
V22,0,0
V23,9276.6,9276.6
pKd,6.63805,6.53369
