DNA,RNA
V2,3014.6,38.3411
V3,17054.5,-293.304
V4,40.5,0
V5,42,0
V6,0,0
V7,0,0
V18,823,10
V19,355.44,4.01888
V20,8.98,0
V21,62.06,62.06
V22,1061.9,0
V23,11633.8,11633.8
pKd,15.1409,6.63104
