DNA,RNA
V2,0,0
V3,-200.157,-76.9744
V4,0,0
V5,0,0
V6,0,0
V7,0,0
V18,0,0
V19,0,0
V20,0,0
V21,12.25,12.25
V22,0,0
V23,3821.3,3821.3
pKd,6.42086,6.36674
