DNA,RNA
V2,388.423,22.6619
V3,2189.87,-292.658
V4,13,0
V5,7,0
V6,0,0
V7,0,0
V18,114,4
V19,49.4109,1.41673
V20,-0.53,-0.64
V21,49.65,49.65
V22,325.9,55.8
V23,10655.1,10655.1
pKd,10.6697,6.38672
