DNA,RNA
V2,0,0
V3,-244.478,-136.531
V4,0,0
V5,0,0
V6,0,0
V7,0,0
V18,0,0
V19,0,0
V20,0,0
V21,278.58,278.58
V22,0,0
V23,40557.6,40557.6
pKd,6.44034,6.39291
