DNA,RNA
V2,0,0
V3,-273.47,-112.743
V4,0,0
V5,0,0
V6,0,0
V7,0,0
V18,0,0
V19,0,0
V20,0,0
V21,283.27,283.27
V22,0,0
V23,39916.9,39916.9
pKd,6.45308,6.38245
