DNA,RNA
V2,84.6865,0
V3,-326.666,-128.038
V4,2,0
V5,0,0
V6,105322,105322
V7,5690.4,3537
V18,10,0
V19,3.63306,0
V20,-1.01,0
V21,3010.49,3010.49
V22,46.2,0
V23,424044,424044
pKd,8.37771,7.42639
