DNA,RNA
V2,1552.85,149.32
V3,9406.39,-407.838
V4,23.5,8
V5,13,1
V6,0,0
V7,0,0
V18,468,19
V19,206.828,8.74488
V20,0.87,-1.65
V21,28.22,28.22
V22,769.2,102
V23,11551.1,11551.1
pKd,17.1293,7.42279
