DNA,RNA
V2,2940.22,161.15
V3,12540,189.006
V4,38.5,10.5
V5,19,2
V6,0,0
V7,0,0
V18,816,58
V19,330.997,22.109
V20,13.04,-0.22
V21,130.71,130.71
V22,1334,139.2
V23,22198.8,22198.8
pKd,9.55643,7.06546
