DNA,RNA
V2,9371.1,46.7502
V3,48479.4,-636.53
V4,62.5,0
V5,1,0
V6,147996,147996
V7,5690.4,3537
V18,2442,7
V19,1038.85,2.17748
V20,28.67,2.21
V21,5451.65,5451.65
V22,5343.6,124.2
V23,661679,661679
pKd,161.382,6.52688
