DNA,RNA
V2,284.384,0.365151
V3,1542.02,-249.714
V4,7.5,0
V5,3,0
V6,0,0
V7,0,0
V18,80,0
V19,35.0776,0
V20,0.11,0
V21,50.25,50.25
V22,349.4,0
V23,10671,10671
pKd,9.38443,6.44186
