DNA,RNA
V2,1885.85,84.8124
V3,7421.61,-333.42
V4,25,0
V5,13,0
V6,0,0
V7,0,0
V18,497,16
V19,207.92,6.03541
V20,-2.03,0.72
V21,142.19,142.19
V22,816.6,51.4
V23,20147.2,20147.2
pKd,12.6143,6.43319
