DNA,RNA
V2,1481.68,65.6427
V3,8055.21,-113.048
V4,22,3.5
V5,16,1
V6,0,0
V7,0,0
V18,464,21
V19,189.408,8.53727
V20,2.07,-1.88
V21,269.98,269.98
V22,541.9,177.6
V23,98726.9,98726.9
pKd,13.3163,7.03908
