DNA,RNA
V2,3734.04,4835.12
V3,22040.7,22579.8
V4,58,61
V5,40,49
V6,0,0
V7,0,0
V18,1155,1342
V19,486.516,544.302
V20,4.12,10.6
V21,199.09,199.09
V22,1592.9,1970.4
V23,50114.5,50114.5
pKd,6.93902,2.72456
