DNA,RNA
V2,0,347.892
V3,-394.639,1816.41
V4,0,9
V5,0,3
V6,0,0
V7,0,0
V18,0,98
V19,0,40.2657
V20,0,0.89
V21,98.58,98.58
V22,0,177.8
V23,19660.3,19660.3
pKd,6.50632,8.44802
