DNA,RNA
V2,794.926,39.0652
V3,815.267,-865.477
V4,24.5,1
V5,10,1
V6,24071.9,24071.9
V7,5690.4,3537
V18,215,13
V19,87.4803,4.58548
V20,1.15,-1.45
V21,171.83,171.83
V22,557.2,188.5
V23,22389.1,22389.1
pKd,12.5518,6.65921
