DNA,RNA
V2,486.852,479.256
V3,652.866,-621.7
V4,11,4.5
V5,2,3
V6,0,0
V7,0,0
V18,120,67
V19,46.5147,22.9883
V20,2.03,-0.3
V21,82.8,82.8
V22,288.6,139.1
V23,10650.6,10650.6
pKd,7.23247,5.36449
