DNA,RNA
V2,0,0
V3,-532.165,-102.733
V4,0,0
V5,0,0
V6,161219,161219
V7,5690.4,3537
V18,0,0
V19,0,0
V20,0,0
V21,5483.71,5483.71
V22,0,0
V23,738816,738816
pKd,8.66554,8.04524
