DNA,RNA
V2,2101,0
V3,10428.8,-589.216
V4,40,0
V5,19,0
V6,0,0
V7,0,0
V18,538,2
V19,255.028,0.606352
V20,0.24,0
V21,-57.58,-57.58
V22,598.4,0
V23,56016.7,56016.7
pKd,13.2819,6.51089
