DNA,RNA
V2,2687.41,1775.81
V3,-3564.92,4596.04
V4,8.5,6
V5,0,2
V6,0,0
V7,0,0
V18,305,459
V19,96.5775,173.187
V20,-8.34,-7.94
V21,1646.28,1646.28
V22,1198.4,1792.9
V23,425147,425147
pKd,-8.27271,2.00815
