DNA,RNA
V2,0,0
V3,-65.0046,-33.8627
V4,0,0
V5,0,0
V6,0,0
V7,0,0
V18,0,0
V19,0,0
V20,0,0
V21,3.77,3.77
V22,0,0
V23,4094.7,4094.7
pKd,6.36148,6.34779
