DNA,RNA
V2,135.47,86.2642
V3,84.228,131.942
V4,6.5,1
V5,0,1
V6,8914.9,8914.9
V7,5690.4,3537
V18,61,15
V19,23.024,6.5199
V20,3.25,0.36
V21,65.75,65.75
V22,290.8,125.6
V23,8137.2,8137.2
pKd,7.01634,7.22207
