DNA,RNA
V2,0.222162,1046.6
V3,-344.245,7451.74
V4,0,21.5
V5,0,13
V6,0,0
V7,0,0
V18,5,389
V19,2.17177,156.789
V20,0,-1.85
V21,29.17,29.17
V22,0,396.4
V23,5681,5681
pKd,6.71862,12.7877
