DNA,RNA
V2,103.516,147.501
V3,-717.129,3888.88
V4,0.5,9.5
V5,0,0
V6,113926,113926
V7,5690.4,3537
V18,20,183
V19,8.10972,83.9666
V20,0.26,-1.07
V21,3862.39,3862.39
V22,59.5,1299.4
V23,443724,443724
pKd,8.60912,30.0201
