DNA,RNA
V2,349.836,0
V3,-3580.25,-288.633
V4,0,0
V5,0,0
V6,106198,106198
V7,5690.4,3537
V18,5,0
V19,1.46416,0
V20,0,0
V21,3569.56,3569.56
V22,0,0
V23,413847,413847
pKd,1.8988,7.16804
