DNA,RNA
V2,5.68671,2864.61
V3,-784.704,18961.7
V4,0,39.5
V5,0,29
V6,0,0
V7,0,0
V18,0,892
V19,0,376.653
V20,0,2.56
V21,142.69,142.69
V22,0,929.6
V23,20638.6,20638.6
pKd,6.66554,15.0217
