DNA,RNA
V2,0,229.576
V3,-199.489,108.854
V4,0,3.5
V5,0,3
V6,0,0
V7,0,0
V18,0,46
V19,0,17.1884
V20,0,2.99
V21,61.61,61.61
V22,0,171.4
V23,12992.9,12992.9
pKd,6.42057,6.77655
