DNA,RNA
V2,9364.59,46.7502
V3,48480.5,-636.512
V4,62.5,0
V5,1,0
V6,148000,148000
V7,5690.4,3537
V18,2442,7
V19,1038.85,2.17748
V20,28.67,2.21
V21,5449.44,5449.44
V22,5343.6,124.2
V23,661973,661973
pKd,161.474,6.52692
