DNA,RNA
V2,9.91282,454.016
V3,-470.605,1923.56
V4,0,4
V5,0,0
V6,32262.2,32262.2
V7,5690.4,3537
V18,0,93
V19,0,49.2518
V20,0,0
V21,178.37,178.37
V22,0,0
V23,23596.4,23596.4
pKd,6.93577,16.5009
