DNA,RNA
V2,3365.25,475.67
V3,13825.8,74.5915
V4,57.5,14.5
V5,30,2
V6,0,0
V7,0,0
V18,768,75
V19,325.881,27.4943
V20,5.1,2.25
V21,130.64,130.64
V22,920.2,249.9
V23,18031.9,18031.9
pKd,8.19898,6.23902
