DNA,RNA
V2,4.69808,567.691
V3,-682.226,2405.89
V4,0,6.5
V5,0,6
V6,62561.7,62561.7
V7,5690.4,3537
V18,3,150
V19,0.912367,64.9615
V20,0.13,0.99
V21,298.05,298.05
V22,59.3,356.3
V23,46088.4,46088.4
pKd,7.12576,17.8482
