DNA,RNA
V2,0,0
V3,-272.285,-112.416
V4,0,0
V5,0,0
V6,0,0
V7,0,0
V18,0,0
V19,0,0
V20,0,0
V21,283.29,283.29
V22,0,0
V23,39918.5,39918.5
pKd,6.45256,6.38231
