DNA,RNA
V2,245.205,70.4329
V3,-567.463,-212.21
V4,7.5,1
V5,5,0
V6,21993.6,21993.6
V7,5690.4,3537
V18,36,7
V19,12.5499,2.70759
V20,-2.47,0
V21,135.55,135.55
V22,227.9,0
V23,16545.5,16545.5
pKd,7.30793,6.60731
