DNA,RNA
V2,685.3,39.5968
V3,3350.89,-498.166
V4,12,0
V5,3,0
V6,0,0
V7,0,0
V18,214,1
V19,90.8519,0.350871
V20,-0.8,0.26
V21,98.83,98.83
V22,218.1,59.5
V23,14322.3,14322.3
pKd,11.2919,6.45819
