DNA,RNA
V2,518.251,17.9961
V3,1898.68,-380.942
V4,18,0
V5,5,0
V6,0,0
V7,0,0
V18,142,5
V19,60.1203,1.65676
V20,-3.29,0.19
V21,106.15,106.15
V22,345.1,167
V23,13816.2,13816.2
pKd,10.0159,6.35298
