DNA,RNA
V2,789.014,393.862
V3,2041.41,-431.154
V4,12,7
V5,6,6
V6,0,0
V7,0,0
V18,148,55
V19,61.9592,19.7356
V20,-2.02,-2.48
V21,121.88,121.88
V22,167.3,285.5
V23,16727.9,16727.9
pKd,9.65832,6.85544
