DNA,RNA
V2,1133.04,226.314
V3,3620.05,-532.816
V4,32,0.5
V5,15,1
V6,21526.5,21526.5
V7,5690.4,3537
V18,280,22
V19,112.196,7.61332
V20,-0.65,2.51
V21,116.59,116.59
V22,649.1,107.6
V23,16120.5,16120.5
pKd,15.4783,6.19336
