DNA,RNA
V2,4241.7,4463.82
V3,23036.3,26530.5
V4,48,62
V5,47,53
V6,0,0
V7,0,0
V18,1273,1423
V19,524.832,585.515
V20,1.06,14.07
V21,232.3,232.3
V22,2048,2301.4
V23,33258.1,33258.1
pKd,6.29407,4.89205
