DNA,RNA
V2,880.939,12.5612
V3,1812.16,-655.988
V4,16,0
V5,9,0
V6,0,0
V7,0,0
V18,223,0
V19,86.6928,0
V20,-1.08,0
V21,161.34,161.34
V22,479.1,0
V23,25925.3,25925.3
pKd,8.73539,6.59427
