DNA,RNA
V2,76.9361,3578.22
V3,-291.912,20044.6
V4,3.5,33.5
V5,0,38
V6,19935.9,19935.9
V7,5690.4,3537
V18,16,1027
V19,7.93934,425.397
V20,-1.01,16.78
V21,175.61,175.61
V22,46.2,985.7
V23,17570,17570
pKd,8.03152,27.3005
