DNA,RNA
V2,0,0
V3,-215.982,-201.038
V4,0,0
V5,0,0
V6,0,0
V7,0,0
V18,0,0
V19,0,0
V20,0,0
V21,2313.65,2313.65
V22,0,0
V23,686396,686396
pKd,6.42782,6.42125
