DNA,RNA
V2,161.051,109.427
V3,-26.5341,-495.495
V4,3.5,0.5
V5,1,2
V6,0,0
V7,0,0
V18,42,9
V19,18.4639,2.88022
V20,0.31,0.13
V21,58.01,58.01
V22,230.6,59.3
V23,9602.7,9602.7
pKd,8.19286,6.50583
