DNA,RNA
V2,15.2493,429.052
V3,-234.515,3015.11
V4,0,8.5
V5,0,4
V6,0,0
V7,0,0
V18,1,139
V19,0.411469,58.7705
V20,0,-2.91
V21,59.43,59.43
V22,0,288.3
V23,19539.5,19539.5
pKd,6.43496,10.0705
