DNA,RNA
V2,17.779,0
V3,-348.004,-121.973
V4,1,0
V5,0,0
V6,0,0
V7,0,0
V18,0,0
V19,0,0
V20,0,0
V21,81.75,81.75
V22,0,0
V23,9276.5,9276.5
pKd,6.44712,6.38651
