DNA,RNA
V2,366.051,127.918
V3,1617.12,-242.146
V4,10.5,5.5
V5,2,0
V6,0,0
V7,0,0
V18,94,30
V19,42.0208,11.424
V20,-0.64,-0.64
V21,61.62,61.62
V22,55.8,55.8
V23,8394.6,8394.6
pKd,9.82916,6.50261
