DNA,RNA
V2,3169.92,5077.64
V3,15579.7,32466.1
V4,55,58
V5,29,52
V6,0,0
V7,0,0
V18,1014,1625
V19,421.765,682.288
V20,1.95,9.28
V21,2111.36,2111.36
V22,1223.6,2085.7
V23,314512,314512
pKd,6.80945,-3.52407
