DNA,RNA
V2,0,26.534
V3,-129.137,-388.125
V4,0,6
V5,0,0
V6,0,0
V7,0,0
V18,0,10
V19,0,3.48581
V20,0,-1.01
V21,17.23,17.23
V22,0,46.2
V23,26679.4,26679.4
pKd,6.38966,6.35548
