DNA,RNA
V2,116.146,255.119
V3,27.606,-491.901
V4,5.5,3.5
V5,3,4
V6,72741.9,72741.9
V7,5690.4,3537
V18,30,25
V19,12.631,8.95579
V20,-1.65,0.13
V21,325.21,325.21
V22,102,59.3
V23,53506.2,53506.2
pKd,10.1506,7.49008
