DNA,RNA
V2,0,0
V3,-245.687,-58.9051
V4,0,0
V5,0,0
V6,132248,132248
V7,5690.4,3537
V18,0,0
V19,0,0
V20,0,0
V21,5517.3,5517.3
V22,0,0
V23,722360,722360
pKd,8.91102,7.84046
