DNA,RNA
V2,9.91282,454.016
V3,-470.436,1923.77
V4,0,4
V5,0,0
V6,32288.6,32288.6
V7,5690.4,3537
V18,0,93
V19,0,49.2518
V20,0,0
V21,176.85,176.85
V22,0,0
V23,23606.1,23606.1
pKd,6.93621,16.5029
