DNA,RNA
V2,2996.1,4437.51
V3,11957,27444.8
V4,53,59.5
V5,26,51
V6,0,0
V7,0,0
V18,857,1414
V19,346.804,603.765
V20,11.3,0.13
V21,274.41,274.41
V22,1654.7,2030.6
V23,38719.7,38719.7
pKd,9.26852,-1.36656
