DNA,RNA
V2,1002.01,0
V3,1765.45,-302.853
V4,21,0
V5,9,0
V6,0,0
V7,0,0
V18,228,0
V19,92.3919,0
V20,-2.92,0
V21,1357.56,1357.56
V22,523.2,0
V23,491412,491412
pKd,9.78876,6.46599
