DNA,RNA
V2,0,124.205
V3,-603.177,-417.369
V4,0,0.5
V5,0,1
V6,39325.2,39325.2
V7,5690.4,3537
V18,0,25
V19,0,9.15743
V20,0,-0.64
V21,349.01,349.01
V22,0,55.8
V23,38560.5,38560.5
pKd,6.99628,6.91939
