DNA,RNA
V2,0,952.77
V3,-495.945,3040.54
V4,0,13
V5,0,10
V6,0,0
V7,0,0
V18,0,256
V19,0,98.3286
V20,0,4.82
V21,165.9,165.9
V22,0,471.9
V23,27162.4,27162.4
pKd,6.55084,8.33438
