DNA,RNA
V2,4345.27,793.624
V3,22414.4,1479.2
V4,90,7
V5,44,11
V6,0,0
V7,0,0
V18,1195,220
V19,507.474,84.2861
V20,6.53,2.46
V21,182.48,182.48
V22,1648.7,735.7
V23,29306.7,29306.7
pKd,-5.90961,8.57413
