DNA,RNA
V2,9371.1,46.7502
V3,48477.4,-636.511
V4,62.5,0
V5,1,0
V6,148021,148021
V7,5690.4,3537
V18,2442,7
V19,1038.85,2.17748
V20,28.67,2.21
V21,5435.14,5435.14
V22,5343.6,124.2
V23,662004,662004
pKd,161.412,6.52697
