DNA,RNA
V2,1394.89,8.72125
V3,5929.4,-656.059
V4,24,0
V5,0,0
V6,103214,103214
V7,5690.4,3537
V18,397,0
V19,161.046,0
V20,1.97,0
V21,869.72,869.72
V22,603.3,0
V23,123121,123121
pKd,35.3808,6.54012
