DNA,RNA
V2,0,0
V3,-624.036,-225.564
V4,0,0
V5,0,0
V6,0,0
V7,0,0
V18,1,0
V19,0.369536,0
V20,-1.01,0
V21,939.06,939.06
V22,46.2,0
V23,171052,171052
pKd,6.61089,6.43203
