DNA,RNA
V2,0,0
V3,-203.708,-148.383
V4,0,0
V5,0,0
V6,0,0
V7,0,0
V18,0,0
V19,0,0
V20,0,0
V21,4036.69,4036.69
V22,0,0
V23,555580,555580
pKd,6.42242,6.39811
