DNA,RNA
V2,0,3795.87
V3,-2290.97,15109.5
V4,0,14.5
V5,0,5
V6,0,0
V7,0,0
V18,0,909
V19,0,379.909
V20,0,-17.78
V21,2211.23,2211.23
V22,0,2792.7
V23,298248,298248
pKd,7.33958,5.18647
