DNA,RNA
V2,42.8496,2844.54
V3,-1564,13159.5
V4,6,26
V5,2,22
V6,0,0
V7,0,0
V18,15,757
V19,4.70258,307.188
V20,0.13,5.69
V21,1542.88,1542.88
V22,59.3,824.5
V23,375776,375776
pKd,6.71728,10.5737
