DNA,RNA
V2,0,0
V3,-623.586,-225.443
V4,0,0
V5,0,0
V6,0,0
V7,0,0
V18,1,0
V19,0.369536,0
V20,-1.01,0
V21,940.38,940.38
V22,46.2,0
V23,171054,171054
pKd,6.6107,6.43198
