DNA,RNA
V2,190.829,19.9264
V3,166.666,-285.129
V4,6.5,0
V5,1,0
V6,0,0
V7,0,0
V18,61,0
V19,24.4376,0
V20,-2.42,0
V21,42.93,42.93
V22,242.3,0
V23,9878.5,9878.5
pKd,7.45495,6.41555
