DNA,RNA
V2,533.62,0
V3,2461.97,-523.652
V4,20,0
V5,10,0
V6,0,0
V7,0,0
V18,208,4
V19,85.552,1.41307
V20,3.63,0.13
V21,162.09,162.09
V22,674.1,59.3
V23,22981.7,22981.7
pKd,11.3216,6.53473
