DNA,RNA
V2,104.158,4018.22
V3,-1037.85,20284.6
V4,2,39
V5,2,34
V6,0,0
V7,0,0
V18,14,1113
V19,4.65508,458.045
V20,0.12,22.09
V21,156.78,156.78
V22,117.4,1455.8
V23,20426.7,20426.7
pKd,6.69695,7.30474
