DNA,RNA
V2,4367.1,979.612
V3,21163,3102.53
V4,64.5,23
V5,34,9
V6,0,0
V7,0,0
V18,1180,276
V19,481.841,109.615
V20,3.14,1.26
V21,138.82,138.82
V22,1240.4,779.8
V23,25579.2,25579.2
pKd,6.48556,9.89698
