DNA,RNA
V2,3734.04,4835.12
V3,22040.6,22579.7
V4,58,61
V5,40,49
V6,0,0
V7,0,0
V18,1155,1342
V19,486.516,544.302
V20,4.12,10.6
V21,202.17,202.17
V22,1592.9,1970.4
V23,50088.1,50088.1
pKd,6.93889,2.72442
