DNA,RNA
V2,929.677,50.9557
V3,5767.93,-600.436
V4,18.5,0
V5,19,0
V6,17174.4,17174.4
V7,5690.4,3537
V18,288,4
V19,129.75,1.53884
V20,1.55,0.13
V21,208.38,208.38
V22,525.5,59.3
V23,17277.5,17277.5
pKd,22.3829,6.53592
