DNA,RNA
V2,0,3795.92
V3,-2288.14,15110.8
V4,0,14.5
V5,0,5
V6,0,0
V7,0,0
V18,0,909
V19,0,379.909
V20,0,-17.78
V21,2209.94,2209.94
V22,0,2792.7
V23,298200,298200
pKd,7.33834,5.18614
