DNA,RNA
V2,277.373,30.4987
V3,651.994,-271.968
V4,6.5,0
V5,1,0
V6,10731.3,10731.3
V7,5690.4,3537
V18,57,1
V19,21.6238,0.281094
V20,0.96,0
V21,40.38,40.38
V22,59.6,0
V23,5843.8,5843.8
pKd,7.13268,6.40101
