DNA,RNA
V2,382.466,506.567
V3,2002.13,-25.7502
V4,14,12
V5,2,6
V6,0,0
V7,0,0
V18,161,92
V19,64.0516,32.6166
V20,3.69,-2.46
V21,100.84,100.84
V22,434.3,299.2
V23,12774.8,12774.8
pKd,8.56878,6.37779
