DNA,RNA
V2,0,0
V3,-215.998,-201.055
V4,0,0
V5,0,0
V6,0,0
V7,0,0
V18,0,0
V19,0,0
V20,0,0
V21,2313.49,2313.49
V22,0,0
V23,686397,686397
pKd,6.42783,6.42126
