DNA,RNA
V2,212.694,199.11
V3,-1226.5,51.0626
V4,12,0.5
V5,4,0
V6,0,0
V7,0,0
V18,61,35
V19,21.3614,15.0298
V20,-3.24,1.7
V21,244.02,244.02
V22,215.8,45.1
V23,49254.1,49254.1
pKd,6.63787,7.36682
