DNA,RNA
V2,0,0
V3,-186.784,-102.147
V4,0,0
V5,0,0
V6,7223.1,7223.1
V7,5690.4,3537
V18,0,0
V19,0,0
V20,0,0
V21,64.54,64.54
V22,0,0
V23,4567.1,4567.1
pKd,6.54929,6.45495
