DNA,RNA
V2,108.839,0
V3,-683.716,-323.685
V4,2.5,0
V5,0,0
V6,16043,16043
V7,5690.4,3537
V18,12,0
V19,4.54798,0
V20,-2.42,0
V21,101.68,101.68
V22,163,0
V23,14249.1,14249.1
pKd,6.65091,6.55423
