DNA,RNA
V2,0,99.5494
V3,-438.059,-511.567
V4,0,0
V5,0,0
V6,42820.8,42820.8
V7,5690.4,3537
V18,0,2
V19,0,0.573036
V20,0,0
V21,279.06,279.06
V22,0,0
V23,35457.5,35457.5
pKd,7.1259,6.35074
