DNA,RNA
V2,0,347.892
V3,-394.716,1816.39
V4,0,9
V5,0,3
V6,0,0
V7,0,0
V18,0,98
V19,0,40.2657
V20,0,0.89
V21,99.55,99.55
V22,0,177.8
V23,19654.2,19654.2
pKd,6.50636,8.44803
