DNA,RNA
V2,0,0
V3,-176.478,-99.4986
V4,0,0
V5,0,0
V6,0,0
V7,0,0
V18,0,0
V19,0,0
V20,0,0
V21,65.73,65.73
V22,0,0
V23,14797.3,14797.3
pKd,6.41046,6.37663
