DNA,RNA
V2,2940.22,161.15
V3,12539.2,188.984
V4,38.5,10.5
V5,19,2
V6,0,0
V7,0,0
V18,816,58
V19,330.997,22.109
V20,13.04,-0.22
V21,130.83,130.83
V22,1334,139.2
V23,22191.1,22191.1
pKd,9.55586,7.06547
