DNA,RNA
V2,1404.62,72.5719
V3,6049.69,-672.58
V4,41.5,0
V5,20,1
V6,55015.7,55015.7
V7,5690.4,3537
V18,450,8
V19,179.113,2.45938
V20,6.08,2.19
V21,229.78,229.78
V22,718.3,113
V23,37347.2,37347.2
pKd,27.9983,6.44372
