DNA,RNA
V2,84.6865,0
V3,-326.672,-128.04
V4,2,0
V5,0,0
V6,105369,105369
V7,5690.4,3537
V18,10,0
V19,3.63306,0
V20,-1.01,0
V21,3019.96,3019.96
V22,46.2,0
V23,424148,424148
pKd,8.37864,7.42685
