DNA,RNA
V2,0,61.3814
V3,-84.5145,-287.799
V4,0,1
V5,0,2
V6,12000.9,12000.9
V7,5690.4,3537
V18,0,3
V19,0,0.992963
V20,0,-1.01
V21,51.58,51.58
V22,0,46.2
V23,6889.4,6889.4
pKd,6.63924,6.80174
