DNA,RNA
V2,4679.7,642.223
V3,22375.7,1051.84
V4,61.5,20.5
V5,42,5
V6,0,0
V7,0,0
V18,1248,148
V19,522.104,57.9032
V20,7.26,-3.9
V21,250.49,250.49
V22,1516.2,296.8
V23,38516.4,38516.4
pKd,-0.257702,8.10848
