DNA,RNA
V2,762.549,86.4837
V3,781.095,-318.498
V4,9.5,2.5
V5,3,2
V6,43154.8,43154.8
V7,5690.4,3537
V18,131,15
V19,49.9315,5.62923
V20,5.57,0.78
V21,233.88,233.88
V22,331.7,102.4
V23,30443.6,30443.6
pKd,9.88492,7.27633
