DNA,RNA
V2,4641.29,4007.92
V3,24422.6,24683.2
V4,66,43
V5,45,39
V6,0,0
V7,0,0
V18,1355,1264
V19,566.356,535.579
V20,20.32,8.26
V21,274.81,274.81
V22,1943.3,1753.5
V23,36667.6,36667.6
pKd,-1.61259,7.43959
