DNA,RNA
V2,0,0
V3,-138.248,-68.1885
V4,0,0
V5,0,0
V6,0,0
V7,0,0
V18,0,0
V19,0,0
V20,0,0
V21,62.78,62.78
V22,0,0
V23,6208.9,6208.9
pKd,6.39366,6.36288
