DNA,RNA
V2,2.48535,2.48054
V3,-1549.97,-545.076
V4,1,0
V5,1,0
V6,71400.9,71400.9
V7,5690.4,3537
V18,3,1
V19,0.87836,0.284756
V20,-1.01,0
V21,3688.22,3688.22
V22,46.2,0
V23,420799,420799
pKd,6.4728,6.63327
