DNA,RNA
V2,158.705,109.427
V3,-33.5616,-495.296
V4,3.5,0.5
V5,0,2
V6,0,0
V7,0,0
V18,40,9
V19,17.8598,2.88022
V20,-0.92,0.13
V21,55.77,55.77
V22,177.2,59.3
V23,9595.5,9595.5
pKd,8.05683,6.50574
