DNA,RNA
V2,39.1791,0
V3,-918.439,-372.308
V4,0.5,0
V5,1,0
V6,121106,121106
V7,5690.4,3537
V18,9,0
V19,2.92474,0
V20,0.92,0
V21,3645.87,3645.87
V22,131.3,0
V23,370015,370015
pKd,7.54561,7.10714
