DNA,RNA
V2,338.119,82.3564
V3,163.025,-492.416
V4,13,1
V5,6,0
V6,0,0
V7,0,0
V18,128,6
V19,48.7086,2.17949
V20,-1.82,-0.77
V21,132.19,132.19
V22,409.6,61
V23,15102.9,15102.9
pKd,8.05193,6.36745
