DNA,RNA
V2,17.3426,1.76008
V3,-414.553,-227.525
V4,1,0
V5,1,0
V6,0,0
V7,0,0
V18,3,5
V19,0.891917,1.55888
V20,-1.01,0.13
V21,15.72,15.72
V22,46.2,59.3
V23,9685.2,9685.2
pKd,6.57081,6.25544
