DNA,RNA
V2,62.6185,0
V3,-381.441,-179.222
V4,2.5,0
V5,0,0
V6,9735.9,9735.9
V7,5690.4,3537
V18,3,0
V19,1.0785,0
V20,0,0
V21,65.38,65.38
V22,0,0
V23,7697.9,7697.9
pKd,6.49972,6.49291
