DNA,RNA
V2,249.002,201.447
V3,929.525,-172.154
V4,6.5,1
V5,4,1
V6,0,0
V7,0,0
V18,67,15
V19,26.9688,5.44964
V20,1.18,-0.27
V21,30.07,30.07
V22,119.2,99.2
V23,5188.3,5188.3
pKd,7.97497,6.19898
