DNA,RNA
V2,268.184,506.579
V3,-114.068,2177.43
V4,7,7
V5,2,6
V6,0,0
V7,0,0
V18,49,153
V19,20.3414,62.3921
V20,1.02,4.5
V21,137.47,137.47
V22,238.2,201.3
V23,21321,21321
pKd,7.72446,9.66713
