DNA,RNA
V2,0,0
V3,-245.687,-58.9045
V4,0,0
V5,0,0
V6,132230,132230
V7,5690.4,3537
V18,0,0
V19,0,0
V20,0,0
V21,5508.8,5508.8
V22,0,0
V23,722344,722344
pKd,8.91068,7.84026
