DNA,RNA
V2,4008.02,5653.99
V3,19893.3,24122.6
V4,61,48.5
V5,10,49
V6,0,0
V7,0,0
V18,1131,1428
V19,473.754,583.693
V20,-1.1,18.58
V21,362.52,362.52
V22,1750.5,1903.2
V23,71217.1,71217.1
pKd,1.25226,-5.66227
