DNA,RNA
V2,349.836,0
V3,-3580.43,-288.706
V4,0,0
V5,0,0
V6,106217,106217
V7,5690.4,3537
V18,5,0
V19,1.46416,0
V20,0,0
V21,3566.15,3566.15
V22,0,0
V23,413835,413835
pKd,1.89768,7.16805
