DNA,RNA
V2,85.3671,0
V3,-932.873,-395.338
V4,0,0
V5,0,0
V6,37993.3,37993.3
V7,5690.4,3537
V18,2,0
V19,0.712831,0
V20,0.26,0
V21,224.53,224.53
V22,59.5,0
V23,27836.6,27836.6
pKd,6.6816,6.66247
