DNA,RNA
V2,635.006,8.9688
V3,1298.63,-346.821
V4,11.5,0
V5,7,0
V6,0,0
V7,0,0
V18,160,0
V19,62.72,0
V20,-0.1,0
V21,90.43,90.43
V22,287.2,0
V23,17306,17306
pKd,8.56717,6.46611
