DNA,RNA
V2,0,0
V3,-314,-140.386
V4,0,0
V5,0,0
V6,13522.8,13522.8
V7,5690.4,3537
V18,0,0
V19,0,0
V20,0,0
V21,56.24,56.24
V22,0,0
V23,7318.4,7318.4
pKd,6.67778,6.52328
