DNA,RNA
V2,26.3203,165.939
V3,-601.23,-362.107
V4,4,2
V5,1,1
V6,44851.3,44851.3
V7,5690.4,3537
V18,6,18
V19,1.94359,5.81719
V20,-0.64,1.22
V21,93.99,93.99
V22,55.8,47.5
V23,20587.9,20587.9
pKd,7.12801,6.35295
