DNA,RNA
V2,0,0
V3,-139.947,-100.021
V4,0,0
V5,0,0
V6,0,0
V7,0,0
V18,0,0
V19,0,0
V20,0,0
V21,37.96,37.96
V22,0,0
V23,19132.1,19132.1
pKd,6.39441,6.37686
