DNA,RNA
V2,143.812,90.8882
V3,-125.042,-363.317
V4,5.5,0.5
V5,5,2
V6,25088.2,25088.2
V7,5690.4,3537
V18,36,7
V19,12.7188,2.38105
V20,-1.65,-0.64
V21,180.85,180.85
V22,102,55.8
V23,18953.5,18953.5
pKd,7.79733,6.81115
