DNA,RNA
V2,266.919,117.094
V3,1331.33,-442.605
V4,7.5,0
V5,3,0
V6,0,0
V7,0,0
V18,102,2
V19,41.8511,0.636984
V20,1.23,-0.22
V21,68.36,68.36
V22,326.9,59.9
V23,12584.2,12584.2
pKd,8.78597,6.21523
