DNA,RNA
V2,797.406,124.657
V3,2380.46,-709.67
V4,2.5,2.5
V5,3,0
V6,50524,50524
V7,5690.4,3537
V18,165,19
V19,70.0331,6.18924
V20,4.36,0
V21,442.29,442.29
V22,149.8,0
V23,46233.4,46233.4
pKd,16.2873,6.05577
