DNA,RNA
V2,2657.99,1.69299
V3,16057.1,-475.389
V4,40,0
V5,1,0
V6,0,0
V7,0,0
V18,796,0
V19,342.713,0
V20,-3.31,0
V21,6.92,6.92
V22,1682.3,0
V23,92244.2,92244.2
pKd,10.9033,6.53818
