DNA,RNA
V2,462.707,57.211
V3,-106.486,-543.781
V4,11.5,1.5
V5,5,2
V6,0,0
V7,0,0
V18,102,8
V19,37.7075,2.56732
V20,1.12,-0.6
V21,142.24,142.24
V22,437.8,66
V23,24793.1,24793.1
pKd,6.92035,6.66983
