DNA,RNA
V2,1088.69,1.46569
V3,4965.74,-328.934
V4,19.5,0
V5,12,0
V6,0,0
V7,0,0
V18,301,2
V19,123.918,0.567443
V20,1.07,0
V21,17.04,17.04
V22,524.2,0
V23,10001.1,10001.1
pKd,12.0523,6.36744
