DNA,RNA
V2,369.176,0
V3,-119.696,-550.878
V4,3,0
V5,1,0
V6,0,0
V7,0,0
V18,66,0
V19,27.1,0
V20,1.07,0
V21,1763.24,1763.24
V22,222.2,0
V23,273199,273199
pKd,7.68364,6.57497
