DNA,RNA
V2,0,0
V3,-176.596,-99.6741
V4,0,0
V5,0,0
V6,0,0
V7,0,0
V18,0,0
V19,0,0
V20,0,0
V21,67.86,67.86
V22,0,0
V23,14800.4,14800.4
pKd,6.41051,6.37671
