DNA,RNA
V2,5289.88,3429.96
V3,26419.9,14039.2
V4,62,42
V5,41,26
V6,0,0
V7,0,0
V18,1438,848
V19,598.605,349.28
V20,8.93,7.28
V21,163.6,163.6
V22,1624.1,1346.5
V23,23216.3,23216.3
pKd,-5.07399,8.93741
