DNA,RNA
V2,80.8876,2572.19
V3,-983.872,17169.8
V4,0.5,28.5
V5,0,25
V6,0,0
V7,0,0
V18,1,797
V19,0.289741,347.022
V20,0,3
V21,134.88,134.88
V22,0,817.3
V23,23165.3,23165.3
pKd,6.53499,18.0476
