DNA,RNA
V2,125.978,228.923
V3,-541.399,217.731
V4,0,6.5
V5,0,6
V6,18594,18594
V7,5690.4,3537
V18,26,74
V19,8.95257,27.933
V20,0,2.11
V21,113.04,113.04
V22,0,355.1
V23,11777.2,11777.2
pKd,6.28034,8.45643
