DNA,RNA
V2,277.689,30.4987
V3,636.508,-262.768
V4,6.5,0
V5,1,0
V6,10740.5,10740.5
V7,5690.4,3537
V18,56,1
V19,21.1815,0.281094
V20,0.96,0
V21,41.51,41.51
V22,59.6,0
V23,5851,5851
pKd,7.08504,6.39982
