DNA,RNA
V2,104.301,347.815
V3,-875.207,2038.24
V4,3,13
V5,2,5
V6,0,0
V7,0,0
V18,34,154
V19,11.5565,57.4496
V20,0.84,0.82
V21,1062.44,1062.44
V22,327.4,308.6
V23,251304,251304
pKd,6.39029,7.40079
