DNA,RNA
V2,0,0
V3,-216.013,-201.071
V4,0,0
V5,0,0
V6,0,0
V7,0,0
V18,0,0
V19,0,0
V20,0,0
V21,2315.4,2315.4
V22,0,0
V23,686375,686375
pKd,6.42783,6.42127
