DNA,RNA
V2,797.406,124.657
V3,2380.42,-709.719
V4,2.5,2.5
V5,3,0
V6,50520.8,50520.8
V7,5690.4,3537
V18,165,19
V19,70.0331,6.18924
V20,4.36,0
V21,442.29,442.29
V22,149.8,0
V23,46233.4,46233.4
pKd,16.287,6.05574
