DNA,RNA
V2,0.931757,36.4301
V3,-399.025,-615.263
V4,0,0.5
V5,0,1
V6,0,0
V7,0,0
V18,0,3
V19,0,0.951086
V20,0,-0.99
V21,1857.66,1857.66
V22,0,47.8
V23,318725,318725
pKd,6.50625,6.65514
