DNA,RNA
V2,101.96,347.815
V3,-887.38,2038.3
V4,3,13
V5,3,5
V6,0,0
V7,0,0
V18,34,154
V19,11.4278,57.4496
V20,-0.17,0.82
V21,1059.16,1059.16
V22,373.6,308.6
V23,251296,251296
pKd,6.54093,7.40079
