DNA,RNA
V2,559.501,121.895
V3,-2513.96,83.2203
V4,11.5,4
V5,1,3
V6,0,0
V7,0,0
V18,71,46
V19,24.6327,19.1032
V20,-2.51,-1.01
V21,1493.04,1493.04
V22,217.7,125.5
V23,195896,195896
pKd,5.35877,8.17193
