DNA,RNA
V2,78.8149,81.6585
V3,-618.433,-1091.8
V4,1.5,4.5
V5,1,2
V6,0,0
V7,0,0
V18,15,29
V19,5.45981,9.72546
V20,-0.77,-0.8
V21,869.75,869.75
V22,61,285.3
V23,185016,185016
pKd,6.64961,6.49573
