DNA,RNA
V2,1394.89,8.72125
V3,5928.09,-656.236
V4,24,0
V5,0,0
V6,103274,103274
V7,5690.4,3537
V18,397,0
V19,160.988,0
V20,1.97,0
V21,869.1,869.1
V22,603.3,0
V23,123113,123113
pKd,35.377,6.53983
