DNA,RNA
V2,163.317,0
V3,-187.736,-141.483
V4,3,0
V5,0,0
V6,17981.5,17981.5
V7,5690.4,3537
V18,21,0
V19,7.06451,0
V20,0,0
V21,65.67,65.67
V22,0,0
V23,11780.4,11780.4
pKd,6.22072,6.56616
