DNA,RNA
V2,471.25,12.681
V3,207.878,-551.069
V4,8,0.5
V5,4,0
V6,54635.7,54635.7
V7,5690.4,3537
V18,94,2
V19,34.1789,0.725004
V20,-2.06,0
V21,302.73,302.73
V22,164.1,0
V23,38676.9,38676.9
pKd,9.22678,6.63249
