DNA,RNA
V2,103.056,0
V3,-307.51,-405.228
V4,6,0
V5,3,0
V6,22240.1,22240.1
V7,5690.4,3537
V18,30,0
V19,11.1246,0
V20,0.74,0
V21,193.73,193.73
V22,119.5,0
V23,17299.6,17299.6
pKd,7.60064,6.58588
