DNA,RNA
V2,370.579,0
V3,818.434,-259.425
V4,6,0
V5,1,0
V6,0,0
V7,0,0
V18,88,0
V19,32.3505,0
V20,0.42,0
V21,92.61,92.61
V22,156.7,0
V23,10943.6,10943.6
pKd,5.79436,6.44691
