DNA,RNA
V2,402.042,2.00458
V3,946.127,-521.078
V4,9.5,0
V5,1,0
V6,0,0
V7,0,0
V18,112,0
V19,46.1693,0
V20,1.22,0
V21,49.28,49.28
V22,386.1,0
V23,8622.3,8622.3
pKd,8.45505,6.55759
