DNA,RNA
V2,0,0
V3,-176.722,-99.7794
V4,0,0
V5,0,0
V6,0,0
V7,0,0
V18,0,0
V19,0,0
V20,0,0
V21,64.8,64.8
V22,0,0
V23,14815,14815
pKd,6.41057,6.37676
