DNA,RNA
V2,171.521,0
V3,-186.614,-141.187
V4,3,0
V5,0,0
V6,18011.6,18011.6
V7,5690.4,3537
V18,21,0
V19,7.04916,0
V20,0,0
V21,67.79,67.79
V22,0,0
V23,11758.8,11758.8
pKd,6.1972,6.56645
