DNA,RNA
V2,0,106.278
V3,-284.498,166.47
V4,0.5,4
V5,1,3
V6,73663.6,73663.6
V7,5690.4,3537
V18,10,36
V19,4.30166,13.9945
V20,1.66,-0.04
V21,214.44,214.44
V22,116.8,71.7
V23,42023.2,42023.2
pKd,8.61876,9.16151
