DNA,RNA
V2,2948.62,4431.27
V3,12674,22380.9
V4,37,56
V5,6,51
V6,0,0
V7,0,0
V18,812,1294
V19,333.661,543.187
V20,1.31,14.41
V21,1601.97,1601.97
V22,1663.8,2333.6
V23,215112,215112
pKd,7.86324,0.771141
