DNA,RNA
V2,911.83,21.1969
V3,5010.14,-353.068
V4,14,0
V5,13,0
V6,19895.5,19895.5
V7,5690.4,3537
V18,304,8
V19,127.051,3.05096
V20,-2.97,0
V21,101.26,101.26
V22,595,0
V23,15974.5,15974.5
pKd,18.6599,6.66807
