DNA,RNA
V2,1.10098,0
V3,-259.312,-143.252
V4,0,0
V5,0,0
V6,0,0
V7,0,0
V18,0,0
V19,0,0
V20,0,0
V21,54.52,54.52
V22,0,0
V23,7555.9,7555.9
pKd,6.4445,6.39586
