DNA,RNA
V2,31.4832,35.525
V3,-449.082,-473.248
V4,3,0.5
V5,1,1
V6,0,0
V7,0,0
V18,4,9
V19,1.40511,3.39982
V20,-0.64,0.13
V21,154.22,154.22
V22,55.8,59.3
V23,22479.6,22479.6
pKd,6.64429,6.7707
