DNA,RNA
V2,0,124.205
V3,-603.27,-417.55
V4,0,0.5
V5,0,1
V6,39248.5,39248.5
V7,5690.4,3537
V18,0,25
V19,0,9.15743
V20,0,-0.64
V21,348,348
V22,0,55.8
V23,38527.4,38527.4
pKd,6.99531,6.91848
