DNA,RNA
V2,531.74,4363.29
V3,-321.656,22202.8
V4,10.5,38
V5,1,41
V6,0,0
V7,0,0
V18,81,1225
V19,31.0132,513.564
V20,-2.64,24.49
V21,292.41,292.41
V22,149.8,1673.6
V23,40951.5,40951.5
pKd,6.47152,5.31723
