DNA,RNA
V2,0,0
V3,-314.376,-140.561
V4,0,0
V5,0,0
V6,13581.7,13581.7
V7,5690.4,3537
V18,0,0
V19,0,0
V20,0,0
V21,54.27,54.27
V22,0,0
V23,7308,7308
pKd,6.67882,6.52386
