DNA,RNA
V2,1394.89,8.72125
V3,5929.08,-656.281
V4,24,0
V5,0,0
V6,103247,103247
V7,5690.4,3537
V18,397,0
V19,161.046,0
V20,1.97,0
V21,872.19,872.19
V22,603.3,0
V23,123114,123114
pKd,35.3879,6.53976
