DNA,RNA
V2,0,0
V3,-203.734,-148.395
V4,0,0
V5,0,0
V6,0,0
V7,0,0
V18,0,0
V19,0,0
V20,0,0
V21,4012.29,4012.29
V22,0,0
V23,555706,555706
pKd,6.42244,6.39812
