DNA,RNA
V2,612.648,75.1064
V3,2625.22,-591.363
V4,12.5,0
V5,11,0
V6,19550.3,19550.3
V7,5690.4,3537
V18,205,9
V19,83.6647,2.93681
V20,5.75,-0.04
V21,190.11,190.11
V22,634.6,71.7
V23,17643.2,17643.2
pKd,14.3784,6.23503
