DNA,RNA
V2,1056.52,150.334
V3,6416.48,-386.885
V4,24.5,6
V5,15,2
V6,0,0
V7,0,0
V18,347,27
V19,147.386,9.62463
V20,0.22,-1.37
V21,117.4,117.4
V22,605.3,127
V23,24321.3,24321.3
pKd,14.5794,6.52517
