DNA,RNA
V2,18.8275,608.809
V3,-359.007,4024.69
V4,1.5,8
V5,1,4
V6,15582.8,15582.8
V7,5690.4,3537
V18,1,207
V19,0.346551,83.9212
V20,1.54,2.46
V21,51.69,51.69
V22,55.4,220
V23,8161.6,8161.6
pKd,6.89303,12.1946
