DNA,RNA
V2,0,0
V3,-203.706,-148.381
V4,0,0
V5,0,0
V6,0,0
V7,0,0
V18,0,0
V19,0,0
V20,0,0
V21,4037.79,4037.79
V22,0,0
V23,555572,555572
pKd,6.42242,6.39811
