DNA,RNA
V2,3237.53,3968.67
V3,14639.4,23069.6
V4,48.5,40
V5,32,37
V6,0,0
V7,0,0
V18,919,1222
V19,380.798,508.551
V20,7.63,6.1
V21,150.54,150.54
V22,1888.3,2089.9
V23,21299.9,21299.9
pKd,9.15488,7.98513
