DNA,RNA
V2,13.3595,127.036
V3,-327.602,106.188
V4,0,6
V5,0,2
V6,0,0
V7,0,0
V18,0,40
V19,0,14.9908
V20,0,0.46
V21,189.46,189.46
V22,0,114.4
V23,25456.1,25456.1
pKd,6.44827,6.80141
