DNA,RNA
V2,76.0846,0
V3,-24.0153,-174.862
V4,4.5,0
V5,1,0
V6,36297.9,36297.9
V7,5690.4,3537
V18,15,0
V19,7.46714,0
V20,-0.99,0
V21,137.08,137.08
V22,47.8,0
V23,19808.3,19808.3
pKd,8.65456,6.7304
