DNA,RNA
V2,4358.41,50.5632
V3,27663,-805.356
V4,73.5,1.5
V5,50,3
V6,0,0
V7,0,0
V18,1448,15
V19,611.25,4.93775
V20,3.87,-1.65
V21,185.11,185.11
V22,1926.5,102
V23,51337.3,51337.3
pKd,-3.11245,6.8969
