DNA,RNA
V2,4963.92,3823.93
V3,24752.4,24404.3
V4,79.5,56
V5,61,32
V6,0,0
V7,0,0
V18,1408,1260
V19,584.671,526.591
V20,8.81,9.3
V21,145.14,145.14
V22,1667.8,1378.5
V23,23014.6,23014.6
pKd,-4.36356,6.91048
