DNA,RNA
V2,605.267,206.509
V3,3034.2,-932.707
V4,18.5,5.5
V5,3,1
V6,47485,47485
V7,5690.4,3537
V18,223,26
V19,95.301,8.70467
V20,-0.31,0.25
V21,282.8,282.8
V22,731.2,176.7
V23,45781.7,45781.7
pKd,18.7378,6.04288
