DNA,RNA
V2,926.339,117.471
V3,5673.4,-868.457
V4,15.5,0
V5,9,0
V6,0,0
V7,0,0
V18,306,13
V19,134.844,4.39844
V20,-2.6,0
V21,159.11,159.11
V22,575.6,0
V23,30005.6,30005.6
pKd,15.6727,6.23477
