DNA,RNA
V2,7.10546,276.334
V3,-382.901,-381.576
V4,0,4.5
V5,0,6
V6,0,0
V7,0,0
V18,0,61
V19,0,21.5511
V20,0,3.12
V21,1543.71,1543.71
V22,0,309.5
V23,373047,373047
pKd,6.48595,6.83357
