DNA,RNA
V2,0,0
V3,-244.205,-136.371
V4,0,0
V5,0,0
V6,0,0
V7,0,0
V18,0,0
V19,0,0
V20,0,0
V21,278.97,278.97
V22,0,0
V23,40552.7,40552.7
pKd,6.44022,6.39284
