DNA,RNA
V2,4.69808,567.691
V3,-681.974,2406.07
V4,0,6.5
V5,0,6
V6,62598.3,62598.3
V7,5690.4,3537
V18,3,150
V19,0.912367,64.9615
V20,0.13,0.99
V21,296.53,296.53
V22,59.3,356.3
V23,46077.3,46077.3
pKd,7.12641,17.8519
