DNA,RNA
V2,0,49.4869
V3,-585.965,-617.322
V4,0,1.5
V5,0,1
V6,61374.9,61374.9
V7,5690.4,3537
V18,0,5
V19,0,1.51381
V20,0,-1.01
V21,1059.92,1059.92
V22,0,46.2
V23,138518,138518
pKd,7.2779,6.59111
