DNA,RNA
V2,0,0
V3,-273.651,-112.82
V4,0,0
V5,0,0
V6,0,0
V7,0,0
V18,0,0
V19,0,0
V20,0,0
V21,284.25,284.25
V22,0,0
V23,39910.6,39910.6
pKd,6.45316,6.38249
