DNA,RNA
V2,482.33,4812.73
V3,1028.64,25781.3
V4,14.5,48
V5,11,37
V6,0,0
V7,0,0
V18,182,1360
V19,70.4267,561.101
V20,3.16,17.03
V21,307.41,307.41
V22,603.3,2066.8
V23,34869.1,34869.1
pKd,9.55052,1.64322
