DNA,RNA
V2,0,61.3814
V3,-84.5268,-287.812
V4,0,1
V5,0,2
V6,11978.3,11978.3
V7,5690.4,3537
V18,0,3
V19,0,0.992963
V20,0,-1.01
V21,52.93,52.93
V22,0,46.2
V23,6900.3,6900.3
pKd,6.63875,6.80157
