DNA,RNA
V2,4241.7,4463.82
V3,23035.6,26530.2
V4,48,62
V5,47,53
V6,0,0
V7,0,0
V18,1273,1423
V19,524.832,585.515
V20,1.06,14.07
V21,233.26,233.26
V22,2048,2301.4
V23,33246.1,33246.1
pKd,6.29337,4.89162
