DNA,RNA
V2,62.6185,0
V3,-382.404,-178.881
V4,2.5,0
V5,0,0
V6,9724.8,9724.8
V7,5690.4,3537
V18,3,0
V19,1.0785,0
V20,0,0
V21,65.96,65.96
V22,0,0
V23,7696.7,7696.7
pKd,6.49955,6.49275
