DNA,RNA
V2,3904.08,4521
V3,18448.6,27437.3
V4,52.5,39.5
V5,48,38
V6,0,0
V7,0,0
V18,1081,1422
V19,464.435,591.816
V20,-1.09,7.5
V21,193.92,193.92
V22,1953,2407.2
V23,23931,23931
pKd,3.67067,3.52556
