DNA,RNA
V2,1.10098,0
V3,-258.881,-143.113
V4,0,0
V5,0,0
V6,0,0
V7,0,0
V18,0,0
V19,0,0
V20,0,0
V21,53.85,53.85
V22,0,0
V23,7546,7546
pKd,6.44431,6.3958
