DNA,RNA
V2,512.878,1108.06
V3,1260.18,3074.53
V4,18.5,19
V5,5,11
V6,0,0
V7,0,0
V18,144,247
V19,57.4822,97.9375
V20,2.79,-0.88
V21,192.79,192.79
V22,459,532.4
V23,24367.4,24367.4
pKd,8.71936,9.60821
