DNA,RNA
V2,445.758,11.9288
V3,2985.86,-512.933
V4,14.5,0
V5,10,0
V6,0,0
V7,0,0
V18,176,4
V19,79.317,1.37284
V20,-3.37,0
V21,138.35,138.35
V22,335,0
V23,15449.8,15449.8
pKd,14.1474,6.47744
