DNA,RNA
V2,519.053,0.563518
V3,1760.71,-252.542
V4,8,0
V5,2,0
V6,13858.9,13858.9
V7,5690.4,3537
V18,149,0
V19,59.1755,0
V20,3.91,0
V21,107.29,107.29
V22,248.6,0
V23,9478.5,9478.5
pKd,9.69322,6.53411
