DNA,RNA
V2,387.977,0
V3,897.888,-369.162
V4,14.5,0
V5,5,0
V6,0,0
V7,0,0
V18,100,2
V19,40.0189,0.660864
V20,0.01,-0.81
V21,50.83,50.83
V22,321.1,132.7
V23,11143,11143
pKd,8.40873,6.45054
