DNA,RNA
V2,84.6865,0
V3,-326.683,-128.043
V4,2,0
V5,0,0
V6,105361,105361
V7,5690.4,3537
V18,10,0
V19,3.63306,0
V20,-1.01,0
V21,3006.55,3006.55
V22,46.2,0
V23,423958,423958
pKd,8.37846,7.42677
