DNA,RNA
V2,9.39694,2161.85
V3,-2323.9,7702.2
V4,0.5,12.5
V5,0,1
V6,0,0
V7,0,0
V18,3,435
V19,1.18349,199.786
V20,0,-6.28
V21,4927.61,4927.61
V22,0,2104.1
V23,639048,639048
pKd,7.36423,16.9513
