DNA,RNA
V2,0,235.901
V3,-433.637,-259.535
V4,0,13.5
V5,0,3
V6,0,0
V7,0,0
V18,0,90
V19,0,32.9066
V20,0,-3.3
V21,130.76,130.76
V22,0,442.6
V23,39727.8,39727.8
pKd,6.52346,6.80224
