DNA,RNA
V2,56.9132,20.3248
V3,-323.186,-441.541
V4,1,6.5
V5,0,1
V6,0,0
V7,0,0
V18,11,15
V19,4.7559,5.17313
V20,0,-1.61
V21,244.76,244.76
V22,0,112.2
V23,43716.5,43716.5
pKd,6.84271,6.52172
