DNA,RNA
V2,56.0238,328.335
V3,-152.994,-785.185
V4,6.5,2
V5,4,4
V6,0,0
V7,0,0
V18,38,75
V19,13.7573,25.8534
V20,-1.05,2.02
V21,89.27,89.27
V22,117.9,322.1
V23,28335.8,28335.8
pKd,7.15116,5.86237
