DNA,RNA
V2,1152.52,5692.34
V3,1938.44,31158.7
V4,34,58.5
V5,7,53
V6,0,0
V7,0,0
V18,228,1603
V19,88.5161,671.543
V20,-1.41,29.93
V21,309.31,309.31
V22,488.5,2549.5
V23,49048.3,49048.3
pKd,8.56005,-8.65754
