DNA,RNA
V2,403.549,483.936
V3,2032.7,-16.3116
V4,15,12
V5,2,6
V6,0,0
V7,0,0
V18,168,92
V19,66.1852,32.6166
V20,3.69,-2.46
V21,97.57,97.57
V22,434.3,299.2
V23,12782.8,12782.8
pKd,8.35835,6.41958
