DNA,RNA
V2,5045.68,3556.31
V3,23810.7,18399.7
V4,55,37.5
V5,44,35
V6,0,0
V7,0,0
V18,1412,1074
V19,578.673,440.814
V20,21.06,13.66
V21,188.04,188.04
V22,2045.8,1477.1
V23,26606.9,26606.9
pKd,-2.04735,9.51963
