DNA,RNA
V2,4862.68,4073.35
V3,22121.2,22635.9
V4,62.5,63.5
V5,2,41
V6,0,0
V7,0,0
V18,1405,1182
V19,574.053,487.866
V20,19.09,3.11
V21,628.12,628.12
V22,3343,1879.4
V23,126560,126560
pKd,-5.93267,8.35703
