DNA,RNA
V2,0,0
V3,-245.709,-58.9116
V4,0,0
V5,0,0
V6,132202,132202
V7,5690.4,3537
V18,0,0
V19,0,0
V20,0,0
V21,5523.45,5523.45
V22,0,0
V23,722303,722303
pKd,8.91011,7.83993
