DNA,RNA
V2,379.303,175.3
V3,1355.37,-672.659
V4,19.5,7.5
V5,6,4
V6,0,0
V7,0,0
V18,146,36
V19,58.5254,11.5138
V20,-2.99,-1.76
V21,49.63,49.63
V22,258,151.9
V23,12224,12224
pKd,9.25726,6.21809
