DNA,RNA
V2,0,0
V3,-262.06,-153.868
V4,0,0
V5,0,0
V6,0,0
V7,0,0
V18,0,0
V19,0,0
V20,0,0
V21,63.46,63.46
V22,0,0
V23,9507.3,9507.3
pKd,6.44806,6.40053
