DNA,RNA
V2,9398.66,46.7502
V3,48443.2,-636.778
V4,62.5,0
V5,1,0
V6,147973,147973
V7,5690.4,3537
V18,2442,7
V19,1038.85,2.17748
V20,28.67,2.21
V21,5487.66,5487.66
V22,5343.6,124.2
V23,661906,661906
pKd,160.846,6.52621
