DNA,RNA
V2,284.835,326.668
V3,-625.957,-901.926
V4,10.5,0.5
V5,7,0
V6,51510.4,51510.4
V7,5690.4,3537
V18,55,30
V19,21.7522,11.4883
V20,-0.01,-0.22
V21,283.81,283.81
V22,395.5,59.9
V23,40691.4,40691.4
pKd,9.63899,6.48121
