DNA,RNA
V2,401.146,1.47453
V3,1468.64,-292.939
V4,7.5,0
V5,2,0
V6,0,0
V7,0,0
V18,132,10
V19,53.3454,3.83051
V20,-2.25,-1.37
V21,52.17,52.17
V22,597.3,127
V23,8962.2,8962.2
pKd,8.51324,6.58624
