DNA,RNA
V2,4367.1,975.205
V3,21164.2,3109.36
V4,64.5,23
V5,34,9
V6,0,0
V7,0,0
V18,1180,276
V19,481.841,109.615
V20,3.14,1.26
V21,138.66,138.66
V22,1240.4,779.8
V23,25589.5,25589.5
pKd,6.48735,9.90875
