DNA,RNA
V2,21.7193,452.292
V3,-962.834,1370.64
V4,0.5,12.5
V5,0,4
V6,0,0
V7,0,0
V18,7,130
V19,2.28367,50.9989
V20,-1.01,-2.77
V21,148.42,148.42
V22,46.2,309.2
V23,25933.2,25933.2
pKd,6.52622,8.05468
