DNA,RNA
V2,336.401,82.3564
V3,125.628,-492.46
V4,13,1
V5,6,0
V6,0,0
V7,0,0
V18,128,6
V19,48.6146,2.17949
V20,-1.82,-0.77
V21,131.06,131.06
V22,409.6,61
V23,15095.7,15095.7
pKd,8.01486,6.36746
