DNA,RNA
V2,406.94,228.987
V3,1500.32,-49.1735
V4,6,3.5
V5,2,1
V6,0,0
V7,0,0
V18,85,41
V19,37.9413,16.8894
V20,3.3,-1.01
V21,98.62,98.62
V22,290.9,46.2
V23,23747.5,23747.5
pKd,9.52259,7.31814
