DNA,RNA
V2,0,0
V3,-176.703,-99.7261
V4,0,0
V5,0,0
V6,0,0
V7,0,0
V18,0,0
V19,0,0
V20,0,0
V21,65.16,65.16
V22,0,0
V23,14807.4,14807.4
pKd,6.41056,6.37673
