DNA,RNA
V2,16.2407,4.3417
V3,-133.167,-159.502
V4,3.5,0
V5,0,0
V6,0,0
V7,0,0
V18,13,0
V19,5.54655,0
V20,0.13,0
V21,58.09,58.09
V22,59.3,0
V23,7303.2,7303.2
pKd,6.87712,6.39371
