DNA,RNA
V2,0,0
V3,-243.963,-136.305
V4,0,0
V5,0,0
V6,0,0
V7,0,0
V18,0,0
V19,0,0
V20,0,0
V21,277,277
V22,0,0
V23,40570.9,40570.9
pKd,6.44011,6.39281
