DNA,RNA
V2,0,113.49
V3,-81.0738,-252.706
V4,0,0
V5,0,0
V6,35445,35445
V7,5690.4,3537
V18,0,2
V19,0,0.601436
V20,0,0
V21,230.95,230.95
V22,0,0
V23,30123.7,30123.7
pKd,7.15309,6.40372
