DNA,RNA
V2,9.91282,454.016
V3,-470.538,1923.74
V4,0,4
V5,0,0
V6,32258.7,32258.7
V7,5690.4,3537
V18,0,93
V19,0,49.2518
V20,0,0
V21,177.74,177.74
V22,0,0
V23,23598.9,23598.9
pKd,6.93574,16.5007
