DNA,RNA
V2,3396.97,475.67
V3,14728.2,75.2824
V4,58.5,14.5
V5,32,2
V6,0,0
V7,0,0
V18,793,75
V19,338.207,27.4943
V20,5.06,2.25
V21,130.51,130.51
V22,912.6,249.9
V23,18013.2,18013.2
pKd,7.98541,6.23902
