DNA,RNA
V2,471.25,12.681
V3,207.3,-551.352
V4,8,0.5
V5,4,0
V6,54566.1,54566.1
V7,5690.4,3537
V18,94,2
V19,34.1789,0.725004
V20,-2.06,0
V21,301.87,301.87
V22,164.1,0
V23,38686.3,38686.3
pKd,9.22261,6.63213
