DNA,RNA
V2,94.0419,0
V3,-213.987,-132.077
V4,0,0
V5,0,0
V6,5026.1,5026.1
V7,5690.4,3537
V18,9,0
V19,2.87773,0
V20,0,0
V21,38.2,38.2
V22,0,0
V23,2733,2733
pKd,6.07422,6.43954
