DNA,RNA
V2,3208.68,779.06
V3,13848,1061.73
V4,53.5,11.5
V5,41,3
V6,0,0
V7,0,0
V18,993,132
V19,401.981,52.8379
V20,0.76,-1.36
V21,129.12,129.12
V22,1692.4,251.7
V23,28228.3,28228.3
pKd,9.32371,7.67471
