DNA,RNA
V2,0,6.02489
V3,-966.387,-1069.07
V4,0,0
V5,0,0
V6,82351.7,82351.7
V7,5690.4,3537
V18,0,5
V19,0,1.52127
V20,0,-1.01
V21,2100.49,2100.49
V22,0,46.2
V23,260848,260848
pKd,7.05352,5.95399
