DNA,RNA
V2,245.205,70.4329
V3,-565.784,-211.968
V4,7.5,1
V5,5,0
V6,21997.3,21997.3
V7,5690.4,3537
V18,36,7
V19,12.542,2.70759
V20,-2.64,0
V21,135.4,135.4
V22,222.9,0
V23,16542.1,16542.1
pKd,7.30435,6.60738
