DNA,RNA
V2,148.594,894.372
V3,621.805,1743.7
V4,0.5,11
V5,0,5
V6,0,0
V7,0,0
V18,60,173
V19,22.9538,66.2675
V20,0.89,2.24
V21,44.8,44.8
V22,177.8,289.2
V23,6695.2,6695.2
pKd,6.45429,6.89112
