DNA,RNA
V2,0,0
V3,-532.648,-102.784
V4,0,0
V5,0,0
V6,161305,161305
V7,5690.4,3537
V18,0,0
V19,0,0
V20,0,0
V21,5503.71,5503.71
V22,0,0
V23,739131,739131
pKd,8.66536,8.04599
