DNA,RNA
V2,1132.19,226.314
V3,3614.49,-537.999
V4,32,0.5
V5,15,1
V6,21571.7,21571.7
V7,5690.4,3537
V18,280,22
V19,112.196,7.61332
V20,-0.65,2.51
V21,116.04,116.04
V22,649.1,107.6
V23,16108.1,16108.1
pKd,15.4809,6.19329
