DNA,RNA
V2,0,0
V3,-216.004,-201.062
V4,0,0
V5,0,0
V6,0,0
V7,0,0
V18,0,0
V19,0,0
V20,0,0
V21,2306.26,2306.26
V22,0,0
V23,686301,686301
pKd,6.42783,6.42126
