DNA,RNA
V2,4.49445,36.4301
V3,-399.511,-615.036
V4,0,0.5
V5,0,1
V6,0,0
V7,0,0
V18,0,3
V19,0,0.951086
V20,0,-0.99
V21,1857.32,1857.32
V22,0,47.8
V23,318730,318730
pKd,6.49884,6.65504
