DNA,RNA
V2,390.668,326.517
V3,476.264,-262.691
V4,18,2
V5,1,3
V6,0,0
V7,0,0
V18,89,38
V19,34.4054,14.0264
V20,-1.06,0.47
V21,127.71,127.71
V22,158.6,151.2
V23,21513.4,21513.4
pKd,7.01443,6.52929
