DNA,RNA
V2,724.41,72.3158
V3,242.509,-676.293
V4,9,0
V5,3,0
V6,0,0
V7,0,0
V18,133,3
V19,47.7201,0.994389
V20,2.38,0
V21,80.96,80.96
V22,320.5,0
V23,14552.2,14552.2
pKd,5.10517,6.40949
