DNA,RNA
V2,314.713,254.995
V3,984.131,2147.37
V4,13.5,6
V5,5,3
V6,0,0
V7,0,0
V18,119,103
V19,49.155,42.3942
V20,-0.72,-0.45
V21,25.6,25.6
V22,337.8,329.1
V23,10041.5,10041.5
pKd,9.52607,8.71868
