DNA,RNA
V2,834.477,24.4408
V3,2185.52,-513.417
V4,18.5,0
V5,8,0
V6,0,0
V7,0,0
V18,196,3
V19,84.1449,1.08072
V20,0.58,0
V21,111.04,111.04
V22,501.2,0
V23,17536.5,17536.5
pKd,11.4108,6.49857
