DNA,RNA
V2,52.5258,1441.04
V3,-348.932,8782.7
V4,6.5,32.5
V5,0,21
V6,0,0
V7,0,0
V18,20,443
V19,7.40729,184.033
V20,0.97,0.94
V21,59.68,59.68
V22,185,853.5
V23,8160.9,8160.9
pKd,6.46149,15.0243
