DNA,RNA
V2,2414.15,9.68985
V3,14124.7,-450.239
V4,41.5,0
V5,20,1
V6,0,0
V7,0,0
V18,638,6
V19,274.396,2.33975
V20,14.68,0.68
V21,59.52,59.52
V22,802.1,171.1
V23,10348,10348
pKd,14.447,6.84171
