DNA,RNA
V2,0,1990.31
V3,-972.376,12790.6
V4,0,31.5
V5,0,19
V6,42339.4,42339.4
V7,5690.4,3537
V18,4,620
V19,1.67457,266.853
V20,0,6.55
V21,223.45,223.45
V22,0,871.5
V23,30809.1,30809.1
pKd,7.03041,35.4179
