DNA,RNA
V2,0,0
V3,-245.685,-58.9045
V4,0,0
V5,0,0
V6,132221,132221
V7,5690.4,3537
V18,0,0
V19,0,0
V20,0,0
V21,5518.66,5518.66
V22,0,0
V23,722372,722372
pKd,8.91052,7.84016
