DNA,RNA
V2,2659.29,1775.81
V3,-3519.07,4594.21
V4,8.5,6
V5,0,2
V6,0,0
V7,0,0
V18,304,459
V19,96.397,173.187
V20,-8.39,-7.94
V21,1646.64,1646.64
V22,1199.7,1792.9
V23,425213,425213
pKd,-8.09526,2.00863
