DNA,RNA
V2,1394.89,8.72125
V3,5926.48,-656.464
V4,24,0
V5,0,0
V6,103377,103377
V7,5690.4,3537
V18,397,0
V19,161.046,0
V20,1.97,0
V21,871.22,871.22
V22,603.3,0
V23,123089,123089
pKd,35.4126,6.53945
