DNA,RNA
V2,0,952.77
V3,-496.027,3040.48
V4,0,13
V5,0,10
V6,0,0
V7,0,0
V18,0,256
V19,0,98.3286
V20,0,4.82
V21,167.29,167.29
V22,0,471.9
V23,27149.3,27149.3
pKd,6.55087,8.33439
