DNA,RNA
V2,743.538,51.956
V3,2120.83,-786.026
V4,12,1.5
V5,7,2
V6,0,0
V7,0,0
V18,170,9
V19,71.4541,3.85277
V20,1.68,-0.64
V21,1040.77,1040.77
V22,221.1,55.8
V23,164327,164327
pKd,10.5858,7.36752
