DNA,RNA
V2,142.015,90.8882
V3,-350.346,-361.987
V4,2,0.5
V5,0,2
V6,25163.1,25163.1
V7,5690.4,3537
V18,31,7
V19,10.3169,2.38105
V20,-2,-0.64
V21,180.6,180.6
V22,94,55.8
V23,18946.7,18946.7
pKd,6.1926,6.81189
