DNA,RNA
V2,931.9,89.5231
V3,2869.19,-427.288
V4,17.5,0
V5,11,1
V6,0,0
V7,0,0
V18,240,11
V19,92.8647,3.77428
V20,0.42,-0.81
V21,89.15,89.15
V22,531.7,132.7
V23,15178.8,15178.8
pKd,9.06075,6.3999
