DNA,RNA
V2,4.51098,910.665
V3,-340.623,5629.17
V4,0,18
V5,0,7
V6,43297.8,43297.8
V7,5690.4,3537
V18,0,288
V19,0,121.337
V20,0,2.93
V21,230.2,230.2
V22,0,351.8
V23,28272.8,28272.8
pKd,7.17698,21.5674
