DNA,RNA
V2,710.913,98.0302
V3,2354.22,-634.928
V4,8,3
V5,7,0
V6,0,0
V7,0,0
V18,194,15
V19,78.1661,5.17053
V20,4.66,1.22
V21,56.3,56.3
V22,717.3,47.5
V23,8417.2,8417.2
pKd,9.65544,6.20773
