DNA,RNA
V2,85.3671,0
V3,-932.787,-395.251
V4,0,0
V5,0,0
V6,37988.7,37988.7
V7,5690.4,3537
V18,2,0
V19,0.712831,0
V20,0.26,0
V21,225.14,225.14
V22,59.5,0
V23,27837.1,27837.1
pKd,6.68161,6.66249
