DNA,RNA
V2,0,0
V3,-262.397,-153.974
V4,0,0
V5,0,0
V6,0,0
V7,0,0
V18,0,0
V19,0,0
V20,0,0
V21,66.72,66.72
V22,0,0
V23,9513.6,9513.6
pKd,6.44821,6.40057
