DNA,RNA
V2,526.528,137.493
V3,591.928,272.993
V4,6.5,0
V5,0,0
V6,0,0
V7,0,0
V18,143,57
V19,56.6968,23.5372
V20,-0.51,0.88
V21,981.08,981.08
V22,760.2,171
V23,262795,262795
pKd,7.61024,7.73875
