DNA,RNA
V2,1133.04,226.314
V3,3619.79,-533.791
V4,32,0.5
V5,15,1
V6,21497.4,21497.4
V7,5690.4,3537
V18,280,22
V19,112.196,7.61332
V20,-0.65,2.51
V21,117.82,117.82
V22,649.1,107.6
V23,16144.7,16144.7
pKd,15.4732,6.19305
