DNA,RNA
V2,733.626,64.4733
V3,419.817,-677.814
V4,13.5,0.5
V5,5,0
V6,0,0
V7,0,0
V18,151,2
V19,54.5568,0.713636
V20,3.15,0
V21,81.18,81.18
V22,332.6,0
V23,14556.9,14556.9
pKd,5.88873,6.47901
