DNA,RNA
V2,18.8275,608.809
V3,-359.47,4024.14
V4,1.5,8
V5,1,4
V6,15612.3,15612.3
V7,5690.4,3537
V18,1,207
V19,0.346551,83.9212
V20,1.54,2.46
V21,51.74,51.74
V22,55.4,220
V23,8165.1,8165.1
pKd,6.89351,12.1987
