DNA,RNA
V2,382.466,483.936
V3,2002.61,-15.6329
V4,14,12
V5,2,6
V6,0,0
V7,0,0
V18,161,92
V19,64.0516,32.6166
V20,3.69,-2.46
V21,98.29,98.29
V22,434.3,299.2
V23,12754.9,12754.9
pKd,8.56877,6.41952
