DNA,RNA
V2,1394.89,8.72125
V3,5929.13,-656.262
V4,24,0
V5,0,0
V6,103240,103240
V7,5690.4,3537
V18,397,0
V19,161.046,0
V20,1.97,0
V21,867.17,867.17
V22,603.3,0
V23,123109,123109
pKd,35.3864,6.53979
