DNA,RNA
V2,5242.18,53.861
V3,29855.2,-486.498
V4,76,0
V5,49,0
V6,72841.2,72841.2
V7,5690.4,3537
V18,1531,5
V19,646.992,1.58805
V20,3.65,-0.99
V21,131.87,131.87
V22,1645.8,47.8
V23,37521.9,37521.9
pKd,67.2848,6.56694
