DNA,RNA
V2,0,955.745
V3,-495.972,3041.23
V4,0,13
V5,0,10
V6,0,0
V7,0,0
V18,0,256
V19,0,98.3286
V20,0,4.82
V21,166.73,166.73
V22,0,471.9
V23,27146.5,27146.5
pKd,6.55085,8.32627
