DNA,RNA
V2,13.3595,127.036
V3,-327.565,106.319
V4,0,6
V5,0,2
V6,0,0
V7,0,0
V18,0,40
V19,0,14.9908
V20,0,0.46
V21,188.74,188.74
V22,0,114.4
V23,25484,25484
pKd,6.44825,6.80137
