DNA,RNA
V2,3635.7,4590.11
V3,17287,19744.8
V4,49,47.5
V5,28,39
V6,0,0
V7,0,0
V18,946,1248
V19,392.859,510.546
V20,7.82,8.53
V21,1060.79,1060.79
V22,999.7,1492.3
V23,151560,151560
pKd,8.82774,1.19244
