DNA,RNA
V2,123.187,766.988
V3,-666.41,3907.11
V4,1.5,6.5
V5,1,6
V6,52234.5,52234.5
V7,5690.4,3537
V18,13,199
V19,4.18462,85.0603
V20,-1.37,2.53
V21,299.17,299.17
V22,127,324.5
V23,43968.7,43968.7
pKd,6.90998,19.3684
