DNA,RNA
V2,848.054,28.8075
V3,3317.32,-493.039
V4,28,0.5
V5,14,0
V6,0,0
V7,0,0
V18,289,5
V19,117.784,1.79245
V20,1.91,-0.64
V21,65.6,65.6
V22,586.5,55.8
V23,13597,13597
pKd,11.7983,6.46751
