DNA,RNA
V2,471.25,12.681
V3,208.023,-550.988
V4,8,0.5
V5,4,0
V6,54592.9,54592.9
V7,5690.4,3537
V18,94,2
V19,34.1789,0.725004
V20,-2.06,0
V21,302.89,302.89
V22,164.1,0
V23,38678.9,38678.9
pKd,9.22471,6.63245
