DNA,RNA
V2,184.815,0
V3,-526.196,-220.231
V4,3.5,0
V5,1,0
V6,0,0
V7,0,0
V18,31,0
V19,10.2601,0
V20,-0.69,0
V21,93.36,93.36
V22,185.2,0
V23,14348,14348
pKd,5.76301,6.42969
