DNA,RNA
V2,0,67.494
V3,-153.949,-236.327
V4,0,4
V5,0,3
V6,19478.3,19478.3
V7,5690.4,3537
V18,0,22
V19,0,7.32976
V20,0,-1.01
V21,121.84,121.84
V22,0,46.2
V23,16436.8,16436.8
pKd,6.7965,6.82591
