DNA,RNA
V2,916.423,115.857
V3,4455.97,-491.327
V4,13.5,0
V5,7,0
V6,17457.5,17457.5
V7,5690.4,3537
V18,224,4
V19,93.4462,1.28655
V20,6.59,0.31
V21,93.28,93.28
V22,466.4,58.2
V23,9936.5,9936.5
pKd,14.7172,6.23668
