DNA,RNA
V2,0,0
V3,-532.681,-102.789
V4,0,0
V5,0,0
V6,161312,161312
V7,5690.4,3537
V18,0,0
V19,0,0
V20,0,0
V21,5472.16,5472.16
V22,0,0
V23,739400,739400
pKd,8.66536,8.04604
