DNA,RNA
V2,4587.7,4671.76
V3,23533.7,28255.5
V4,80,55.5
V5,46,42
V6,0,0
V7,0,0
V18,1361,1425
V19,563.703,596.68
V20,-2.7,11.66
V21,288.52,288.52
V22,1987.2,1767.6
V23,44827.9,44827.9
pKd,-2.02832,1.54208
