DNA,RNA
V2,797.406,124.657
V3,2380.22,-709.823
V4,2.5,2.5
V5,3,0
V6,50510,50510
V7,5690.4,3537
V18,165,19
V19,70.0331,6.18924
V20,4.36,0
V21,442.81,442.81
V22,149.8,0
V23,46224.9,46224.9
pKd,16.2856,6.05562
