DNA,RNA
V2,1394.89,8.72125
V3,5929.13,-656.267
V4,24,0
V5,0,0
V6,103214,103214
V7,5690.4,3537
V18,397,0
V19,161.046,0
V20,1.97,0
V21,878.06,878.06
V22,603.3,0
V23,123139,123139
pKd,35.3802,6.53979
