DNA,RNA
V2,1394.89,8.72125
V3,5929.1,-656.277
V4,24,0
V5,0,0
V6,103286,103286
V7,5690.4,3537
V18,397,0
V19,161.046,0
V20,1.97,0
V21,868.29,868.29
V22,603.3,0
V23,123084,123084
pKd,35.3972,6.53976
