DNA,RNA
V2,103.098,0
V3,-307.468,-409.786
V4,6,0
V5,3,0
V6,22297.4,22297.4
V7,5690.4,3537
V18,31,1
V19,11.441,0.382633
V20,0.74,0
V21,194.3,194.3
V22,119.5,0
V23,17292.5,17292.5
pKd,7.58084,6.60403
