DNA,RNA
V2,5092.46,5300.6
V3,25749.9,33472.1
V4,81,54.5
V5,53,45
V6,0,0
V7,0,0
V18,1381,1572
V19,572.4,672.614
V20,6.7,10.32
V21,148.45,148.45
V22,1746.7,1946.1
V23,21616.2,21616.2
pKd,-1.37862,-5.90139
