DNA,RNA
V2,2096.58,14.3249
V3,11463,-733.321
V4,33.5,0
V5,26,0
V6,0,0
V7,0,0
V18,640,6
V19,271.159,2.28764
V20,-0.96,0.26
V21,186.15,186.15
V22,1122.9,59.5
V23,23420.5,23420.5
pKd,15.5075,6.69363
