DNA,RNA
V2,104.953,0
V3,-213.115,-134.152
V4,0,0
V5,0,0
V6,20223.2,20223.2
V7,5690.4,3537
V18,9,0
V19,3.8458,0
V20,0,0
V21,73.86,73.86
V22,0,0
V23,10388.9,10388.9
pKd,7.02743,6.58798
