DNA,RNA
V2,8244.57,557.867
V3,48740.4,0.945444
V4,111.5,6
V5,86,4
V6,0,0
V7,0,0
V18,2433,146
V19,1024.46,54.1788
V20,9.61,-4.17
V21,178.42,178.42
V22,2406.9,512.2
V23,24386,24386
pKd,-67.5097,6.50718
