DNA,RNA
V2,2286.68,177.201
V3,14562.1,-952.558
V4,56,6.5
V5,32,3
V6,0,0
V7,0,0
V18,691,25
V19,309.371,8.18133
V20,-5.67,-1.28
V21,154.95,154.95
V22,1037,176.1
V23,32549.2,32549.2
pKd,10.4249,6.42968
