DNA,RNA
V2,4242.2,4463.8
V3,23028.2,26523.8
V4,48,62
V5,47,53
V6,0,0
V7,0,0
V18,1273,1423
V19,524.832,585.516
V20,1.06,14.07
V21,232.26,232.26
V22,2048,2301.4
V23,33245,33245
pKd,6.28275,4.88227
