DNA,RNA
V2,268.184,506.21
V3,-112.148,2185.29
V4,7,7
V5,2,6
V6,0,0
V7,0,0
V18,49,153
V19,20.3414,62.3921
V20,1.02,4.5
V21,138.95,138.95
V22,238.2,201.3
V23,21315.1,21315.1
pKd,7.72402,9.66628
