DNA,RNA
V2,5085.13,155.217
V3,27752.3,-442.338
V4,62.5,0
V5,53,0
V6,0,0
V7,0,0
V18,1443,40
V19,609.086,15.1504
V20,4.59,4.29
V21,227.79,227.79
V22,1411.8,208.6
V23,43892.6,43892.6
pKd,-4.53787,6.55996
