DNA,RNA
V2,3168.45,858.615
V3,14513.7,2088.83
V4,72,15
V5,29,11
V6,0,0
V7,0,0
V18,915,196
V19,375.781,78.5949
V20,-2.37,-3.95
V21,140.24,140.24
V22,1674.9,445.7
V23,21241.1,21241.1
pKd,8.39904,9.94642
