DNA,RNA
V2,8.37874,0
V3,-219.849,-141.126
V4,0,0
V5,0,0
V6,14660.9,14660.9
V7,5690.4,3537
V18,0,0
V19,0,0
V20,0,0
V21,60.35,60.35
V22,0,0
V23,7396.4,7396.4
pKd,6.68161,6.53427
