DNA,RNA
V2,4099.71,5155.5
V3,25873.2,34760.6
V4,62,69
V5,45,58
V6,0,0
V7,0,0
V18,1231,1573
V19,529.99,670.122
V20,6.78,6.02
V21,108,108
V22,1591,1800.4
V23,16400.3,16400.3
pKd,2.85546,-4.35928
