DNA,RNA
V2,406.94,228.987
V3,1498.82,-49.5795
V4,6,3.5
V5,2,1
V6,0,0
V7,0,0
V18,85,41
V19,37.9413,16.8894
V20,3.3,-1.01
V21,100.9,100.9
V22,290.9,46.2
V23,23760.1,23760.1
pKd,9.52298,7.31827
