DNA,RNA
V2,0,0
V3,-116.126,-191.796
V4,0,0
V5,0,0
V6,0,0
V7,0,0
V18,0,0
V19,0,0
V20,0,0
V21,1367.68,1367.68
V22,0,0
V23,284759,284759
pKd,6.38394,6.41719
