DNA,RNA
V2,702.637,67.4001
V3,3081.4,-615.381
V4,19,4
V5,10,1
V6,84522.1,84522.1
V7,5690.4,3537
V18,256,26
V19,103.577,9.02554
V20,0.83,-1.01
V21,406.74,406.74
V22,787.6,125.5
V23,69698.7,69698.7
pKd,24.3425,6.97695
