DNA,RNA
V2,1394.89,8.72125
V3,5927.75,-656.598
V4,24,0
V5,0,0
V6,103267,103267
V7,5690.4,3537
V18,397,0
V19,161.046,0
V20,1.97,0
V21,869.16,869.16
V22,603.3,0
V23,123305,123305
pKd,35.3895,6.53925
