DNA,RNA
V2,4.69808,567.691
V3,-682.417,2405.86
V4,0,6.5
V5,0,6
V6,62602.2,62602.2
V7,5690.4,3537
V18,3,150
V19,0.912367,64.9615
V20,0.13,0.99
V21,297.27,297.27
V22,59.3,356.3
V23,46091,46091
pKd,7.12605,17.852
