DNA,RNA
V2,9.91282,453.824
V3,-471.023,1920.39
V4,0,4
V5,0,0
V6,32311.3,32311.3
V7,5690.4,3537
V18,0,93
V19,0,49.2508
V20,0,0
V21,177.15,177.15
V22,0,0
V23,23574.1,23574.1
pKd,6.93635,16.5031
