DNA,RNA
V2,314.713,254.995
V3,983.946,2147.34
V4,13.5,6
V5,5,3
V6,0,0
V7,0,0
V18,119,103
V19,49.155,42.3942
V20,-0.72,-0.45
V21,26.51,26.51
V22,337.8,329.1
V23,10030.8,10030.8
pKd,9.52607,8.71869
