DNA,RNA
V2,116.869,0
V3,-694.293,-324.728
V4,2.5,0
V5,0,0
V6,16099,16099
V7,5690.4,3537
V18,12,0
V19,4.54798,0
V20,-2.42,0
V21,99.33,99.33
V22,163,0
V23,14232.1,14232.1
pKd,6.63597,6.55461
