DNA,RNA
V2,2072.18,55.1932
V3,7330.96,-291.186
V4,34.5,0
V5,16,0
V6,0,0
V7,0,0
V18,463,12
V19,193.656,4.47012
V20,4.1,0
V21,463.95,463.95
V22,554.7,0
V23,121309,121309
pKd,11.7599,6.40845
