DNA,RNA
V2,1394.89,8.72125
V3,5929.06,-656.294
V4,24,0
V5,0,0
V6,103255,103255
V7,5690.4,3537
V18,397,0
V19,161.046,0
V20,1.97,0
V21,870.15,870.15
V22,603.3,0
V23,123076,123076
pKd,35.3898,6.53974
