DNA,RNA
V2,0,0
V3,-532.684,-102.784
V4,0,0
V5,0,0
V6,161329,161329
V7,5690.4,3537
V18,0,0
V19,0,0
V20,0,0
V21,5472.65,5472.65
V22,0,0
V23,739026,739026
pKd,8.66558,8.04623
