DNA,RNA
V2,5671.88,717.82
V3,26436.2,1083.46
V4,84,11
V5,72,5
V6,0,0
V7,0,0
V18,1503,155
V19,614.132,60.604
V20,1.17,-4.51
V21,166.84,166.84
V22,1733.3,303.1
V23,38814.9,38814.9
pKd,-2.84659,7.85769
