DNA,RNA
V2,300.407,1127.42
V3,-1094.6,2871.9
V4,4,6
V5,0,5
V6,0,0
V7,0,0
V18,57,225
V19,23.1522,91.986
V20,-1.76,3.4
V21,639.8,639.8
V22,108.8,422.6
V23,194908,194908
pKd,7.52141,9.15728
