DNA,RNA
V2,0,27.9013
V3,-292.81,618.289
V4,0,3.5
V5,0,1
V6,0,0
V7,0,0
V18,1,45
V19,0.286497,17.9988
V20,0,3.04
V21,54.66,54.66
V22,0,292.2
V23,5073.1,5073.1
pKd,6.41,7.31991
