DNA,RNA
V2,390.024,177.617
V3,615.928,1452.05
V4,12.5,13
V5,3,1
V6,0,0
V7,0,0
V18,94,98
V19,37.3733,40.4094
V20,-1.66,-0.86
V21,148.61,148.61
V22,211,259.5
V23,31216.5,31216.5
pKd,7.82461,8.50585
