DNA,RNA
V2,66.1643,0
V3,-287.003,-98.3557
V4,0,0
V5,0,0
V6,0,0
V7,0,0
V18,2,0
V19,0.62029,0
V20,0,0
V21,45.22,45.22
V22,0,0
V23,5243.9,5243.9
pKd,6.2452,6.37613
