DNA,RNA
V2,37.9533,0
V3,86.1185,-128.978
V4,5,0
V5,1,0
V6,0,0
V7,0,0
V18,10,0
V19,5.34716,0
V20,-0.99,0
V21,45.51,45.51
V22,47.8,0
V23,9084.7,9084.7
pKd,7.49975,6.38959
