DNA,RNA
V2,63.8897,402.901
V3,-87.9906,2428.79
V4,0.5,10
V5,3,3
V6,0,0
V7,0,0
V18,28,113
V19,11.6064,49.2012
V20,1.84,0.93
V21,206.28,206.28
V22,283,106.1
V23,21184.3,21184.3
pKd,7.84419,9.97605
