DNA,RNA
V2,0,0
V3,-216.02,-201.074
V4,0,0
V5,0,0
V6,0,0
V7,0,0
V18,0,0
V19,0,0
V20,0,0
V21,2305.54,2305.54
V22,0,0
V23,686324,686324
pKd,6.42783,6.42127
