DNA,RNA
V2,1152.34,328.085
V3,3607.76,-537.526
V4,15.5,6.5
V5,4,6
V6,0,0
V7,0,0
V18,255,46
V19,103.784,17.8243
V20,2.81,-2.31
V21,125.38,125.38
V22,429.8,273.1
V23,37815.7,37815.7
pKd,9.19234,7.77643
