DNA,RNA
V2,104.301,347.815
V3,-874.866,2038.57
V4,3,13
V5,2,5
V6,0,0
V7,0,0
V18,34,154
V19,11.5565,57.4496
V20,0.84,0.82
V21,1048.73,1048.73
V22,327.4,308.6
V23,251012,251012
pKd,6.39017,7.40077
