DNA,RNA
V2,0,0
V3,-139.442,-99.886
V4,0,0
V5,0,0
V6,0,0
V7,0,0
V18,0,0
V19,0,0
V20,0,0
V21,35.67,35.67
V22,0,0
V23,19151.3,19151.3
pKd,6.39419,6.37681
