DNA,RNA
V2,4510.03,5711.33
V3,21957.6,29103.2
V4,42.5,49.5
V5,40,53
V6,0,0
V7,0,0
V18,1138,1573
V19,475.551,657.644
V20,6.45,27.96
V21,251.22,251.22
V22,1314.9,2119.1
V23,40954.8,40954.8
pKd,5.45877,-8.38234
