DNA,RNA
V2,480.65,297.745
V3,-690.451,315.116
V4,8,1
V5,2,1
V6,26993.4,26993.4
V7,5690.4,3537
V18,79,51
V19,26.3711,18.8172
V20,3.92,0.68
V21,129.26,129.26
V22,302.9,123.1
V23,16322.2,16322.2
pKd,5.61532,6.84882
