DNA,RNA
V2,2.48535,2.48054
V3,-1550.48,-545.22
V4,1,0
V5,1,0
V6,71395.5,71395.5
V7,5690.4,3537
V18,3,1
V19,0.87836,0.284756
V20,-1.01,0
V21,3699.83,3699.83
V22,46.2,0
V23,420549,420549
pKd,6.47227,6.63304
