DNA,RNA
V2,0,0
V3,-216.011,-201.07
V4,0,0
V5,0,0
V6,0,0
V7,0,0
V18,0,0
V19,0,0
V20,0,0
V21,2310.08,2310.08
V22,0,0
V23,686485,686485
pKd,6.42783,6.42127
