DNA,RNA
V2,268.015,496.257
V3,59.9259,-405.324
V4,8.5,9
V5,4,8
V6,0,0
V7,0,0
V18,88,94
V19,33.7322,36.269
V20,-3.37,-0.79
V21,308.94,308.94
V22,294.1,342.7
V23,56803.7,56803.7
pKd,7.63556,8.23982
