DNA,RNA
V2,53.0082,1157.73
V3,-659.813,6871.9
V4,0.5,14.5
V5,0,14
V6,53706.9,53706.9
V7,5690.4,3537
V18,3,356
V19,1.08684,153.496
V20,0,0.79
V21,295.85,295.85
V22,0,354.3
V23,39735.4,39735.4
pKd,7.06112,29.4385
