DNA,RNA
V2,2997.16,21.3268
V3,11706.9,-669.754
V4,47,0
V5,27,0
V6,0,0
V7,0,0
V18,798,7
V19,326.208,2.81013
V20,3.3,-2
V21,257.25,257.25
V22,1283.8,94
V23,44519.8,44519.8
pKd,9.71246,6.75608
