DNA,RNA
V2,0.995585,873.377
V3,-665.491,3175.26
V4,0,23
V5,0,14
V6,0,0
V7,0,0
V18,4,253
V19,1.21914,102.916
V20,-1.01,0.93
V21,102.82,102.82
V22,46.2,854.9
V23,21507.6,21507.6
pKd,6.46563,11.5561
