DNA,RNA
V2,189.669,18.3887
V3,707.61,-315.201
V4,9,0.5
V5,4,0
V6,9892.9,9892.9
V7,5690.4,3537
V18,80,2
V19,31.9408,0.708738
V20,-1.69,0
V21,103.42,103.42
V22,152.2,0
V23,9843.8,9843.8
pKd,9.01475,6.47101
