DNA,RNA
V2,46.4104,991.546
V3,-532.699,5347.06
V4,5.5,20.5
V5,1,11
V6,0,0
V7,0,0
V18,25,335
V19,8.36084,138.462
V20,-1.65,0.25
V21,107.42,107.42
V22,102,694
V23,36962.3,36962.3
pKd,6.23948,12.7706
