DNA,RNA
V2,0,124.205
V3,-603.194,-417.374
V4,0,0.5
V5,0,1
V6,39317.4,39317.4
V7,5690.4,3537
V18,0,25
V19,0,9.15743
V20,0,-0.64
V21,349.02,349.02
V22,0,55.8
V23,38566.4,38566.4
pKd,6.99618,6.9193
