DNA,RNA
V2,4134.08,4810.43
V3,16428.6,27701.5
V4,40.5,54.5
V5,36,41
V6,0,0
V7,0,0
V18,1032,1409
V19,415.493,606.569
V20,9.4,9.43
V21,253.58,253.58
V22,1054.1,1568.4
V23,38251.8,38251.8
pKd,5.88561,-4.21728
