DNA,RNA
V2,0,0
V3,-203.854,-148.467
V4,0,0
V5,0,0
V6,0,0
V7,0,0
V18,0,0
V19,0,0
V20,0,0
V21,4035.99,4035.99
V22,0,0
V23,555526,555526
pKd,6.42249,6.39815
