DNA,RNA
V2,536.649,1822.58
V3,607.756,4518.59
V4,12.5,16
V5,5,21
V6,0,0
V7,0,0
V18,111,415
V19,46.3167,157.128
V20,-1.15,2.34
V21,108.72,108.72
V22,430.5,591.8
V23,20582.6,20582.6
pKd,9.17494,7.64337
