DNA,RNA
V2,4964.78,3839.53
V3,24837.5,24393.4
V4,79.5,56
V5,61,32
V6,0,0
V7,0,0
V18,1409,1258
V19,585.146,526.003
V20,8.81,9.26
V21,144.75,144.75
V22,1667.8,1370.9
V23,23020.5,23020.5
pKd,-4.29716,6.79042
