DNA,RNA
V2,4235.97,1082.91
V3,15809,4339.15
V4,47.5,18
V5,6,3
V6,0,0
V7,0,0
V18,1138,351
V19,458.969,136.183
V20,4.84,-4.76
V21,2373.03,2373.03
V22,3828.1,982.4
V23,409520,409520
pKd,-0.644265,8.02316
