DNA,RNA
V2,0,26.534
V3,-129.135,-388.123
V4,0,6
V5,0,0
V6,0,0
V7,0,0
V18,0,10
V19,0,3.48581
V20,0,-1.01
V21,17.58,17.58
V22,0,46.2
V23,26687.4,26687.4
pKd,6.38966,6.35548
