DNA,RNA
V2,4297.64,3834.97
V3,19236.3,25044.5
V4,57,51
V5,40,57
V6,0,0
V7,0,0
V18,1166,1221
V19,479.55,527.353
V20,9.37,6.02
V21,197.32,197.32
V22,1890.6,2154
V23,28106,28106
pKd,3.78545,8.21153
