DNA,RNA
V2,5242.18,53.861
V3,29855.1,-486.615
V4,76,0
V5,49,0
V6,72890.5,72890.5
V7,5690.4,3537
V18,1531,5
V19,646.992,1.58805
V20,3.65,-0.99
V21,132.73,132.73
V22,1645.8,47.8
V23,37510,37510
pKd,67.3328,6.56704
