DNA,RNA
V2,3894.58,417.437
V3,23098.8,1044.6
V4,57.5,14.5
V5,29,4
V6,0,0
V7,0,0
V18,1156,140
V19,493.29,53.749
V20,9.2,-0.31
V21,227.7,227.7
V22,1135.8,267.5
V23,34925.5,34925.5
pKd,4.41735,7.77588
