DNA,RNA
V2,0,0
V3,-117.311,-45.2315
V4,0,0
V5,0,0
V6,0,0
V7,0,0
V18,0,0
V19,0,0
V20,0,0
V21,82.89,82.89
V22,0,0
V23,12276.8,12276.8
pKd,6.38446,6.35279
