DNA,RNA
V2,4241.7,4463.82
V3,23035.4,26530.1
V4,48,62
V5,47,53
V6,0,0
V7,0,0
V18,1273,1423
V19,524.832,585.515
V20,1.06,14.07
V21,230.66,230.66
V22,2048,2301.4
V23,33238.2,33238.2
pKd,6.29317,4.89148
