DNA,RNA
V2,380.288,22.4101
V3,-413.454,12.4917
V4,3.5,0.5
V5,0,1
V6,0,0
V7,0,0
V18,53,14
V19,19.5787,6.07258
V20,-0.64,0.72
V21,83.79,83.79
V22,137.7,51.4
V23,15801.2,15801.2
pKd,5.8596,7.15421
