DNA,RNA
V2,5291.36,3433.75
V3,26422,14446.7
V4,62,42.5
V5,41,27
V6,0,0
V7,0,0
V18,1440,860
V19,599.213,357.877
V20,8.93,8.51
V21,163.03,163.03
V22,1624.1,1399.9
V23,23223.4,23223.4
pKd,-5.07343,8.93195
