DNA,RNA
V2,0,217.869
V3,-201.104,882.265
V4,0,7
V5,0,2
V6,0,0
V7,0,0
V18,0,61
V19,0,24.0725
V20,0,-2
V21,43.12,43.12
V22,0,94
V23,12201.2,12201.2
pKd,6.42128,7.24138
