DNA,RNA
V2,0,0
V3,-273.469,-112.743
V4,0,0
V5,0,0
V6,0,0
V7,0,0
V18,0,0
V19,0,0
V20,0,0
V21,284.41,284.41
V22,0,0
V23,39930,39930
pKd,6.45308,6.38245
