DNA,RNA
V2,2427.54,61.9699
V3,12172.7,-788.797
V4,61.5,1.5
V5,29,0
V6,0,0
V7,0,0
V18,784,3
V19,318.834,0.907982
V20,0.38,-0.22
V21,228.1,228.1
V22,1496.5,59.9
V23,30257.8,30257.8
pKd,12.6014,6.41163
