DNA,RNA
V2,4503.87,4112.66
V3,27338.8,25822.2
V4,51,48.5
V5,41,48
V6,0,0
V7,0,0
V18,1250,1315
V19,535.22,546.625
V20,11.3,9.13
V21,296.29,296.29
V22,1250.4,1534.6
V23,39010,39010
pKd,4.78817,8.22186
