DNA,RNA
V2,4652.39,4748.05
V3,20685.7,28798.8
V4,56,53
V5,45,38
V6,0,0
V7,0,0
V18,1263,1501
V19,529.38,636.611
V20,9.65,14.85
V21,329.77,329.77
V22,1680,1890.6
V23,48382.9,48382.9
pKd,-1.97106,-3.12115
