DNA,RNA
V2,647.179,123.113
V3,1581.74,-259.305
V4,12,0
V5,8,0
V6,0,0
V7,0,0
V18,141,11
V19,54.7265,3.60293
V20,-2.13,0
V21,10.92,10.92
V22,294.5,0
V23,6759,6759
pKd,8.26249,5.91085
