DNA,RNA
V2,3396.97,475.67
V3,14724.8,74.4072
V4,58.5,14.5
V5,32,2
V6,0,0
V7,0,0
V18,793,75
V19,338.207,27.4943
V20,5.06,2.25
V21,129.84,129.84
V22,912.6,249.9
V23,18044.6,18044.6
pKd,7.98094,6.23902
