DNA,RNA
V2,0,1990.31
V3,-972.221,12790.7
V4,0,31.5
V5,0,19
V6,42284.9,42284.9
V7,5690.4,3537
V18,4,620
V19,1.67457,266.853
V20,0,6.55
V21,224.01,224.01
V22,0,871.5
V23,30823.4,30823.4
pKd,7.03015,35.3955
