DNA,RNA
V2,2334.74,6.46621
V3,14719.9,-686.786
V4,40,0
V5,26,0
V6,0,0
V7,0,0
V18,742,1
V19,319.43,0.285596
V20,-0.84,0
V21,112.47,112.47
V22,935.2,0
V23,19775.1,19775.1
pKd,15.2065,6.56864
