DNA,RNA
V2,0,0
V3,-203.737,-148.396
V4,0,0
V5,0,0
V6,0,0
V7,0,0
V18,0,0
V19,0,0
V20,0,0
V21,4048.99,4048.99
V22,0,0
V23,556007,556007
pKd,6.42244,6.39812
