DNA,RNA
V2,536.649,1823.13
V3,610.304,4516.26
V4,12.5,16
V5,5,23
V6,0,0
V7,0,0
V18,111,417
V19,46.3167,157.721
V20,-1.15,2.34
V21,107.97,107.97
V22,430.5,591.8
V23,20606.1,20606.1
pKd,9.17477,7.95635
