DNA,RNA
V2,116.146,255.119
V3,27.5988,-491.903
V4,5.5,3.5
V5,3,4
V6,72822.9,72822.9
V7,5690.4,3537
V18,30,25
V19,12.631,8.95579
V20,-1.65,0.13
V21,322.5,322.5
V22,102,59.3
V23,53507.3,53507.3
pKd,10.1531,7.49084
