DNA,RNA
V2,3939.02,4914.41
V3,23490.7,26568.6
V4,57,54
V5,37,49
V6,0,0
V7,0,0
V18,1135,1365
V19,493.876,572.701
V20,5.61,10.08
V21,282.57,282.57
V22,1868.5,1737.6
V23,37901,37901
pKd,3.29933,0.491874
