DNA,RNA
V2,23.6778,320.476
V3,-416.228,-598.23
V4,1,3.5
V5,0,4
V6,0,0
V7,0,0
V18,3,31
V19,1.14025,10.2169
V20,-0.64,0.47
V21,110.9,110.9
V22,55.8,224.8
V23,18606.7,18606.7
pKd,6.49429,6.13837
