DNA,RNA
V2,956.308,423.032
V3,336.618,131.108
V4,15,11
V5,7,5
V6,0,0
V7,0,0
V18,182,113
V19,72.1582,42.5223
V20,8.7,1.52
V21,327.46,327.46
V22,680.7,283.9
V23,35683.8,35683.8
pKd,8.42532,7.34311
