DNA,RNA
V2,3740.18,0
V3,20813,-409.96
V4,51,0
V5,29,0
V6,0,0
V7,0,0
V18,1037,2
V19,434.292,0.683173
V20,-2.45,0
V21,2848.48,2848.48
V22,1028.5,0
V23,399166,399166
pKd,9.21106,6.48334
