DNA,RNA
V2,3528.44,125.363
V3,21325.9,-637.264
V4,61,0
V5,23,1
V6,84121,84121
V7,5690.4,3537
V18,1056,11
V19,446.905,4.27828
V20,9.77,2.21
V21,944.82,944.82
V22,1460.2,124.2
V23,152220,152220
pKd,70.5066,6.97541
