DNA,RNA
V2,7.44319,0
V3,-496.583,-198.792
V4,0,0
V5,0,0
V6,0,0
V7,0,0
V18,0,0
V19,0,0
V20,0,0
V21,34.54,34.54
V22,0,0
V23,11802.1,11802.1
pKd,6.53518,6.42026
