DNA,RNA
V2,432.493,90.2142
V3,-441.334,-587.387
V4,8,4
V5,4,0
V6,18067,18067
V7,5690.4,3537
V18,91,11
V19,34.0065,3.50719
V20,-2.61,0
V21,112.9,112.9
V22,349.4,0
V23,12223.8,12223.8
pKd,7.69535,6.12453
