DNA,RNA
V2,2822.84,49.7021
V3,16582,-668.994
V4,54.5,0
V5,27,0
V6,0,0
V7,0,0
V18,833,14
V19,347.354,4.52744
V20,9.05,1.7
V21,75.2,75.2
V22,983.1,45.1
V23,15261.9,15261.9
pKd,13.3696,6.13959
