DNA,RNA
V2,1394.89,8.72125
V3,5929.05,-656.313
V4,24,0
V5,0,0
V6,103249,103249
V7,5690.4,3537
V18,397,0
V19,161.046,0
V20,1.97,0
V21,879.15,879.15
V22,603.3,0
V23,123230,123230
pKd,35.3883,6.53971
