DNA,RNA
V2,471.25,12.681
V3,207.957,-551.032
V4,8,0.5
V5,4,0
V6,54566,54566
V7,5690.4,3537
V18,94,2
V19,34.1789,0.725004
V20,-2.06,0
V21,300.32,300.32
V22,164.1,0
V23,38693.6,38693.6
pKd,9.22326,6.63235
