DNA,RNA
V2,531.74,4201.6
V3,-320.757,21403.6
V4,10.5,39.5
V5,1,42
V6,0,0
V7,0,0
V18,81,1197
V19,31.0132,501.092
V20,-2.64,25.07
V21,291.85,291.85
V22,149.8,1669.4
V23,40934.2,40934.2
pKd,6.47141,6.28304
