DNA,RNA
V2,0,0
V3,-245.796,-58.9194
V4,0,0
V5,0,0
V6,132224,132224
V7,5690.4,3537
V18,0,0
V19,0,0
V20,0,0
V21,5525.68,5525.68
V22,0,0
V23,722412,722412
pKd,8.91033,7.84016
