DNA,RNA
V2,0,0
V3,-711.374,-319.761
V4,0,0
V5,0,0
V6,0,0
V7,0,0
V18,1,0
V19,0.289504,0
V20,0,0
V21,-9.9,-9.9
V22,0,0
V23,41093.3,41093.3
pKd,6.59592,6.47342
