DNA,RNA
V2,2689.46,1742.05
V3,-3538.18,4739.07
V4,8.5,6
V5,0,2
V6,0,0
V7,0,0
V18,305,457
V19,96.5775,172.845
V20,-8.39,-10.19
V21,1625.98,1625.98
V22,1199.7,1740.4
V23,425179,425179
pKd,-8.28371,2.33772
