DNA,RNA
V2,797.406,124.657
V3,2380.43,-709.695
V4,2.5,2.5
V5,3,0
V6,50521.5,50521.5
V7,5690.4,3537
V18,165,19
V19,70.0331,6.18924
V20,4.36,0
V21,444.34,444.34
V22,149.8,0
V23,46224.5,46224.5
pKd,16.2871,6.05575
