DNA,RNA
V2,0,0
V3,-68.497,-81.5474
V4,0,0
V5,0,0
V6,0,0
V7,0,0
V18,0,0
V19,0,0
V20,0,0
V21,-15.97,-15.97
V22,0,0
V23,6315,6315
pKd,6.36301,6.36875
