DNA,RNA
V2,108.839,0
V3,-683.637,-323.573
V4,2.5,0
V5,0,0
V6,16094.5,16094.5
V7,5690.4,3537
V18,12,0
V19,4.54798,0
V20,-2.42,0
V21,99.4,99.4
V22,163,0
V23,14236.5,14236.5
pKd,6.65162,6.55455
