DNA,RNA
V2,9371.1,46.7502
V3,48479.5,-636.491
V4,62.5,0
V5,1,0
V6,147997,147997
V7,5690.4,3537
V18,2442,7
V19,1038.85,2.17748
V20,28.67,2.21
V21,5447.76,5447.76
V22,5343.6,124.2
V23,661808,661808
pKd,161.384,6.52697
