DNA,RNA
V2,33.2753,0
V3,-397.523,-194.334
V4,1,0
V5,1,0
V6,0,0
V7,0,0
V18,1,1
V19,0.374224,0.369566
V20,-0.64,1.7
V21,88.43,88.43
V22,55.8,45.1
V23,7811.4,7811.4
pKd,6.66716,6.4221
