DNA,RNA
V2,21.246,4.51418
V3,-527.212,-404.466
V4,0.5,0
V5,1,0
V6,0,0
V7,0,0
V18,5,1
V19,1.5978,0.293093
V20,-0.77,0
V21,72.82,72.82
V22,61,0
V23,9877.9,9877.9
pKd,6.59656,6.45377
