DNA,RNA
V2,94.0419,0
V3,-214.487,-134.033
V4,0,0
V5,0,0
V6,5033.3,5033.3
V7,5690.4,3537
V18,9,0
V19,2.87773,0
V20,0,0
V21,41.73,41.73
V22,0,0
V23,2735.9,2735.9
pKd,6.07447,6.44009
