DNA,RNA
V2,0,2026.03
V3,-973.603,13382.5
V4,0,34
V5,0,23
V6,42419.1,42419.1
V7,5690.4,3537
V18,4,646
V19,1.67457,277.938
V20,0,4.31
V21,220.63,220.63
V22,0,864.3
V23,30803.1,30803.1
pKd,7.03026,36.6642
