DNA,RNA
V2,520.682,184.345
V3,-738.921,376.982
V4,7,2.5
V5,0,0
V6,0,0
V7,0,0
V18,48,59
V19,17.4043,25.1296
V20,2.18,-1.28
V21,153.26,153.26
V22,107.1,111.6
V23,30240.1,30240.1
pKd,5.53493,8.09177
