DNA,RNA
V2,2692.75,1775.81
V3,-3576.17,4592.35
V4,8.5,6
V5,0,2
V6,0,0
V7,0,0
V18,305,459
V19,96.5775,173.187
V20,-8.39,-7.94
V21,1639.47,1639.47
V22,1199.7,1792.9
V23,425326,425326
pKd,-8.28642,2.00911
