DNA,RNA
V2,564.705,96.7558
V3,-881.697,-623.648
V4,11,0.5
V5,7,1
V6,30687.8,30687.8
V7,5690.4,3537
V18,75,7
V19,25.3471,2.29794
V20,-3.88,-0.22
V21,207.77,207.77
V22,271.6,59.9
V23,28944.5,28944.5
pKd,6.83839,6.49249
