DNA,RNA
V2,0,0
V3,-116.202,-191.841
V4,0,0
V5,0,0
V6,0,0
V7,0,0
V18,0,0
V19,0,0
V20,0,0
V21,1365.09,1365.09
V22,0,0
V23,284742,284742
pKd,6.38397,6.41721
