DNA,RNA
V2,1253.73,414.509
V3,5791.22,574.902
V4,1,5.5
V5,0,6
V6,0,0
V7,0,0
V18,347,94
V19,141.615,36.3014
V20,6.11,-1.99
V21,96.78,96.78
V22,620.9,227.5
V23,13145.2,13145.2
pKd,8.95737,7.81102
