DNA,RNA
V2,0,132.377
V3,-311.429,-306.44
V4,0,5.5
V5,0,1
V6,0,0
V7,0,0
V18,2,17
V19,0.606616,6.20515
V20,0,-1.01
V21,70.04,70.04
V22,0,46.2
V23,9561.8,9561.8
pKd,6.38901,6.44759
