DNA,RNA
V2,167.147,0
V3,-187.838,-140.917
V4,3,0
V5,0,0
V6,17980.8,17980.8
V7,5690.4,3537
V18,21,0
V19,6.95221,0
V20,0,0
V21,65.56,65.56
V22,0,0
V23,11787.2,11787.2
pKd,6.14453,6.56615
