DNA,RNA
V2,2049.2,4016.63
V3,7332.56,17519.4
V4,51,50
V5,15,58
V6,0,0
V7,0,0
V18,461,1219
V19,197.394,487.372
V20,1.34,20.23
V21,2157.65,2157.65
V22,915.7,2038.3
V23,301845,301845
pKd,9.96534,7.39629
