DNA,RNA
V2,471.25,12.681
V3,209.362,-550.049
V4,8,0.5
V5,4,0
V6,54638.6,54638.6
V7,5690.4,3537
V18,94,2
V19,34.1789,0.725004
V20,-2.06,0
V21,301.91,301.91
V22,164.1,0
V23,38725.5,38725.5
pKd,9.2284,6.63322
