DNA,RNA
V2,1394.89,8.72125
V3,5929.25,-656.246
V4,24,0
V5,0,0
V6,103136,103136
V7,5690.4,3537
V18,397,0
V19,161.046,0
V20,1.97,0
V21,869.57,869.57
V22,603.3,0
V23,123131,123131
pKd,35.362,6.53983
