DNA,RNA
V2,1768.31,205.607
V3,11514,-864.586
V4,40,5
V5,21,2
V6,0,0
V7,0,0
V18,578,29
V19,247.766,9.56805
V20,-1.02,0.59
V21,61.02,61.02
V22,833.1,188.5
V23,10874.9,10874.9
pKd,15.3746,6.08894
