DNA,RNA
V2,794.834,39.0652
V3,811.505,-865.98
V4,24.5,1
V5,10,1
V6,24055.6,24055.6
V7,5690.4,3537
V18,215,13
V19,87.4803,4.58548
V20,1.15,-1.45
V21,172.58,172.58
V22,557.2,188.5
V23,22378.7,22378.7
pKd,12.547,6.65915
