DNA,RNA
V2,1253.73,414.283
V3,5797.42,582.956
V4,1,5.5
V5,0,6
V6,0,0
V7,0,0
V18,347,94
V19,141.615,36.3014
V20,6.11,-1.99
V21,99.23,99.23
V22,620.9,227.5
V23,13129,13129
pKd,8.95483,7.80933
