DNA,RNA
V2,115.033,85.545
V3,-557.817,-451.075
V4,0,3.5
V5,0,1
V6,14480.4,14480.4
V7,5690.4,3537
V18,19,11
V19,5.87877,3.65609
V20,0,-0.64
V21,131.03,131.03
V22,0,55.8
V23,12897.7,12897.7
pKd,5.84813,6.43151
