DNA,RNA
V2,20.8791,1543.55
V3,-385.248,3867.84
V4,5,10.5
V5,2,14
V6,0,0
V7,0,0
V18,9,356
V19,3.17971,142.502
V20,-1.01,4.48
V21,192.34,192.34
V22,46.2,619.7
V23,25813.7,25813.7
pKd,6.82919,10.2043
