DNA,RNA
V2,0,0
V3,-203.727,-148.388
V4,0,0
V5,0,0
V6,0,0
V7,0,0
V18,0,0
V19,0,0
V20,0,0
V21,4051.7,4051.7
V22,0,0
V23,555403,555403
pKd,6.42243,6.39812
