DNA,RNA
V2,31.017,0
V3,-258.657,-135.422
V4,0,0
V5,0,0
V6,14640.1,14640.1
V7,5690.4,3537
V18,0,0
V19,0,0
V20,0,0
V21,91.48,91.48
V22,0,0
V23,9264.4,9264.4
pKd,6.63807,6.53371
