DNA,RNA
V2,2427.54,61.9699
V3,12170,-789.104
V4,61.5,1.5
V5,29,0
V6,0,0
V7,0,0
V18,784,3
V19,318.834,0.907982
V20,0.38,-0.22
V21,229.01,229.01
V22,1496.5,59.9
V23,30247.1,30247.1
pKd,12.5976,6.41175
