DNA,RNA
V2,0,0
V3,-314.741,-141.295
V4,0,0
V5,0,0
V6,13604.7,13604.7
V7,5690.4,3537
V18,0,0
V19,0,0
V20,0,0
V21,53.34,53.34
V22,0,0
V23,7301.2,7301.2
pKd,6.67924,6.52415
