DNA,RNA
V2,0,0
V3,-262.904,-153.798
V4,0,0
V5,0,0
V6,0,0
V7,0,0
V18,0,0
V19,0,0
V20,0,0
V21,65.88,65.88
V22,0,0
V23,9521.7,9521.7
pKd,6.44844,6.40049
