DNA,RNA
V2,0,0
V3,-261.613,-153.723
V4,0,0
V5,0,0
V6,0,0
V7,0,0
V18,0,0
V19,0,0
V20,0,0
V21,66.18,66.18
V22,0,0
V23,9521.5,9521.5
pKd,6.44787,6.40046
