DNA,RNA
V2,1394.89,8.72125
V3,5929.15,-656.26
V4,24,0
V5,0,0
V6,103242,103242
V7,5690.4,3537
V18,397,0
V19,161.046,0
V20,1.97,0
V21,868.97,868.97
V22,603.3,0
V23,123115,123115
pKd,35.3869,6.53979
