DNA,RNA
V2,1854.58,35.9249
V3,10764.5,-777.538
V4,37,0
V5,20,0
V6,111115,111115
V7,5690.4,3537
V18,553,2
V19,239.721,0.567263
V20,0.51,0
V21,811.58,811.58
V22,745.8,0
V23,141131,141131
pKd,58.2617,6.22185
