DNA,RNA
V2,9.91282,454.016
V3,-470.474,1923.57
V4,0,4
V5,0,0
V6,32273.6,32273.6
V7,5690.4,3537
V18,0,93
V19,0,49.2518
V20,0,0
V21,177.02,177.02
V22,0,0
V23,23579.3,23579.3
pKd,6.93598,16.5017
