DNA,RNA
V2,294.904,0
V3,14.0056,-268.371
V4,13.5,0
V5,4,0
V6,0,0
V7,0,0
V18,88,0
V19,33.8367,0
V20,-2.76,0
V21,72.96,72.96
V22,283.1,0
V23,11911.4,11911.4
pKd,7.61982,6.45084
