DNA,RNA
V2,514.316,0.563518
V3,1780.08,-251.054
V4,8,0
V5,2,0
V6,13839.9,13839.9
V7,5690.4,3537
V18,149,0
V19,59.1755,0
V20,3.91,0
V21,108.15,108.15
V22,248.6,0
V23,9488.4,9488.4
pKd,9.70636,6.53386
