DNA,RNA
V2,0,0
V3,-245.685,-58.9049
V4,0,0
V5,0,0
V6,132211,132211
V7,5690.4,3537
V18,0,0
V19,0,0
V20,0,0
V21,5516.73,5516.73
V22,0,0
V23,722367,722367
pKd,8.91033,7.84004
