DNA,RNA
V2,104.034,4018.07
V3,-1037.86,20284.5
V4,2,39
V5,2,34
V6,0,0
V7,0,0
V18,14,1113
V19,4.65494,458.045
V20,0.12,22.09
V21,157,157
V22,117.4,1455.8
V23,20447.5,20447.5
pKd,6.69712,7.30558
