DNA,RNA
V2,369.176,0
V3,-119.881,-550.955
V4,3,0
V5,1,0
V6,0,0
V7,0,0
V18,66,0
V19,27.1,0
V20,1.07,0
V21,1747.22,1747.22
V22,222.2,0
V23,273465,273465
pKd,7.68371,6.57501
