DNA,RNA
V2,2863.72,71.8953
V3,17179.5,-566.805
V4,59.5,1
V5,25,0
V6,0,0
V7,0,0
V18,857,5
V19,364.343,1.90469
V20,-1.03,0
V21,99.73,99.73
V22,1060.8,0
V23,24562.5,24562.5
pKd,10.6809,6.47811
