DNA,RNA
V2,0,0
V3,-261.589,-153.71
V4,0,0
V5,0,0
V6,0,0
V7,0,0
V18,0,0
V19,0,0
V20,0,0
V21,67.15,67.15
V22,0,0
V23,9529.6,9529.6
pKd,6.44786,6.40046
