DNA,RNA
V2,277.572,1127.42
V3,-1086.37,2873.06
V4,4,6
V5,0,5
V6,0,0
V7,0,0
V18,57,225
V19,23.1522,91.986
V20,-1.76,3.4
V21,640.5,640.5
V22,108.8,422.6
V23,194894,194894
pKd,7.56949,9.15697
