DNA,RNA
V2,78.4384,1160.41
V3,-517.226,3547.92
V4,1.5,18.5
V5,0,7
V6,0,0
V7,0,0
V18,9,284
V19,2.89589,110.616
V20,1.8,1.51
V21,271.44,271.44
V22,46.3,732.3
V23,39487.8,39487.8
pKd,6.1437,8.35257
