DNA,RNA
V2,3361.32,475.67
V3,14764.3,86.2484
V4,59.5,14.5
V5,31,2
V6,0,0
V7,0,0
V18,792,75
V19,337.829,27.4943
V20,5.7,2.25
V21,131.24,131.24
V22,856.8,249.9
V23,18047.8,18047.8
pKd,7.91556,6.23896
