DNA,RNA
V2,0,217.869
V3,-201.078,882.272
V4,0,7
V5,0,2
V6,0,0
V7,0,0
V18,0,61
V19,0,24.0725
V20,0,-2
V21,44.26,44.26
V22,0,94
V23,12214.3,12214.3
pKd,6.42127,7.24138
