DNA,RNA
V2,9.39694,2174.48
V3,-2326.46,7688.41
V4,0.5,12.5
V5,0,1
V6,0,0
V7,0,0
V18,3,435
V19,1.18349,199.786
V20,0,-6.28
V21,4917.99,4917.99
V22,0,2104.1
V23,639181,639181
pKd,7.36531,16.9
