DNA,RNA
V2,531.202,88.3114
V3,1108.98,-421.911
V4,9.5,0
V5,6,0
V6,0,0
V7,0,0
V18,122,3
V19,47.51,0.949105
V20,-0.18,0
V21,72.09,72.09
V22,343.1,0
V23,13828.5,13828.5
pKd,7.99378,6.23312
