DNA,RNA
V2,1394.89,8.72125
V3,5928.93,-656.602
V4,24,0
V5,0,0
V6,103251,103251
V7,5690.4,3537
V18,397,0
V19,161.046,0
V20,1.97,0
V21,869.84,869.84
V22,603.3,0
V23,123097,123097
pKd,35.3885,6.53924
