DNA,RNA
V2,0,0
V3,-245.672,-58.9026
V4,0,0
V5,0,0
V6,132244,132244
V7,5690.4,3537
V18,0,0
V19,0,0
V20,0,0
V21,5527.1,5527.1
V22,0,0
V23,722410,722410
pKd,8.91098,7.84042
