DNA,RNA
V2,187.235,1.25314
V3,-750.972,-243.395
V4,1,0
V5,2,0
V6,0,0
V7,0,0
V18,23,0
V19,7.96944,0
V20,0.69,0
V21,51.49,51.49
V22,170.6,0
V23,11894.3,11894.3
pKd,6.43182,6.43718
