DNA,RNA
V2,8070.71,342.129
V3,41905.9,-963.788
V4,89,1.5
V5,6,0
V6,0,0
V7,0,0
V18,2134,8
V19,902.211,2.47124
V20,3.38,0
V21,442.61,442.61
V22,3103.8,0
V23,179920,179920
pKd,-54.6472,5.73105
