DNA,RNA
V2,1354.06,323.809
V3,6169.65,-0.36394
V4,35,14.5
V5,12,6
V6,0,0
V7,0,0
V18,379,78
V19,159.512,29.3806
V20,-3.33,-1.69
V21,136.25,136.25
V22,682,225.3
V23,21091.8,21091.8
pKd,12.409,7.60771
