DNA,RNA
V2,0,0
V3,-176.594,-99.7064
V4,0,0
V5,0,0
V6,0,0
V7,0,0
V18,0,0
V19,0,0
V20,0,0
V21,66.88,66.88
V22,0,0
V23,14806.7,14806.7
pKd,6.41051,6.37673
