DNA,RNA
V2,31.017,0
V3,-259.098,-135.745
V4,0,0
V5,0,0
V6,14686.7,14686.7
V7,5690.4,3537
V18,0,0
V19,0,0
V20,0,0
V21,92.92,92.92
V22,0,0
V23,9250,9250
pKd,6.63894,6.53419
