DNA,RNA
V2,1001.52,106.863
V3,3487.05,-566.854
V4,12,3.5
V5,7,2
V6,0,0
V7,0,0
V18,219,14
V19,91.4327,4.25906
V20,-2.52,0.81
V21,24.84,24.84
V22,670.4,162.7
V23,5982.5,5982.5
pKd,10.6486,6.27425
