DNA,RNA
V2,2692.19,1776.53
V3,-3569.15,4596.01
V4,8.5,6
V5,0,1
V6,0,0
V7,0,0
V18,305,458
V19,96.5739,172.906
V20,-8.39,-9.17
V21,1637.66,1637.66
V22,1199.7,1739.5
V23,425572,425572
pKd,-8.28783,1.84476
