DNA,RNA
V2,797.406,124.657
V3,2381.07,-709.262
V4,2.5,2.5
V5,3,0
V6,50563.9,50563.9
V7,5690.4,3537
V18,165,19
V19,70.0331,6.18924
V20,4.36,0
V21,445.92,445.92
V22,149.8,0
V23,46239.8,46239.8
pKd,16.2922,6.05621
