DNA,RNA
V2,71.8988,473.781
V3,-649.032,1662.49
V4,1,8.5
V5,0,9
V6,74859.8,74859.8
V7,5690.4,3537
V18,4,113
V19,1.14131,44.0504
V20,0,-0.57
V21,338.16,338.16
V22,0,243
V23,54195.7,54195.7
pKd,7.10218,14.2388
