DNA,RNA
V2,0,0
V3,-532.537,-102.753
V4,0,0
V5,0,0
V6,161306,161306
V7,5690.4,3537
V18,0,0
V19,0,0
V20,0,0
V21,5469.85,5469.85
V22,0,0
V23,739063,739063
pKd,8.66568,8.04608
