DNA,RNA
V2,5530.21,2894.9
V3,26405.3,4575.91
V4,79.5,18
V5,42,3
V6,0,0
V7,0,0
V18,1461,609
V19,607.704,229.445
V20,6.95,7.99
V21,2032.01,2032.01
V22,1463.1,1688
V23,333056,333056
pKd,-8.77805,-0.781366
