DNA,RNA
V2,3528.44,125.363
V3,21325.1,-637.328
V4,61,0
V5,23,1
V6,84121.6,84121.6
V7,5690.4,3537
V18,1056,11
V19,446.905,4.27828
V20,9.77,2.21
V21,942.37,942.37
V22,1460.2,124.2
V23,152212,152212
pKd,70.5045,6.97533
