DNA,RNA
V2,84.6865,0
V3,-326.68,-128.042
V4,2,0
V5,0,0
V6,105343,105343
V7,5690.4,3537
V18,10,0
V19,3.63306,0
V20,-1.01,0
V21,3009.7,3009.7
V22,46.2,0
V23,424030,424030
pKd,8.37811,7.42659
