DNA,RNA
V2,84.6865,0
V3,-326.681,-128.042
V4,2,0
V5,0,0
V6,105376,105376
V7,5690.4,3537
V18,10,0
V19,3.63306,0
V20,-1.01,0
V21,3009.35,3009.35
V22,46.2,0
V23,424022,424022
pKd,8.37876,7.42692
