DNA,RNA
V2,3950.62,77.7122
V3,23192.8,292.38
V4,67,9
V5,34,3
V6,0,0
V7,0,0
V18,1249,45
V19,514.668,17.2293
V20,6.03,-1.06
V21,11.41,11.41
V22,1133,158.6
V23,21645.3,21645.3
pKd,7.23745,7.31972
