DNA,RNA
V2,123.187,766.988
V3,-666.408,3907.12
V4,1.5,6.5
V5,1,6
V6,52216.8,52216.8
V7,5690.4,3537
V18,13,199
V19,4.18462,85.0603
V20,-1.37,2.53
V21,299.22,299.22
V22,127,324.5
V23,43967.4,43967.4
pKd,6.90973,19.366
