DNA,RNA
V2,0,9.14764
V3,-157.668,-206.469
V4,0,0
V5,0,0
V6,0,0
V7,0,0
V18,0,0
V19,0,0
V20,0,0
V21,72.41,72.41
V22,0,0
V23,21849,21849
pKd,6.40219,6.40406
