DNA,RNA
V2,24.7067,104.482
V3,-356.85,463.509
V4,0,5
V5,0,2
V6,0,0
V7,0,0
V18,0,26
V19,0,12.2369
V20,0,-1.41
V21,50.2,50.2
V22,0,116.8
V23,8599.6,8599.6
pKd,6.43683,8.10136
