DNA,RNA
V2,39.4856,896.599
V3,-567.873,3500.85
V4,1,7.5
V5,0,9
V6,0,0
V7,0,0
V18,4,214
V19,1.33408,92.9802
V20,0,-1.18
V21,136.65,136.65
V22,0,414.4
V23,19046.1,19046.1
pKd,6.41261,13.2576
