DNA,RNA
V2,2315.66,119.49
V3,13330.4,-344.162
V4,41,2.5
V5,26,1
V6,0,0
V7,0,0
V18,672,19
V19,291.742,7.70694
V20,4.19,0.25
V21,96.26,96.26
V22,883.2,217.3
V23,14015.2,14015.2
pKd,14.5973,6.95219
