DNA,RNA
V2,1064.51,0
V3,3917.68,-441.389
V4,29,0
V5,5,0
V6,0,0
V7,0,0
V18,320,1
V19,132.197,0.293563
V20,0.75,0
V21,76.54,76.54
V22,521.2,0
V23,14395.9,14395.9
pKd,10.5973,6.47999
