DNA,RNA
V2,4008.02,5653.99
V3,19890.4,24123.1
V4,61,48.5
V5,10,49
V6,0,0
V7,0,0
V18,1131,1428
V19,473.754,583.693
V20,-1.45,18.58
V21,362,362
V22,1742.5,1903.2
V23,71204.1,71204.1
pKd,1.24824,-5.66177
