DNA,RNA
V2,4.69808,567.691
V3,-682.386,2405.86
V4,0,6.5
V5,0,6
V6,62603,62603
V7,5690.4,3537
V18,3,150
V19,0.912367,64.9615
V20,0.13,0.99
V21,296.75,296.75
V22,59.3,356.3
V23,46078,46078
pKd,7.12609,17.8521
