DNA,RNA
V2,536.649,1799.75
V3,606.285,4544.85
V4,12.5,16
V5,5,21
V6,0,0
V7,0,0
V18,111,415
V19,46.3167,157.065
V20,-1.15,3.35
V21,110.92,110.92
V22,430.5,545.6
V23,20579.5,20579.5
pKd,9.17503,7.69657
