DNA,RNA
V2,1767.13,3976.37
V3,7994.74,20253
V4,17,46.5
V5,10,39
V6,0,0
V7,0,0
V18,503,1142
V19,199.738,472.049
V20,5.75,21.53
V21,184.29,184.29
V22,620,1661
V23,20282.1,20282.1
pKd,9.38066,7.25816
