DNA,RNA
V2,280.05,753.698
V3,-138.542,2570.04
V4,6,6
V5,0,4
V6,0,0
V7,0,0
V18,33,164
V19,12.0197,68.1587
V20,0,2.37
V21,8.76,8.76
V22,0,257.9
V23,15550.3,15550.3
pKd,5.89862,9.44226
