DNA,RNA
V2,486.852,479.256
V3,652.373,-622.232
V4,11,4.5
V5,2,3
V6,0,0
V7,0,0
V18,120,67
V19,46.5147,22.9883
V20,2.03,-0.3
V21,82.78,82.78
V22,288.6,139.1
V23,10649,10649
pKd,7.23252,5.36465
