DNA,RNA
V2,5789.37,4923.18
V3,26601.8,26516.6
V4,79,58
V5,59,48
V6,0,0
V7,0,0
V18,1553,1475
V19,637.315,607.305
V20,13.16,9.23
V21,286.42,286.42
V22,2005,2424.8
V23,44859.1,44859.1
pKd,-8.40803,-0.542014
