DNA,RNA
V2,932.926,0
V3,2792.69,-411.282
V4,20.5,0
V5,7,0
V6,0,0
V7,0,0
V18,215,0
V19,87.1207,0
V20,-1.27,0
V21,22.88,22.88
V22,426.1,0
V23,14898.5,14898.5
pKd,9.63868,6.51363
