DNA,RNA
V2,496.312,448.281
V3,-98.7903,1557.61
V4,13.5,9.5
V5,10,7
V6,0,0
V7,0,0
V18,106,128
V19,39.2818,50.6604
V20,-3.34,-0.92
V21,71.69,71.69
V22,275.7,573.5
V23,13125.5,13125.5
pKd,7.92886,8.79662
