DNA,RNA
V2,0,0
V3,-347.413,-164.955
V4,0,0
V5,0,0
V6,0,0
V7,0,0
V18,3,0
V19,1.37018,0
V20,0,0
V21,163.38,163.38
V22,0,0
V23,28613.3,28613.3
pKd,6.67127,6.4054
