DNA,RNA
V2,84.6865,0
V3,-326.696,-128.046
V4,2,0
V5,0,0
V6,105390,105390
V7,5690.4,3537
V18,10,0
V19,3.63306,0
V20,-1.01,0
V21,3019.97,3019.97
V22,46.2,0
V23,424231,424231
pKd,8.37901,7.42705
