DNA,RNA
V2,5316.44,3433.75
V3,26466.1,14445.9
V4,62,42.5
V5,41,27
V6,0,0
V7,0,0
V18,1444,860
V19,600.675,357.877
V20,8.93,8.51
V21,163.26,163.26
V22,1624.1,1399.9
V23,23214.2,23214.2
pKd,-5.26438,8.93128
