DNA,RNA
V2,63.8897,402.901
V3,-87.8364,2430.15
V4,0.5,10
V5,3,3
V6,0,0
V7,0,0
V18,28,113
V19,11.6064,49.2012
V20,1.84,0.93
V21,208.01,208.01
V22,283,106.1
V23,21189.5,21189.5
pKd,7.84412,9.97586
