DNA,RNA
V2,789.014,393.862
V3,2041.06,-431.675
V4,12,7
V5,6,6
V6,0,0
V7,0,0
V18,148,55
V19,61.9592,19.7356
V20,-2.02,-2.48
V21,122.79,122.79
V22,167.3,285.5
V23,16717.2,16717.2
pKd,9.65835,6.85556
