DNA,RNA
V2,2677.43,12.2466
V3,1626.82,-745.074
V4,29,2.5
V5,1,1
V6,59702.3,59702.3
V7,5690.4,3537
V18,413,4
V19,153.916,1.20194
V20,-2.13,-1.01
V21,994.98,994.98
V22,1128.1,46.2
V23,121693,121693
pKd,12.9125,6.56076
