DNA,RNA
V2,4504.17,3630.94
V3,21978.2,23317
V4,59.5,51
V5,40,38
V6,0,0
V7,0,0
V18,1286,1088
V19,542.109,483.167
V20,3.75,10.45
V21,147.01,147.01
V22,2261.3,1740.2
V23,27406.7,27406.7
pKd,-2.56112,6.44755
