DNA,RNA
V2,4297.19,3481.31
V3,22562.5,17183.3
V4,53.5,35
V5,54,33
V6,0,0
V7,0,0
V18,1253,1023
V19,518.688,413.177
V20,8.44,6.16
V21,225.48,225.48
V22,1519.7,1339.6
V23,31127.6,31127.6
pKd,5.91009,9.26456
