DNA,RNA
V2,1394.89,9.32429
V3,5929.07,-657.119
V4,24,0
V5,0,0
V6,103252,103252
V7,5690.4,3537
V18,397,0
V19,161.046,0
V20,1.97,0
V21,868.58,868.58
V22,603.3,0
V23,123121,123121
pKd,35.3891,6.53721
