DNA,RNA
V2,4755.45,4296.51
V3,26021.4,27808.8
V4,64,53
V5,40,47
V6,0,0
V7,0,0
V18,1349,1444
V19,575.365,602.218
V20,9.58,25.21
V21,269.7,269.7
V22,1787.5,2308.7
V23,34172.6,34172.6
pKd,-4.78841,4.54309
