DNA,RNA
V2,0,49.4869
V3,-585.432,-616.035
V4,0,1.5
V5,0,1
V6,61347.8,61347.8
V7,5690.4,3537
V18,0,5
V19,0,1.51381
V20,0,-1.01
V21,1060.56,1060.56
V22,0,46.2
V23,138541,138541
pKd,7.27803,6.59216
