DNA,RNA
V2,0,113.49
V3,-81.077,-252.715
V4,0,0
V5,0,0
V6,35472.3,35472.3
V7,5690.4,3537
V18,0,2
V19,0,0.601436
V20,0,0
V21,230.22,230.22
V22,0,0
V23,30130.8,30130.8
pKd,7.15369,6.40393
