DNA,RNA
V2,66.1643,0
V3,-287.11,-98.4053
V4,0,0
V5,0,0
V6,0,0
V7,0,0
V18,2,0
V19,0.62029,0
V20,0,0
V21,45.35,45.35
V22,0,0
V23,5238.7,5238.7
pKd,6.24525,6.37615
