DNA,RNA
V2,911.83,21.1969
V3,5010.66,-351.795
V4,14,0
V5,13,0
V6,19872.8,19872.8
V7,5690.4,3537
V18,304,8
V19,127.051,3.05096
V20,-2.97,0
V21,99.59,99.59
V22,595,0
V23,16005.5,16005.5
pKd,18.6558,6.66794
