DNA,RNA
V2,0,0
V3,-116.165,-191.765
V4,0,0
V5,0,0
V6,0,0
V7,0,0
V18,0,0
V19,0,0
V20,0,0
V21,1366.08,1366.08
V22,0,0
V23,284752,284752
pKd,6.38396,6.41718
