DNA,RNA
V2,531.74,4363.29
V3,-321.114,22203
V4,10.5,38
V5,1,41
V6,0,0
V7,0,0
V18,81,1225
V19,31.0132,513.564
V20,-2.64,24.49
V21,290.92,290.92
V22,149.8,1673.6
V23,40930.4,40930.4
pKd,6.47145,5.31737
