DNA,RNA
V2,85.3671,0
V3,-932.851,-395.286
V4,0,0
V5,0,0
V6,37975,37975
V7,5690.4,3537
V18,2,0
V19,0.712831,0
V20,0.26,0
V21,224.63,224.63
V22,59.5,0
V23,27837.8,27837.8
pKd,6.68149,6.66241
