DNA,RNA
V2,4963.92,3823.93
V3,24751.9,24402.8
V4,79.5,56
V5,61,32
V6,0,0
V7,0,0
V18,1408,1260
V19,584.671,526.591
V20,8.81,9.3
V21,144.8,144.8
V22,1667.8,1378.5
V23,23034,23034
pKd,-4.36454,6.90862
