DNA,RNA
V2,794.926,39.0652
V3,814.354,-865.552
V4,24.5,1
V5,10,1
V6,24036.3,24036.3
V7,5690.4,3537
V18,215,13
V19,87.4803,4.58548
V20,1.15,-1.45
V21,175.38,175.38
V22,557.2,188.5
V23,22367.3,22367.3
pKd,12.5476,6.65922
