DNA,RNA
V2,2.83362,0
V3,-205.759,-70.3011
V4,0,0
V5,0,0
V6,0,0
V7,0,0
V18,0,0
V19,0,0
V20,0,0
V21,40.92,40.92
V22,0,0
V23,5317.7,5317.7
pKd,6.41726,6.36381
