DNA,RNA
V2,1.10098,0
V3,-260.077,-143.486
V4,0,0
V5,0,0
V6,0,0
V7,0,0
V18,0,0
V19,0,0
V20,0,0
V21,57.69,57.69
V22,0,0
V23,7551.1,7551.1
pKd,6.44484,6.39596
