DNA,RNA
V2,205.479,86.4268
V3,-330.608,-371.717
V4,5.5,4.5
V5,4,2
V6,0,0
V7,0,0
V18,36,26
V19,13.836,8.69604
V20,0.45,2.7
V21,79.82,79.82
V22,303.8,154.5
V23,12388.5,12388.5
pKd,7.36219,6.30383
