DNA,RNA
V2,3758.8,4565.7
V3,15807.5,29449.6
V4,45,49.5
V5,38,58
V6,0,0
V7,0,0
V18,1026,1434
V19,419.301,607.755
V20,7.15,3.45
V21,190.97,190.97
V22,1823.4,2195.7
V23,29278.7,29278.7
pKd,7.37327,4.34086
