DNA,RNA
V2,0,124.205
V3,-603.233,-417.441
V4,0,0.5
V5,0,1
V6,39302.8,39302.8
V7,5690.4,3537
V18,0,25
V19,0,9.15743
V20,0,-0.64
V21,352.27,352.27
V22,0,55.8
V23,38566.8,38566.8
pKd,6.99598,6.91912
