DNA,RNA
V2,0,0
V3,-711.357,-319.744
V4,0,0
V5,0,0
V6,0,0
V7,0,0
V18,1,0
V19,0.289504,0
V20,0,0
V21,-9.3,-9.3
V22,0,0
V23,41109.2,41109.2
pKd,6.59591,6.47341
