DNA,RNA
V2,3848.16,4812.62
V3,15093.5,24347
V4,54,55.5
V5,40,38
V6,0,0
V7,0,0
V18,965,1269
V19,393.662,534.223
V20,3.87,9.89
V21,404.69,404.69
V22,1588.9,1779.9
V23,50720.3,50720.3
pKd,7.73608,0.0387755
