DNA,RNA
V2,1394.89,8.72125
V3,5929.11,-656.275
V4,24,0
V5,0,0
V6,103260,103260
V7,5690.4,3537
V18,397,0
V19,161.046,0
V20,1.97,0
V21,868.58,868.58
V22,603.3,0
V23,123100,123100
pKd,35.3911,6.53977
