DNA,RNA
V2,31.4832,35.525
V3,-448.81,-473.06
V4,3,0.5
V5,1,1
V6,0,0
V7,0,0
V18,4,9
V19,1.40511,3.39982
V20,-0.64,0.13
V21,152.86,152.86
V22,55.8,59.3
V23,22467.5,22467.5
pKd,6.6442,6.77062
