DNA,RNA
V2,5290.45,3456.06
V3,26138.8,14323.2
V4,62,42.5
V5,41,26
V6,0,0
V7,0,0
V18,1430,863
V19,594.327,358.656
V20,9.91,9.49
V21,164.59,164.59
V22,1617.8,1393.6
V23,23215.9,23215.9
pKd,-4.74925,8.57949
