DNA,RNA
V2,531.202,88.3114
V3,1111.74,-416.401
V4,9.5,0
V5,6,0
V6,0,0
V7,0,0
V18,122,3
V19,47.51,0.949105
V20,-0.18,0
V21,72.14,72.14
V22,343.1,0
V23,13827.2,13827.2
pKd,7.99335,6.2307
