DNA,RNA
V2,9.39694,2174.48
V3,-2321.95,7690.67
V4,0.5,12.5
V5,0,1
V6,0,0
V7,0,0
V18,3,435
V19,1.18349,199.786
V20,0,-6.28
V21,4916.2,4916.2
V22,0,2104.1
V23,639047,639047
pKd,7.3634,16.8999
