DNA,RNA
V2,1413.27,164.094
V3,7674.58,-694.505
V4,19.5,3
V5,8,2
V6,35476.1,35476.1
V7,5690.4,3537
V18,350,17
V19,154.641,6.21162
V20,3.51,-0.77
V21,312.38,312.38
V22,837.4,140.3
V23,33475.9,33475.9
pKd,25.6091,6.82038
