DNA,RNA
V2,104.034,4070.87
V3,-1038.22,20049.6
V4,2,39
V5,2,34
V6,0,0
V7,0,0
V18,14,1125
V19,4.65494,460.485
V20,0.12,22.67
V21,156.79,156.79
V22,117.4,1454.6
V23,20432.6,20432.6
pKd,6.69726,6.65142
