DNA,RNA
V2,0,0
V3,-215.988,-201.035
V4,0,0
V5,0,0
V6,0,0
V7,0,0
V18,0,0
V19,0,0
V20,0,0
V21,2312.36,2312.36
V22,0,0
V23,686307,686307
pKd,6.42782,6.42125
