DNA,RNA
V2,379.303,175.3
V3,1355.55,-672.416
V4,19.5,7.5
V5,6,4
V6,0,0
V7,0,0
V18,146,36
V19,58.5254,11.5138
V20,-2.99,-1.76
V21,48.1,48.1
V22,258,151.9
V23,12222.8,12222.8
pKd,9.25729,6.21803
