DNA,RNA
V2,3237.53,3986.29
V3,14646.5,23208.2
V4,48.5,40
V5,32,38
V6,0,0
V7,0,0
V18,919,1231
V19,380.798,511.767
V20,7.63,6.05
V21,148.76,148.76
V22,1888.3,2091.2
V23,21302.6,21302.6
pKd,9.16208,7.96328
