DNA,RNA
V2,3942.97,5314.42
V3,22220.6,31329.7
V4,67,54
V5,41,44
V6,0,0
V7,0,0
V18,1209,1624
V19,505.529,665.376
V20,11.07,21.86
V21,351.62,351.62
V22,2023.7,1917.3
V23,36866.2,36866.2
pKd,4.25578,-2.28625
