DNA,RNA
V2,2.96666,1107.07
V3,-860.27,7548.02
V4,0,14
V5,0,17
V6,0,0
V7,0,0
V18,5,384
V19,1.67209,163.767
V20,0,-0.4
V21,207.32,207.32
V22,0,454.7
V23,36236,36236
pKd,6.60633,16.7384
