DNA,RNA
V2,139.363,892.66
V3,478.734,1821.6
V4,0.5,11
V5,0,5
V6,0,0
V7,0,0
V18,51,173
V19,19.6726,66.4646
V20,1.7,2.24
V21,45.15,45.15
V22,45.1,289.2
V23,6681.7,6681.7
pKd,6.53905,6.98054
