DNA,RNA
V2,132.971,15.4169
V3,-413.747,-287.745
V4,3.5,0
V5,0,0
V6,0,0
V7,0,0
V18,21,3
V19,7.21679,0.889898
V20,0.72,0
V21,62.45,62.45
V22,51.4,0
V23,7302,7302
pKd,5.97896,6.29169
