DNA,RNA
V2,9371.1,46.7502
V3,48481.2,-636.025
V4,62.5,0
V5,1,0
V6,148020,148020
V7,5690.4,3537
V18,2442,7
V19,1038.85,2.17748
V20,28.67,2.21
V21,5425.72,5425.72
V22,5343.6,124.2
V23,661455,661455
pKd,161.427,6.52816
