DNA,RNA
V2,395.867,0
V3,1442.75,-260.867
V4,3,0
V5,2,0
V6,0,0
V7,0,0
V18,96,2
V19,39.2406,0.720656
V20,3.4,0
V21,47.84,47.84
V22,90.2,0
V23,8432.1,8432.1
pKd,7.99513,6.44281
