DNA,RNA
V2,5065.45,5251.4
V3,25774.2,33157.7
V4,81,54.5
V5,54,45
V6,0,0
V7,0,0
V18,1383,1555
V19,571.782,668.056
V20,6.7,9.91
V21,148.04,148.04
V22,1746.7,1952.9
V23,21623,21623
pKd,-0.223122,-5.98524
