DNA,RNA
V2,794.926,39.0652
V3,814.239,-865.582
V4,24.5,1
V5,10,1
V6,24078.9,24078.9
V7,5690.4,3537
V18,215,13
V19,87.4803,4.58548
V20,1.15,-1.45
V21,170.67,170.67
V22,557.2,188.5
V23,22383.6,22383.6
pKd,12.5515,6.65919
