DNA,RNA
V2,0,0
V3,-314.326,-140.47
V4,0,0
V5,0,0
V6,13583.1,13583.1
V7,5690.4,3537
V18,0,0
V19,0,0
V20,0,0
V21,53.86,53.86
V22,0,0
V23,7314.2,7314.2
pKd,6.67885,6.52387
