DNA,RNA
V2,338.928,420.49
V3,559.262,1661.98
V4,8,4
V5,2,2
V6,0,0
V7,0,0
V18,84,88
V19,33.3303,37.4044
V20,0.39,1.16
V21,160.06,160.06
V22,313.6,102.1
V23,27775.3,27775.3
pKd,7.53265,8.52868
