DNA,RNA
V2,547.159,289.845
V3,1266.54,74.0066
V4,14,8.5
V5,6,2
V6,0,0
V7,0,0
V18,121,40
V19,47.7319,14.7277
V20,3.91,1.01
V21,62.85,62.85
V22,394.3,113.3
V23,10580.2,10580.2
pKd,8.30151,6.39677
