DNA,RNA
V2,17.8566,0
V3,-239.251,-96.5308
V4,0,0
V5,0,0
V6,0,0
V7,0,0
V18,0,0
V19,0,0
V20,0,0
V21,47.24,47.24
V22,0,0
V23,5254.8,5254.8
pKd,6.39982,6.37533
