DNA,RNA
V2,159.658,0
V3,468.983,-189.736
V4,10,0
V5,0,0
V6,0,0
V7,0,0
V18,47,0
V19,19.7109,0
V20,-1.76,0
V21,53.86,53.86
V22,151.9,0
V23,8319.8,8319.8
pKd,7.42103,6.41629
