DNA,RNA
V2,0,0
V3,-139.899,-100.01
V4,0,0
V5,0,0
V6,0,0
V7,0,0
V18,0,0
V19,0,0
V20,0,0
V21,36.99,36.99
V22,0,0
V23,19138.2,19138.2
pKd,6.39439,6.37686
