DNA,RNA
V2,184.815,0
V3,-526.199,-220.232
V4,3.5,0
V5,1,0
V6,0,0
V7,0,0
V18,31,0
V19,10.2601,0
V20,-0.69,0
V21,94.12,94.12
V22,185.2,0
V23,14327.7,14327.7
pKd,5.76301,6.42969
