DNA,RNA
V2,685.3,39.5968
V3,3348.97,-498.972
V4,12,0
V5,3,0
V6,0,0
V7,0,0
V18,214,1
V19,90.8519,0.350871
V20,-0.8,0.26
V21,97.47,97.47
V22,218.1,59.5
V23,14289.8,14289.8
pKd,11.292,6.45855
