DNA,RNA
V2,5196.13,3437.23
V3,25647.2,14552.8
V4,62,42.5
V5,43,27
V6,0,0
V7,0,0
V18,1430,857
V19,591.832,359.428
V20,10.07,9.65
V21,164.75,164.75
V22,1637.2,1413
V23,23235.3,23235.3
pKd,-3.63487,8.86275
