DNA,RNA
V2,3288.61,32.6755
V3,18954.9,-461.874
V4,56.5,0.5
V5,32,3
V6,0,0
V7,0,0
V18,1025,15
V19,422.281,5.68445
V20,4.69,0.9
V21,101.59,101.59
V22,1417.7,111.2
V23,40818.1,40818.1
pKd,11.4335,7.29108
