DNA,RNA
V2,4652.39,4748.05
V3,20685.2,28798.6
V4,56,53
V5,45,38
V6,0,0
V7,0,0
V18,1263,1501
V19,529.38,636.611
V20,9.65,14.85
V21,329,329
V22,1680,1890.6
V23,48364.6,48364.6
pKd,-1.97168,-3.12138
