DNA,RNA
V2,0,97.4007
V3,-310.891,-509.886
V4,0,1
V5,0,0
V6,0,0
V7,0,0
V18,2,4
V19,0.606616,1.17712
V20,0,0
V21,72.59,72.59
V22,0,0
V23,9571,9571
pKd,6.38877,6.16537
