DNA,RNA
V2,797.406,124.657
V3,2380.44,-709.673
V4,2.5,2.5
V5,3,0
V6,50519.7,50519.7
V7,5690.4,3537
V18,165,19
V19,70.0331,6.18924
V20,4.36,0
V21,443.38,443.38
V22,149.8,0
V23,46236.5,46236.5
pKd,16.2869,6.05576
