DNA,RNA
V2,84.6865,0
V3,-326.652,-128.036
V4,2,0
V5,0,0
V6,105360,105360
V7,5690.4,3537
V18,10,0
V19,3.63306,0
V20,-1.01,0
V21,3019.59,3019.59
V22,46.2,0
V23,424041,424041
pKd,8.37849,7.42677
