DNA,RNA
V2,0,0
V3,-203.786,-148.484
V4,0,0
V5,0,0
V6,0,0
V7,0,0
V18,0,0
V19,0,0
V20,0,0
V21,4038.54,4038.54
V22,0,0
V23,555545,555545
pKd,6.42246,6.39816
