DNA,RNA
V2,8244.57,557.867
V3,48740.1,0.955675
V4,111.5,6
V5,86,4
V6,0,0
V7,0,0
V18,2433,146
V19,1024.46,54.1788
V20,9.61,-4.17
V21,178.12,178.12
V22,2406.9,512.2
V23,24376.7,24376.7
pKd,-67.5106,6.50717
