DNA,RNA
V2,369.176,0
V3,-119.493,-550.917
V4,3,0
V5,1,0
V6,0,0
V7,0,0
V18,66,0
V19,27.1,0
V20,1.07,0
V21,1761.89,1761.89
V22,222.2,0
V23,273225,273225
pKd,7.68357,6.57499
