DNA,RNA
V2,0,149.676
V3,-461.393,-12.2389
V4,0,0
V5,0,0
V6,24422.9,24422.9
V7,5690.4,3537
V18,0,20
V19,0,8.45836
V20,0,0
V21,150.57,150.57
V22,0,0
V23,21662.6,21662.6
pKd,6.84204,7.24078
