DNA,RNA
V2,904.287,17.5587
V3,4940.66,-484.011
V4,28,0.5
V5,10,0
V6,0,0
V7,0,0
V18,308,6
V19,137.97,2.11176
V20,-5.21,0
V21,835.68,835.68
V22,577.2,0
V23,243396,243396
pKd,14.2992,6.45832
