DNA,RNA
V2,38.7489,325.364
V3,-440.238,-135.287
V4,2,6.5
V5,0,3
V6,54080.8,54080.8
V7,5690.4,3537
V18,1,44
V19,0.270132,15.9723
V20,0,0.34
V21,324.22,324.22
V22,0,166.7
V23,44865.9,44865.9
pKd,7.17161,7.60636
