DNA,RNA
V2,4455.68,4959.94
V3,26692.9,29808
V4,64,63
V5,36,52
V6,0,0
V7,0,0
V18,1326,1521
V19,565.96,635.998
V20,12.63,6.86
V21,250.46,250.46
V22,1807.2,1972.5
V23,38548,38548
pKd,-1.42718,-1.77971
