DNA,RNA
V2,794.926,39.0652
V3,814.336,-865.563
V4,24.5,1
V5,10,1
V6,24054.6,24054.6
V7,5690.4,3537
V18,215,13
V19,87.4803,4.58548
V20,1.15,-1.45
V21,172.59,172.59
V22,557.2,188.5
V23,22368.8,22368.8
pKd,12.5493,6.65921
