DNA,RNA
V2,177.36,96.9394
V3,-569.028,169.985
V4,3.5,7.5
V5,0,1
V6,0,0
V7,0,0
V18,20,33
V19,7.32894,13.6409
V20,0,-0.04
V21,147.42,147.42
V22,0,71.7
V23,24879,24879
pKd,6.2304,7.30119
