DNA,RNA
V2,526.528,137.493
V3,591.865,272.972
V4,6.5,0
V5,0,0
V6,0,0
V7,0,0
V18,143,57
V19,56.6968,23.5372
V20,-0.51,0.88
V21,992.46,992.46
V22,760.2,171
V23,262773,262773
pKd,7.61026,7.73876
