DNA,RNA
V2,851.808,97.4925
V3,2080.95,-567.55
V4,22,0.5
V5,11,2
V6,0,0
V7,0,0
V18,236,17
V19,94.4159,6.15836
V20,-3.58,-0.96
V21,170.42,170.42
V22,752.7,284.4
V23,32269.5,32269.5
pKd,10.2122,6.79985
