DNA,RNA
V2,20.8791,1543.55
V3,-385.189,3867.9
V4,5,10.5
V5,2,14
V6,0,0
V7,0,0
V18,9,356
V19,3.17971,142.502
V20,-1.01,4.48
V21,191.89,191.89
V22,46.2,619.7
V23,25816.3,25816.3
pKd,6.82917,10.2043
