DNA,RNA
V2,2692.82,1775.81
V3,-3573.93,4591.45
V4,8.5,6
V5,0,2
V6,0,0
V7,0,0
V18,305,459
V19,96.5627,173.187
V20,-9.16,-7.94
V21,1641.8,1641.8
V22,1187.6,1792.9
V23,425277,425277
pKd,-8.29432,2.00934
