DNA,RNA
V2,78.8149,81.6585
V3,-616.056,-1090.37
V4,1.5,4.5
V5,1,2
V6,0,0
V7,0,0
V18,15,29
V19,5.45981,9.72546
V20,-0.77,-0.8
V21,870.12,870.12
V22,61,285.3
V23,184898,184898
pKd,6.64867,6.49529
