DNA,RNA
V2,61.7967,490.795
V3,-538.542,-244.683
V4,4.5,5
V5,1,4
V6,45785.2,45785.2
V7,5690.4,3537
V18,10,62
V19,3.36326,21.6628
V20,-1.01,-1.87
V21,49.91,49.91
V22,46.2,161.9
V23,22745.2,22745.2
pKd,7.15015,6.90363
