DNA,RNA
V2,35.6378,359.23
V3,-581.329,-503.273
V4,2.5,4.5
V5,1,3
V6,0,0
V7,0,0
V18,10,45
V19,3.82909,14.7631
V20,-1.01,2.11
V21,88.59,88.59
V22,46.2,104.5
V23,20624.2,20624.2
pKd,6.83699,5.49223
