DNA,RNA
V2,84.6865,0
V3,-326.684,-128.043
V4,2,0
V5,0,0
V6,105332,105332
V7,5690.4,3537
V18,10,0
V19,3.63306,0
V20,-1.01,0
V21,3009.65,3009.65
V22,46.2,0
V23,424031,424031
pKd,8.37788,7.42648
