DNA,RNA
V2,0,1990.95
V3,-970.72,12793.6
V4,0,31.5
V5,0,19
V6,42369.7,42369.7
V7,5690.4,3537
V18,4,620
V19,1.67457,266.847
V20,0,6.55
V21,222.14,222.14
V22,0,871.5
V23,30817,30817
pKd,7.03146,35.4314
