DNA,RNA
V2,85.3671,0
V3,-932.157,-394.641
V4,0,0
V5,0,0
V6,37932.3,37932.3
V7,5690.4,3537
V18,2,0
V19,0.712831,0
V20,0.26,0
V21,227.34,227.34
V22,59.5,0
V23,27836.7,27836.7
pKd,6.68152,6.66244
