DNA,RNA
V2,4889.03,4323.66
V3,28269.7,28504.6
V4,66,52.5
V5,56,52
V6,0,0
V7,0,0
V18,1384,1424
V19,584.665,597.956
V20,3.2,8.31
V21,169.55,169.55
V22,1260.4,1685.9
V23,38587.4,38587.4
pKd,-0.516796,5.34076
