DNA,RNA
V2,0,0
V3,-314.368,-140.464
V4,0,0
V5,0,0
V6,13612.3,13612.3
V7,5690.4,3537
V18,0,0
V19,0,0
V20,0,0
V21,55.23,55.23
V22,0,0
V23,7296,7296
pKd,6.67936,6.52415
