DNA,RNA
V2,150.197,587.66
V3,-740.828,27.8727
V4,7,9.5
V5,1,5
V6,29033.9,29033.9
V7,5690.4,3537
V18,34,92
V19,11.949,34.5379
V20,-2.36,0.85
V21,93.58,93.58
V22,254.1,233.2
V23,20579.5,20579.5
pKd,6.74414,8.01478
