DNA,RNA
V2,279.261,1127.42
V3,-1087.38,2873.15
V4,4,6
V5,0,5
V6,0,0
V7,0,0
V18,56,225
V19,22.7307,91.986
V20,-1.76,3.4
V21,640.5,640.5
V22,108.8,422.6
V23,194902,194902
pKd,7.53264,9.15695
