DNA,RNA
V2,258.719,616.506
V3,415.254,3036.12
V4,2.5,15
V5,0,6
V6,0,0
V7,0,0
V18,80,180
V19,31.8645,73.3578
V20,-0.55,0.89
V21,76.67,76.67
V22,244.6,411.7
V23,14235,14235
pKd,7.31739,9.82508
