DNA,RNA
V2,1088.69,1.46569
V3,4965.75,-328.926
V4,19.5,0
V5,12,0
V6,0,0
V7,0,0
V18,301,2
V19,123.918,0.567443
V20,1.07,0
V21,13.78,13.78
V22,524.2,0
V23,9994.8,9994.8
pKd,12.0523,6.36744
