DNA,RNA
V2,369.176,0
V3,-122.774,-552.113
V4,3,0
V5,1,0
V6,0,0
V7,0,0
V18,66,0
V19,27.1,0
V20,1.07,0
V21,1763.35,1763.35
V22,222.2,0
V23,273184,273184
pKd,7.68472,6.57552
