DNA,RNA
V2,0,61.3814
V3,-83.9756,-287.492
V4,0,1
V5,0,2
V6,11967.3,11967.3
V7,5690.4,3537
V18,0,3
V19,0,0.992963
V20,0,-1.01
V21,50.81,50.81
V22,0,46.2
V23,6914.7,6914.7
pKd,6.63848,6.80146
