DNA,RNA
V2,605.267,206.509
V3,3030.95,-933.103
V4,18.5,5.5
V5,3,1
V6,47501,47501
V7,5690.4,3537
V18,224,26
V19,95.5972,8.70467
V20,-0.31,0.25
V21,282.02,282.02
V22,731.2,176.7
V23,45773.9,45773.9
pKd,18.7228,6.04261
