DNA,RNA
V2,4.51098,910.665
V3,-340.534,5629.18
V4,0,18
V5,0,7
V6,43288.5,43288.5
V7,5690.4,3537
V18,0,288
V19,0,121.337
V20,0,2.93
V21,229.06,229.06
V22,0,351.8
V23,28259.7,28259.7
pKd,7.17687,21.5656
