DNA,RNA
V2,795.43,39.0652
V3,808.775,-865.818
V4,24.5,1
V5,10,1
V6,24049.8,24049.8
V7,5690.4,3537
V18,215,13
V19,87.4803,4.58548
V20,1.15,-1.45
V21,172.54,172.54
V22,557.2,188.5
V23,22370.1,22370.1
pKd,12.543,6.65917
