DNA,RNA
V2,31.4894,3589.74
V3,-518.47,21872
V4,0.5,34
V5,0,48
V6,0,0
V7,0,0
V18,2,1103
V19,0.659886,456.428
V20,0,17.4
V21,112.35,112.35
V22,0,1389.1
V23,19710.2,19710.2
pKd,6.44597,13.2782
