DNA,RNA
V2,1.10098,0
V3,-258.825,-142.969
V4,0,0
V5,0,0
V6,0,0
V7,0,0
V18,0,0
V19,0,0
V20,0,0
V21,57.14,57.14
V22,0,0
V23,7543.7,7543.7
pKd,6.44429,6.39574
