DNA,RNA
V2,3762.88,140.447
V3,18823.1,-987.933
V4,67,7.5
V5,23,2
V6,75727.4,75727.4
V7,5690.4,3537
V18,949,19
V19,399.082,6.71247
V20,0.1,-1.52
V21,306.68,306.68
V22,1005.1,161.3
V23,46924.7,46924.7
pKd,58.5325,6.50591
