DNA,RNA
V2,794.926,39.0652
V3,814.347,-865.55
V4,24.5,1
V5,10,1
V6,23996.3,23996.3
V7,5690.4,3537
V18,215,13
V19,87.4803,4.58548
V20,1.15,-1.45
V21,175.14,175.14
V22,557.2,188.5
V23,22378,22378
pKd,12.5438,6.65925
