DNA,RNA
V2,715.829,158.547
V3,2640.15,-392.44
V4,13,4
V5,9,2
V6,25355.2,25355.2
V7,5690.4,3537
V18,193,25
V19,76.6349,9.05778
V20,6.31,1.32
V21,108.69,108.69
V22,507.7,194.6
V23,15879.3,15879.3
pKd,13.2328,6.87672
