DNA,RNA
V2,471.25,12.681
V3,208.797,-550.769
V4,8,0.5
V5,3,0
V6,54599.2,54599.2
V7,5690.4,3537
V18,94,2
V19,34.1789,0.725004
V20,-2.06,0
V21,301.48,301.48
V22,164.1,0
V23,38688.2,38688.2
pKd,9.01653,6.63262
