DNA,RNA
V2,4406.01,4926.58
V3,25496.2,26457.5
V4,71,45
V5,50,46
V6,0,0
V7,0,0
V18,1362,1319
V19,565.541,558.744
V20,7.44,17.64
V21,184.25,184.25
V22,1356.2,2102.9
V23,24261.2,24261.2
pKd,2.77515,1.70379
