DNA,RNA
V2,150.197,587.66
V3,-740.739,27.9106
V4,7,9.5
V5,1,5
V6,28955.4,28955.4
V7,5690.4,3537
V18,34,92
V19,11.949,34.5379
V20,-2.36,0.85
V21,94.59,94.59
V22,254.1,233.2
V23,20612.6,20612.6
pKd,6.74275,8.01193
