DNA,RNA
V2,0,0
V3,-245.732,-58.9151
V4,0,0
V5,0,0
V6,132202,132202
V7,5690.4,3537
V18,0,0
V19,0,0
V20,0,0
V21,5530.51,5530.51
V22,0,0
V23,722265,722265
pKd,8.91006,7.83992
