DNA,RNA
V2,8.21113,889.883
V3,-201.61,6596.23
V4,0,18
V5,0,11
V6,0,0
V7,0,0
V18,0,283
V19,0,126.828
V20,0,5.41
V21,49.37,49.37
V22,0,352.6
V23,4746.1,4746.1
pKd,6.40393,16.0832
