DNA,RNA
V2,7.10546,276.334
V3,-382.907,-381.58
V4,0,4.5
V5,0,6
V6,0,0
V7,0,0
V18,0,61
V19,0,21.5511
V20,0,3.12
V21,1543.98,1543.98
V22,0,309.5
V23,373042,373042
pKd,6.48596,6.83357
