DNA,RNA
V2,519.053,0.563518
V3,1777.23,-250.458
V4,8,0
V5,2,0
V6,13823.3,13823.3
V7,5690.4,3537
V18,149,0
V19,59.1755,0
V20,3.91,0
V21,106.12,106.12
V22,248.6,0
V23,9503.1,9503.1
pKd,9.69351,6.53368
