DNA,RNA
V2,1149.98,112.977
V3,3625.95,-732.483
V4,27.5,1.5
V5,10,2
V6,0,0
V7,0,0
V18,295,20
V19,115.851,7.01508
V20,6.77,-1.28
V21,67.81,67.81
V22,678.3,111.6
V23,11388,11388
pKd,9.77841,6.67478
