DNA,RNA
V2,449.263,86.6643
V3,1169.01,-415.231
V4,7.5,5.5
V5,2,1
V6,0,0
V7,0,0
V18,102,22
V19,47.6825,7.47061
V20,2.15,0.46
V21,78.55,78.55
V22,225.2,193.7
V23,8880,8880
pKd,11.3394,6.24541
