DNA,RNA
V2,440.318,255.812
V3,-266.349,-11.0584
V4,20.5,8.5
V5,8,4
V6,0,0
V7,0,0
V18,99,63
V19,36.8065,24.7576
V20,2.43,-0.86
V21,125.44,125.44
V22,320.2,115.7
V23,20644.6,20644.6
pKd,7.71444,7.75179
