DNA,RNA
V2,380.288,22.4101
V3,-413.397,12.5112
V4,3.5,0.5
V5,0,1
V6,0,0
V7,0,0
V18,53,14
V19,19.5787,6.07258
V20,-0.64,0.72
V21,84.56,84.56
V22,137.7,51.4
V23,15819.5,15819.5
pKd,5.85958,7.15421
