DNA,RNA
V2,1971.91,0.370796
V3,8308.27,-508.453
V4,44,0
V5,29,0
V6,0,0
V7,0,0
V18,543,0
V19,224.148,0
V20,4.91,0
V21,254.45,254.45
V22,1318.8,0
V23,42586.8,42586.8
pKd,13.3874,6.55554
