DNA,RNA
V2,733.626,64.4733
V3,418.088,-679.106
V4,13.5,0.5
V5,5,0
V6,0,0
V7,0,0
V18,151,2
V19,54.5568,0.713636
V20,3.15,0
V21,83.27,83.27
V22,332.6,0
V23,14551.1,14551.1
pKd,5.88879,6.47956
