DNA,RNA
V2,3761.39,969.982
V3,14429.4,1984.6
V4,42.5,16.5
V5,23,10
V6,0,0
V7,0,0
V18,890,214
V19,362.632,86.0179
V20,5.98,1.58
V21,226.58,226.58
V22,1480.6,615.1
V23,28465.2,28465.2
pKd,6.92089,9.77103
