DNA,RNA
V2,0,0
V3,-245.693,-58.907
V4,0,0
V5,0,0
V6,132167,132167
V7,5690.4,3537
V18,0,0
V19,0,0
V20,0,0
V21,5519.25,5519.25
V22,0,0
V23,722348,722348
pKd,8.90948,7.83955
