DNA,RNA
V2,3385.7,475.67
V3,14506.9,87.0179
V4,59,14.5
V5,32,2
V6,0,0
V7,0,0
V18,776,75
V19,327.923,27.4943
V20,5.06,2.25
V21,129.77,129.77
V22,912.6,249.9
V23,18024,18024
pKd,9.22188,6.23896
