DNA,RNA
V2,2068.88,0
V3,12793.8,-230.064
V4,33.5,0
V5,12,0
V6,0,0
V7,0,0
V18,569,1
V19,241.889,0.345775
V20,0.26,-0.99
V21,12.42,12.42
V22,501.8,47.8
V23,2831.7,2831.7
pKd,14.4506,6.42194
