DNA,RNA
V2,403.322,76.3991
V3,255.432,-499.786
V4,8,0.5
V5,6,2
V6,0,0
V7,0,0
V18,77,4
V19,29.4227,1.17108
V20,-0.31,-1.01
V21,70.52,70.52
V22,218.9,46.2
V23,13268.2,13268.2
pKd,7.57965,6.65282
