DNA,RNA
V2,829.555,1.37083
V3,6318.01,-252.306
V4,29,0.5
V5,7,0
V6,0,0
V7,0,0
V18,335,5
V19,140.467,1.54275
V20,-1.15,-1.01
V21,171.14,171.14
V22,365.9,46.2
V23,39800.6,39800.6
pKd,12.9738,6.2595
