DNA,RNA
V2,363.32,75.4582
V3,961.595,-393.501
V4,4.5,0.5
V5,4,0
V6,7480.5,7480.5
V7,5690.4,3537
V18,72,4
V19,28.1556,1.3022
V20,1.28,0
V21,23.16,23.16
V22,175,0
V23,3837.1,3837.1
pKd,8.02756,6.27094
