DNA,RNA
V2,1766.08,3978
V3,7991.02,20249.1
V4,17,46.5
V5,10,39
V6,0,0
V7,0,0
V18,503,1142
V19,199.726,472.049
V20,5.75,21.53
V21,184.2,184.2
V22,620,1661
V23,20251.7,20251.7
pKd,9.38005,7.24492
