DNA,RNA
V2,65.4277,999.186
V3,-465.836,5871.96
V4,1.5,12
V5,0,10
V6,70965.4,70965.4
V7,5690.4,3537
V18,2,290
V19,0.731713,125.197
V20,0,0.08
V21,322.92,322.92
V22,0,399.2
V23,53284.9,53284.9
pKd,7.43601,29.2007
