DNA,RNA
V2,859.727,50.9557
V3,5601.61,-597.522
V4,14,0
V5,17,0
V6,17123.9,17123.9
V7,5690.4,3537
V18,271,4
V19,123.351,1.53884
V20,2.19,0.13
V21,209.03,209.03
V22,549,59.3
V23,17306.9,17306.9
pKd,22.8303,6.53577
