DNA,RNA
V2,931.9,89.5231
V3,2864.85,-428.837
V4,17.5,0
V5,11,1
V6,0,0
V7,0,0
V18,240,11
V19,92.8647,3.77428
V20,0.42,-0.81
V21,90.87,90.87
V22,531.7,132.7
V23,15198.3,15198.3
pKd,9.06038,6.40058
