DNA,RNA
V2,0,0
V3,-176.716,-99.7304
V4,0,0
V5,0,0
V6,0,0
V7,0,0
V18,0,0
V19,0,0
V20,0,0
V21,64.8,64.8
V22,0,0
V23,14793.5,14793.5
pKd,6.41056,6.37674
