DNA,RNA
V2,0,0
V3,-186.511,-99.983
V4,0,0
V5,0,0
V6,0,0
V7,0,0
V18,0,0
V19,0,0
V20,0,0
V21,65.1,65.1
V22,0,0
V23,14802.8,14802.8
pKd,6.41487,6.37685
