DNA,RNA
V2,1141.02,316.403
V3,3783.34,-610.688
V4,15.5,6
V5,5,3
V6,0,0
V7,0,0
V18,256,38
V19,104.543,15.0497
V20,2.81,-1.3
V21,125.41,125.41
V22,429.8,226.9
V23,37807.4,37807.4
pKd,9.57241,7.27073
