DNA,RNA
V2,35.3634,0
V3,-322.347,-203.44
V4,0,0
V5,0,0
V6,0,0
V7,0,0
V18,0,0
V19,0,0
V20,0,0
V21,92.06,92.06
V22,0,0
V23,14364,14364
pKd,6.39886,6.42231
