DNA,RNA
V2,946.233,0
V3,7566.29,-318.829
V4,21,0
V5,9,0
V6,0,0
V7,0,0
V18,342,1
V19,153.399,0.33503
V20,0.53,0
V21,3044.83,3044.83
V22,599,0
V23,740166,740166
pKd,16.8047,6.45378
