DNA,RNA
V2,5242.18,53.861
V3,29855.1,-486.596
V4,76,0
V5,49,0
V6,72824.8,72824.8
V7,5690.4,3537
V18,1531,5
V19,646.992,1.58805
V20,3.65,-0.99
V21,133.18,133.18
V22,1645.8,47.8
V23,37511,37511
pKd,67.2683,6.56677
