DNA,RNA
V2,946.233,0
V3,7566.27,-318.832
V4,21,0
V5,9,0
V6,0,0
V7,0,0
V18,342,1
V19,153.399,0.33503
V20,0.53,0
V21,3042.65,3042.65
V22,599,0
V23,740246,740246
pKd,16.8047,6.45378
