DNA,RNA
V2,911.83,21.1969
V3,5004.57,-353.114
V4,14,0
V5,13,0
V6,19904.8,19904.8
V7,5690.4,3537
V18,304,8
V19,127.051,3.05096
V20,-2.97,0
V21,101.49,101.49
V22,595,0
V23,15998.3,15998.3
pKd,18.6589,6.66814
