DNA,RNA
V2,0,0
V3,-245.656,-58.9012
V4,0,0
V5,0,0
V6,132211,132211
V7,5690.4,3537
V18,0,0
V19,0,0
V20,0,0
V21,5518.51,5518.51
V22,0,0
V23,722241,722241
pKd,8.91039,7.84005
