DNA,RNA
V2,2096.58,14.3249
V3,11462.2,-733.371
V4,33.5,0
V5,26,0
V6,0,0
V7,0,0
V18,640,6
V19,271.159,2.28764
V20,-0.96,0.26
V21,185.44,185.44
V22,1122.9,59.5
V23,23434,23434
pKd,15.507,6.69365
