DNA,RNA
V2,3964.1,5314.42
V3,22452.6,31328.8
V4,65.5,54
V5,41,44
V6,0,0
V7,0,0
V18,1224,1624
V19,511.039,665.376
V20,10.72,21.86
V21,351.27,351.27
V22,2015.7,1917.3
V23,36858.2,36858.2
pKd,4.48651,-2.28731
