DNA,RNA
V2,94.0419,0
V3,-213.11,-132.29
V4,0,0
V5,0,0
V6,5049.4,5049.4
V7,5690.4,3537
V18,9,0
V19,2.87773,0
V20,0,0
V21,38.21,38.21
V22,0,0
V23,2732.8,2732.8
pKd,6.07457,6.43982
