DNA,RNA
V2,4008.02,5656.47
V3,19893.3,24069.6
V4,61,48.5
V5,10,49
V6,0,0
V7,0,0
V18,1131,1424
V19,473.754,582.116
V20,-1.1,19.06
V21,362.83,362.83
V22,1750.5,1900.8
V23,71209.7,71209.7
pKd,1.25226,-5.61483
