DNA,RNA
V2,1133.04,226.314
V3,3619.76,-533.798
V4,32,0.5
V5,15,1
V6,21510.2,21510.2
V7,5690.4,3537
V18,280,22
V19,112.196,7.61332
V20,-0.65,2.51
V21,116.68,116.68
V22,649.1,107.6
V23,16131.6,16131.6
pKd,15.4753,6.19315
