DNA,RNA
V2,559.854,0
V3,1656.3,-247.699
V4,30,0
V5,8,0
V6,0,0
V7,0,0
V18,170,0
V19,69.883,0
V20,1.53,0
V21,240.65,240.65
V22,631.9,0
V23,40631,40631
pKd,9.77177,6.44175
