DNA,RNA
V2,142.339,91.0217
V3,-601.993,-568.241
V4,3.5,0
V5,2,0
V6,0,0
V7,0,0
V18,41,7
V19,16.1619,2.15803
V20,-2.93,0
V21,125.45,125.45
V22,213.6,0
V23,29426.8,29426.8
pKd,7.46797,6.12572
