DNA,RNA
V2,5182.01,3433.75
V3,25214.5,14451.5
V4,53,42.5
V5,40,27
V6,0,0
V7,0,0
V18,1387,860
V19,576.312,357.877
V20,11.48,8.51
V21,166.16,166.16
V22,1633.3,1399.9
V23,23231.4,23231.4
pKd,-3.01927,8.93595
