DNA,RNA
V2,150.197,587.66
V3,-740.293,28.9382
V4,7,9.5
V5,1,5
V6,28938.3,28938.3
V7,5690.4,3537
V18,34,92
V19,11.949,34.5379
V20,-2.36,0.85
V21,96.45,96.45
V22,254.1,233.2
V23,20604.3,20604.3
pKd,6.74265,8.01181
