DNA,RNA
V2,4455.68,4959.94
V3,26692.8,29807.7
V4,64,63
V5,36,52
V6,0,0
V7,0,0
V18,1326,1521
V19,565.96,635.998
V20,12.63,6.86
V21,251.04,251.04
V22,1807.2,1972.5
V23,38555.4,38555.4
pKd,-1.42733,-1.78014
