DNA,RNA
V2,18.8275,608.809
V3,-359.237,4024.42
V4,1.5,8
V5,1,4
V6,15609.7,15609.7
V7,5690.4,3537
V18,1,207
V19,0.346551,83.9212
V20,1.54,2.46
V21,51.65,51.65
V22,55.4,220
V23,8154,8154
pKd,6.89348,12.1983
