DNA,RNA
V2,0,0
V3,-68.6186,-81.6901
V4,0,0
V5,0,0
V6,0,0
V7,0,0
V18,0,0
V19,0,0
V20,0,0
V21,-16.53,-16.53
V22,0,0
V23,6282.7,6282.7
pKd,6.36306,6.36881
