DNA,RNA
V2,0,0
V3,-244.197,-136.369
V4,0,0
V5,0,0
V6,0,0
V7,0,0
V18,0,0
V19,0,0
V20,0,0
V21,276.86,276.86
V22,0,0
V23,40545.7,40545.7
pKd,6.44022,6.39283
