DNA,RNA
V2,280.05,728.231
V3,-137.701,2591.44
V4,6,6
V5,0,4
V6,0,0
V7,0,0
V18,33,162
V19,12.0197,67.5855
V20,0,2.24
V21,8.63,8.63
V22,0,277.9
V23,15570.3,15570.3
pKd,5.89841,9.59852
