DNA,RNA
V2,53.0266,58.6221
V3,-966.566,-653.69
V4,0.5,1
V5,2,0
V6,61816.7,61816.7
V7,5690.4,3537
V18,7,0
V19,2.46742,0
V20,-0.48,0
V21,1049.71,1049.71
V22,191.5,0
V23,126937,126937
pKd,7.34665,6.43925
