DNA,RNA
V2,0,0
V3,-347.398,-164.919
V4,0,0
V5,0,0
V6,0,0
V7,0,0
V18,3,0
V19,1.37018,0
V20,0,0
V21,164.16,164.16
V22,0,0
V23,28621.1,28621.1
pKd,6.67126,6.40538
