DNA,RNA
V2,4862.68,4073.35
V3,22120.8,22635.8
V4,62.5,63.5
V5,2,41
V6,0,0
V7,0,0
V18,1405,1182
V19,574.053,487.866
V20,19.09,3.11
V21,624.81,624.81
V22,3343,1879.4
V23,126571,126571
pKd,-5.93324,8.35689
