DNA,RNA
V2,0,0
V3,-203.723,-148.383
V4,0,0
V5,0,0
V6,0,0
V7,0,0
V18,0,0
V19,0,0
V20,0,0
V21,4044.02,4044.02
V22,0,0
V23,555379,555379
pKd,6.42243,6.39811
