DNA,RNA
V2,2692.19,1776.53
V3,-3572.31,4593.64
V4,8.5,6
V5,0,1
V6,0,0
V7,0,0
V18,305,458
V19,96.5739,172.906
V20,-8.39,-9.17
V21,1650.24,1650.24
V22,1199.7,1739.5
V23,425526,425526
pKd,-8.28725,1.84538
