DNA,RNA
V2,102.895,6.28741
V3,-860.215,-388.888
V4,1.5,0
V5,0,0
V6,0,0
V7,0,0
V18,13,0
V19,6.87915,0
V20,-1.63,0
V21,76.33,76.33
V22,182.9,0
V23,26377,26377
pKd,7.8464,6.49033
