DNA,RNA
V2,520.499,79.9975
V3,801.698,-702.072
V4,9.5,4.5
V5,3,0
V6,0,0
V7,0,0
V18,119,9
V19,50.0504,3.7364
V20,-0.24,-1.01
V21,167.63,167.63
V22,570.5,46.2
V23,27846.8,27846.8
pKd,9.28927,6.70938
