DNA,RNA
V2,1084.31,0
V3,3954.92,-441.113
V4,29,0
V5,5,0
V6,0,0
V7,0,0
V18,318,1
V19,131.707,0.293563
V20,0.75,0
V21,76.48,76.48
V22,521.2,0
V23,14391.3,14391.3
pKd,10.618,6.47987
