DNA,RNA
V2,0,0
V3,-215.988,-201.052
V4,0,0
V5,0,0
V6,0,0
V7,0,0
V18,0,0
V19,0,0
V20,0,0
V21,2314.01,2314.01
V22,0,0
V23,686388,686388
pKd,6.42782,6.42126
