DNA,RNA
V2,39.1791,0
V3,-918.691,-372.346
V4,0.5,0
V5,1,0
V6,121087,121087
V7,5690.4,3537
V18,9,0
V19,2.92474,0
V20,0.92,0
V21,3647.88,3647.88
V22,131.3,0
V23,370011,370011
pKd,7.54494,7.10697
