DNA,RNA
V2,256.653,85.7483
V3,2067.71,-506.133
V4,9,3.5
V5,6,2
V6,0,0
V7,0,0
V18,120,7
V19,52.814,2.30949
V20,-0.86,-0.99
V21,74.67,74.67
V22,107.1,47.8
V23,8505.1,8505.1
pKd,11.5627,6.66061
