DNA,RNA
V2,1032.72,329.893
V3,-1000.73,-317.777
V4,16,5.5
V5,1,2
V6,66738,66738
V7,5690.4,3537
V18,130,61
V19,45.3291,20.9669
V20,-2.71,-0.6
V21,763.6,763.6
V22,452.9,66
V23,109890,109890
pKd,6.76449,7.02058
