DNA,RNA
V2,4453.2,457.606
V3,25625.6,308.736
V4,49,14.5
V5,41,14
V6,0,0
V7,0,0
V18,1350,121
V19,564.003,45.0524
V20,12.16,-1.86
V21,1078.01,1078.01
V22,1455.5,373.4
V23,203532,203532
pKd,3.39642,8.90216
