DNA,RNA
V2,195.742,38.7852
V3,-84.069,-441.062
V4,4.5,0.5
V5,1,0
V6,10220.9,10220.9
V7,5690.4,3537
V18,32,5
V19,12.148,1.58626
V20,0.96,0
V21,107.01,107.01
V22,59.6,79.3
V23,8466.5,8466.5
pKd,6.88743,6.31605
