DNA,RNA
V2,5291.36,3433.75
V3,26421.8,14446.5
V4,62,42.5
V5,41,27
V6,0,0
V7,0,0
V18,1440,860
V19,599.213,357.877
V20,8.93,8.51
V21,162.84,162.84
V22,1624.1,1399.9
V23,23210.1,23210.1
pKd,-5.07371,8.93178
