DNA,RNA
V2,1.10098,0
V3,-258.973,-143.14
V4,0,0
V5,0,0
V6,0,0
V7,0,0
V18,0,0
V19,0,0
V20,0,0
V21,54.43,54.43
V22,0,0
V23,7544.8,7544.8
pKd,6.44435,6.39581
