DNA,RNA
V2,1394.89,8.72125
V3,5929.09,-656.282
V4,24,0
V5,0,0
V6,103175,103175
V7,5690.4,3537
V18,397,0
V19,161.046,0
V20,1.97,0
V21,911.54,911.54
V22,603.3,0
V23,123335,123335
pKd,35.3708,6.53977
