DNA,RNA
V2,1394.89,8.72125
V3,5929.09,-656.288
V4,24,0
V5,0,0
V6,103269,103269
V7,5690.4,3537
V18,397,0
V19,161.046,0
V20,1.97,0
V21,879.97,879.97
V22,603.3,0
V23,123075,123075
pKd,35.3932,6.53975
