DNA,RNA
V2,458.021,3419.62
V3,756.514,19402
V4,17,54.5
V5,4,35
V6,0,0
V7,0,0
V18,127,956
V19,51.3953,410.985
V20,-3.26,4.94
V21,75.46,75.46
V22,476,1208.8
V23,17512,17512
pKd,8.65981,8.89688
