DNA,RNA
V2,171.521,0
V3,-186.252,-140.969
V4,3,0
V5,0,0
V6,17978.2,17978.2
V7,5690.4,3537
V18,21,0
V19,7.04916,0
V20,0,0
V21,65.08,65.08
V22,0,0
V23,11793.7,11793.7
pKd,6.19641,6.56613
