DNA,RNA
V2,148.45,0
V3,-509.161,-240.547
V4,4.5,0
V5,0,0
V6,0,0
V7,0,0
V18,12,0
V19,4.4215,0
V20,0,0
V21,89.9,89.9
V22,0,0
V23,14781.4,14781.4
pKd,6.27716,6.43861
