DNA,RNA
V2,644.606,62.2257
V3,2505.43,-518.886
V4,17,2
V5,11,0
V6,0,0
V7,0,0
V18,205,8
V19,85.2133,3.20153
V20,-4.15,0
V21,92.9,92.9
V22,540.2,0
V23,12921.6,12921.6
pKd,11.7031,6.60433
