DNA,RNA
V2,1394.89,8.72125
V3,5929.15,-656.268
V4,24,0
V5,0,0
V6,103265,103265
V7,5690.4,3537
V18,397,0
V19,161.046,0
V20,1.97,0
V21,868.63,868.63
V22,603.3,0
V23,123120,123120
pKd,35.3924,6.53978
