DNA,RNA
V2,302.026,839.203
V3,-921.647,6586.99
V4,9.5,14.5
V5,3,4
V6,0,0
V7,0,0
V18,26,290
V19,8.74016,124.819
V20,-0.5,2.34
V21,769.63,769.63
V22,270.2,398.5
V23,172336,172336
pKd,6.31403,13.3909
