DNA,RNA
V2,0,0
V3,-532.671,-102.785
V4,0,0
V5,0,0
V6,161318,161318
V7,5690.4,3537
V18,0,0
V19,0,0
V20,0,0
V21,5465.01,5465.01
V22,0,0
V23,739069,739069
pKd,8.66547,8.04612
