DNA,RNA
V2,0,0
V3,-116.09,-191.777
V4,0,0
V5,0,0
V6,0,0
V7,0,0
V18,0,0
V19,0,0
V20,0,0
V21,1366.14,1366.14
V22,0,0
V23,284783,284783
pKd,6.38392,6.41718
