DNA,RNA
V2,129.363,0
V3,110.152,-224.598
V4,6,0
V5,2,0
V6,0,0
V7,0,0
V18,63,2
V19,23.9511,0.86983
V20,-0.22,0
V21,52.09,52.09
V22,139.2,0
V23,9502,9502
pKd,7.12856,6.52632
