DNA,RNA
V2,1854.58,35.9249
V3,10764.6,-777.508
V4,37,0
V5,20,0
V6,111082,111082
V7,5690.4,3537
V18,553,2
V19,239.721,0.567263
V20,0.51,0
V21,814.37,814.37
V22,745.8,0
V23,141129,141129
pKd,58.2498,6.22197
