DNA,RNA
V2,69.2459,0
V3,94.9359,-167.528
V4,0.5,0
V5,1,0
V6,0,0
V7,0,0
V18,27,0
V19,9.90759,0
V20,0.81,0
V21,33.18,33.18
V22,94.1,0
V23,4569.6,4569.6
pKd,6.42382,6.40653
