DNA,RNA
V2,139.139,0
V3,-116.142,-98.1274
V4,2,0
V5,0,0
V6,0,0
V7,0,0
V18,30,0
V19,10.1276,0
V20,-1.01,0
V21,43.35,43.35
V22,46.2,0
V23,7334.3,7334.3
pKd,5.59884,6.37603
