DNA,RNA
V2,402.042,2.00458
V3,943.595,-522.183
V4,9.5,0
V5,1,0
V6,0,0
V7,0,0
V18,112,0
V19,46.1693,0
V20,1.22,0
V21,48.89,48.89
V22,386.1,0
V23,8595.6,8595.6
pKd,8.45544,6.55807
