DNA,RNA
V2,2677.81,1775.81
V3,-3569.31,4592.03
V4,8.5,6
V5,0,2
V6,0,0
V7,0,0
V18,305,459
V19,96.5807,173.187
V20,-8.04,-7.94
V21,1650.87,1650.87
V22,1207.7,1792.9
V23,425504,425504
pKd,-8.24194,2.00919
