DNA,RNA
V2,382.466,483.936
V3,2005.63,-13.0876
V4,14,12
V5,2,6
V6,0,0
V7,0,0
V18,161,92
V19,64.0516,32.6166
V20,3.69,-2.46
V21,99.35,99.35
V22,434.3,299.2
V23,12786.7,12786.7
pKd,8.56871,6.41932
