DNA,RNA
V2,76.5071,720.687
V3,-21.6761,5061.94
V4,7.5,12.5
V5,5,9
V6,16285.5,16285.5
V7,5690.4,3537
V18,22,230
V19,7.96499,96.6013
V20,0.53,-0.77
V21,65.22,65.22
V22,101.6,342.7
V23,9951.1,9951.1
pKd,7.81165,15.528
