DNA,RNA
V2,916.423,115.857
V3,4457.16,-487.999
V4,13.5,0
V5,7,0
V6,17442.9,17442.9
V7,5690.4,3537
V18,224,4
V19,93.4462,1.28655
V20,6.59,0.31
V21,93.33,93.33
V22,466.4,58.2
V23,9935.2,9935.2
pKd,14.7153,6.23658
