DNA,RNA
V2,108.839,0
V3,-683.2,-323.442
V4,2.5,0
V5,0,0
V6,16099.1,16099.1
V7,5690.4,3537
V18,12,0
V19,4.54798,0
V20,-2.42,0
V21,98.33,98.33
V22,163,0
V23,14231.7,14231.7
pKd,6.65173,6.55457
