DNA,RNA
V2,620.56,27.4783
V3,1191.25,-623.524
V4,6.5,0
V5,3,0
V6,20610.3,20610.3
V7,5690.4,3537
V18,148,0
V19,58.2049,0
V20,0.9,0
V21,207.54,207.54
V22,252.5,0
V23,17567.1,17567.1
pKd,9.76887,6.51269
