DNA,RNA
V2,277.373,30.4987
V3,651.98,-271.943
V4,6.5,0
V5,1,0
V6,10861.9,10861.9
V7,5690.4,3537
V18,57,1
V19,21.6238,0.281094
V20,0.96,0
V21,38.64,38.64
V22,59.6,0
V23,5832.7,5832.7
pKd,7.13926,6.40197
