DNA,RNA
V2,4738.49,214.741
V3,27898.1,-524.908
V4,87.5,5.5
V5,60,1
V6,0,0
V7,0,0
V18,1327,63
V19,561.078,23.8999
V20,2.29,-2.91
V21,225.74,225.74
V22,1285.6,328.3
V23,47818.4,47818.4
pKd,-1.09977,6.87354
