DNA,RNA
V2,85.3671,0
V3,-932.806,-395.239
V4,0,0
V5,0,0
V6,37981.9,37981.9
V7,5690.4,3537
V18,2,0
V19,0.712831,0
V20,0.26,0
V21,226.24,226.24
V22,59.5,0
V23,27842.6,27842.6
pKd,6.68156,6.66246
