DNA,RNA
V2,18.3571,0
V3,-316.947,-89.2609
V4,0,0
V5,0,0
V6,0,0
V7,0,0
V18,0,0
V19,0,0
V20,0,0
V21,50.01,50.01
V22,0,0
V23,5153.4,5153.4
pKd,6.43289,6.37214
