DNA,RNA
V2,2586.47,3541.77
V3,10721.1,15732.9
V4,60.5,45
V5,20,42
V6,0,0
V7,0,0
V18,720,951
V19,298.451,395.007
V20,-2.06,4.91
V21,352.99,352.99
V22,1665.7,1500.1
V23,74788.4,74788.4
pKd,8.84212,9.62371
