DNA,RNA
V2,0,99.5494
V3,-437.848,-511.424
V4,0,0
V5,0,0
V6,42829.2,42829.2
V7,5690.4,3537
V18,0,2
V19,0,0.573036
V20,0,0
V21,277.38,277.38
V22,0,0
V23,35449.9,35449.9
pKd,7.12614,6.35083
