DNA,RNA
V2,3837.5,3834.02
V3,23863.9,20281.2
V4,85,39.5
V5,33,31
V6,0,0
V7,0,0
V18,1198,1080
V19,513.26,461.804
V20,4.03,4.23
V21,935.03,935.03
V22,1702.9,1353.2
V23,179380,179380
pKd,-3.56965,8.12221
