DNA,RNA
V2,4.69808,567.691
V3,-683.01,2405.62
V4,0,6.5
V5,0,6
V6,62593.9,62593.9
V7,5690.4,3537
V18,3,150
V19,0.912367,64.9615
V20,0.13,0.99
V21,298.07,298.07
V22,59.3,356.3
V23,46079.9,46079.9
pKd,7.12542,17.851
