DNA,RNA
V2,78.8149,81.6585
V3,-615.147,-1090.06
V4,1.5,4.5
V5,1,2
V6,0,0
V7,0,0
V18,15,29
V19,5.45981,9.72546
V20,-0.77,-0.8
V21,868.45,868.45
V22,61,285.3
V23,184916,184916
pKd,6.64831,6.4952
