DNA,RNA
V2,605.267,206.509
V3,3031.04,-933.045
V4,18.5,5.5
V5,3,1
V6,47493.1,47493.1
V7,5690.4,3537
V18,224,26
V19,95.5972,8.70467
V20,-0.31,0.25
V21,282.92,282.92
V22,731.2,176.7
V23,45757.3,45757.3
pKd,18.7218,6.04264
