DNA,RNA
V2,1465.43,17.3184
V3,8639.17,-587.293
V4,27,0
V5,18,0
V6,0,0
V7,0,0
V18,461,3
V19,190.268,0.952154
V20,3.77,1.23
V21,128.89,128.89
V22,657.1,53.4
V23,18974.1,18974.1
pKd,14.3737,6.46071
