DNA,RNA
V2,813.619,564.242
V3,2251.57,1348.29
V4,13,13
V5,7,11
V6,0,0
V7,0,0
V18,225,129
V19,86.1775,50.6913
V20,3.81,-2.3
V21,73.02,73.02
V22,338.2,280.4
V23,7920,7920
pKd,7.86077,9.24452
