DNA,RNA
V2,3439.19,4968.08
V3,22703.6,22804.7
V4,64,47.5
V5,0,33
V6,0,0
V7,0,0
V18,1167,1300
V19,492.081,528.081
V20,3.44,15.86
V21,523.24,523.24
V22,2634.9,1610.1
V23,67762.7,67762.7
pKd,4.47858,0.282326
