DNA,RNA
V2,14.3179,353.638
V3,-634.686,655.613
V4,0,8.5
V5,0,2
V6,0,0
V7,0,0
V18,0,83
V19,0,31.8738
V20,0,-0.28
V21,536.27,536.27
V22,0,140.7
V23,80152.1,80152.1
pKd,6.58115,6.91409
