DNA,RNA
V2,1091.97,64.0159
V3,1660.19,-629.942
V4,34,0
V5,13,0
V6,0,0
V7,0,0
V18,270,1
V19,100.612,0.297164
V20,-5.55,0
V21,128.6,128.6
V22,728.8,0
V23,16963.6,16963.6
pKd,8.9526,6.42795
