DNA,RNA
V2,1107,29.368
V3,5936.68,-423.487
V4,21.5,2.5
V5,10,0
V6,0,0
V7,0,0
V18,352,21
V19,149.052,7.57353
V20,-0.21,-2.2
V21,91.83,91.83
V22,703.5,155.5
V23,29168.1,29168.1
pKd,13.6304,6.40961
