DNA,RNA
V2,4531.99,4139.61
V3,23941.4,20982.9
V4,51.5,54.5
V5,47,38
V6,0,0
V7,0,0
V18,1248,1241
V19,521.537,499.185
V20,13.8,11.15
V21,154.38,154.38
V22,1878.4,1902.5
V23,22093.2,22093.2
pKd,4.42543,7.55793
