DNA,RNA
V2,197.683,73.7882
V3,-216.941,-233.075
V4,2.5,6.5
V5,4,1
V6,0,0
V7,0,0
V18,41,20
V19,15.1131,7.22698
V20,-2.02,-1.63
V21,-83.4,-83.4
V22,92.4,103.6
V23,16172.7,16172.7
pKd,7.01725,6.50531
