DNA,RNA
V2,0,0
V3,-261.953,-153.843
V4,0,0
V5,0,0
V6,0,0
V7,0,0
V18,0,0
V19,0,0
V20,0,0
V21,63.46,63.46
V22,0,0
V23,9507.3,9507.3
pKd,6.44802,6.40051
