DNA,RNA
V2,0,0
V3,-215.994,-201.051
V4,0,0
V5,0,0
V6,0,0
V7,0,0
V18,0,0
V19,0,0
V20,0,0
V21,2318.22,2318.22
V22,0,0
V23,686304,686304
pKd,6.42782,6.42126
