DNA,RNA
V2,520.682,184.345
V3,-739.773,376.458
V4,7,2.5
V5,0,0
V6,0,0
V7,0,0
V18,48,59
V19,17.4043,25.1296
V20,2.18,-1.28
V21,149.92,149.92
V22,107.1,111.6
V23,30217.2,30217.2
pKd,5.53512,8.09197
