DNA,RNA
V2,2.48535,2.48054
V3,-1550.5,-545.233
V4,1,0
V5,1,0
V6,71398.1,71398.1
V7,5690.4,3537
V18,3,1
V19,0.87836,0.284756
V20,-1.01,0
V21,3691.71,3691.71
V22,46.2,0
V23,420867,420867
pKd,6.47224,6.63304
