DNA,RNA
V2,4648.48,5110.04
V3,26071.7,26807.5
V4,75.5,66.5
V5,48,40
V6,0,0
V7,0,0
V18,1409,1438
V19,583.77,601.381
V20,9.07,14.66
V21,257.29,257.29
V22,1628.6,2286.8
V23,49662.1,49662.1
pKd,0.488057,-5.08948
