DNA,RNA
V2,4455.68,4959.94
V3,26691.9,29807.3
V4,64,63
V5,36,52
V6,0,0
V7,0,0
V18,1326,1521
V19,565.96,635.998
V20,12.63,6.86
V21,249.85,249.85
V22,1807.2,1972.5
V23,38543.6,38543.6
pKd,-1.42866,-1.78072
