DNA,RNA
V2,142.339,91.0217
V3,-608.176,-569.57
V4,3.5,0
V5,2,0
V6,0,0
V7,0,0
V18,41,7
V19,16.1619,2.15803
V20,-2.93,0
V21,127.07,127.07
V22,213.6,0
V23,29413.2,29413.2
pKd,7.47004,6.1263
