DNA,RNA
V2,82.5348,75.679
V3,-905.258,-414.48
V4,0,0.5
V5,1,0
V6,24390.2,24390.2
V7,5690.4,3537
V18,28,11
V19,10.1956,4.3798
V20,-0.97,0.96
V21,192.74,192.74
V22,439.6,59.6
V23,17466.9,17466.9
pKd,7.00042,6.75755
