DNA,RNA
V2,3445.32,3787.83
V3,17876.5,17795.6
V4,62.5,51
V5,30,44
V6,0,0
V7,0,0
V18,932,1100
V19,400.494,440.893
V20,3.61,16.66
V21,126.89,126.89
V22,1429,1918.7
V23,27482,27482
pKd,5.32145,9.88607
