DNA,RNA
V2,76.9361,3578.22
V3,-292.135,20044.3
V4,3.5,33.5
V5,0,38
V6,19942.2,19942.2
V7,5690.4,3537
V18,16,1027
V19,7.93934,425.397
V20,-1.01,16.78
V21,177.15,177.15
V22,46.2,985.7
V23,17556.8,17556.8
pKd,8.03162,27.3043
