DNA,RNA
V2,3209.22,779.06
V3,13851.9,1054.57
V4,53.5,11.5
V5,41,3
V6,0,0
V7,0,0
V18,994,132
V19,402.432,52.8379
V20,0.76,-1.36
V21,126.16,126.16
V22,1692.4,251.7
V23,28225.9,28225.9
pKd,9.29331,7.67539
