DNA,RNA
V2,0,0
V3,-176.712,-99.7285
V4,0,0
V5,0,0
V6,0,0
V7,0,0
V18,0,0
V19,0,0
V20,0,0
V21,65.25,65.25
V22,0,0
V23,14802.7,14802.7
pKd,6.41056,6.37674
