DNA,RNA
V2,121.963,76.6139
V3,-222.869,-281.008
V4,1.5,0
V5,0,0
V6,11450.2,11450.2
V7,5690.4,3537
V18,7,3
V19,2.19167,0.852015
V20,0,0
V21,44.84,44.84
V22,0,0
V23,6624.6,6624.6
pKd,6.20646,6.21596
