DNA,RNA
V2,85.3671,0
V3,-934.816,-398.49
V4,0,0
V5,0,0
V6,37987.3,37987.3
V7,5690.4,3537
V18,2,0
V19,0.712831,0
V20,0.26,0
V21,225.67,225.67
V22,59.5,0
V23,27838.2,27838.2
pKd,6.68071,6.66126
