DNA,RNA
V2,0,124.205
V3,-602.616,-416.544
V4,0,0.5
V5,0,1
V6,39308.6,39308.6
V7,5690.4,3537
V18,0,25
V19,0,9.15743
V20,0,-0.64
V21,350.15,350.15
V22,0,55.8
V23,38573.6,38573.6
pKd,6.99634,6.91955
