DNA,RNA
V2,9371.1,46.7502
V3,48477.9,-636.823
V4,62.5,0
V5,1,0
V6,147994,147994
V7,5690.4,3537
V18,2442,7
V19,1038.85,2.17748
V20,28.67,2.21
V21,5443.52,5443.52
V22,5343.6,124.2
V23,661919,661919
pKd,161.372,6.52615
