DNA,RNA
V2,2692.3,1766.86
V3,-3576.97,4597.4
V4,8.5,6
V5,0,1
V6,0,0
V7,0,0
V18,305,457
V19,96.5775,172.578
V20,-8.39,-7.94
V21,1645.8,1645.8
V22,1199.7,1792.9
V23,425491,425491
pKd,-8.28494,1.91226
