DNA,RNA
V2,0,0
V3,-176.682,-99.7166
V4,0,0
V5,0,0
V6,0,0
V7,0,0
V18,0,0
V19,0,0
V20,0,0
V21,64.39,64.39
V22,0,0
V23,14821.8,14821.8
pKd,6.41055,6.37673
