DNA,RNA
V2,26.2547,579.608
V3,-657.215,2905.62
V4,0,10
V5,0,11
V6,0,0
V7,0,0
V18,2,192
V19,0.570125,76.0592
V20,0,-0.65
V21,236.06,236.06
V22,0,408.9
V23,35885.3,35885.3
pKd,6.46022,10.0579
