DNA,RNA
V2,262.331,11.449
V3,416.153,-556.725
V4,4,0
V5,2,0
V6,0,0
V7,0,0
V18,68,3
V19,27.8861,0.907623
V20,0.19,0
V21,92.47,92.47
V22,120.6,0
V23,24015.6,24015.6
pKd,7.98721,6.43024
