DNA,RNA
V2,104.034,4005.2
V3,-1038.03,20281.7
V4,2,39
V5,2,34
V6,0,0
V7,0,0
V18,14,1113
V19,4.65494,458.018
V20,0.12,22.44
V21,156.56,156.56
V22,117.4,1463.8
V23,20441.8,20441.8
pKd,6.69719,7.38241
