DNA,RNA
V2,303.156,379.197
V3,-382.082,1634.27
V4,8,4
V5,6,3
V6,0,0
V7,0,0
V18,57,92
V19,20.7942,39.8065
V20,-2.04,-3.03
V21,131.85,131.85
V22,165.7,138.6
V23,18100.6,18100.6
pKd,7.21064,9.41439
