DNA,RNA
V2,1107,29.368
V3,5935.17,-423.675
V4,21.5,2.5
V5,10,0
V6,0,0
V7,0,0
V18,352,21
V19,149.052,7.57353
V20,-0.21,-2.2
V21,91.02,91.02
V22,703.5,155.5
V23,29152.8,29152.8
pKd,13.6301,6.40968
