DNA,RNA
V2,0,1990.31
V3,-972.198,12790.7
V4,0,31.5
V5,0,19
V6,42334.2,42334.2
V7,5690.4,3537
V18,4,620
V19,1.67457,266.853
V20,0,6.55
V21,221.29,221.29
V22,0,871.5
V23,30826.6,30826.6
pKd,7.03047,35.4158
