DNA,RNA
V2,4455.68,4959.94
V3,26693.2,29812.5
V4,64,63
V5,36,52
V6,0,0
V7,0,0
V18,1326,1521
V19,565.96,635.998
V20,12.63,6.86
V21,249.07,249.07
V22,1807.2,1972.5
V23,38542,38542
pKd,-1.42674,-1.77319
