DNA,RNA
V2,249.002,201.447
V3,925.012,-175.876
V4,6.5,1
V5,4,1
V6,0,0
V7,0,0
V18,67,15
V19,26.9688,5.44964
V20,1.18,-0.27
V21,32.23,32.23
V22,119.2,99.2
V23,5174.3,5174.3
pKd,7.97608,6.2005
