DNA,RNA
V2,3516.08,5262.62
V3,19816,31872.4
V4,47,68
V5,25,55
V6,0,0
V7,0,0
V18,1025,1583
V19,431.732,669.094
V20,14.11,9.28
V21,257.12,257.12
V22,1677.7,1627.8
V23,30885.3,30885.3
pKd,9.04454,-7.57766
