DNA,RNA
V2,637.793,262.824
V3,3057.9,1164.23
V4,9,10.5
V5,3,2
V6,0,0
V7,0,0
V18,181,66
V19,73.4866,31.2202
V20,3.85,0.29
V21,60.47,60.47
V22,362.2,227.7
V23,9376,9376
pKd,8.95986,9.81124
