DNA,RNA
V2,71.8988,465.946
V3,-648.434,799.831
V4,1,9
V5,0,5
V6,74894.9,74894.9
V7,5690.4,3537
V18,4,87
V19,1.14131,34.4901
V20,0,-2.11
V21,337.26,337.26
V22,0,300.5
V23,54197.4,54197.4
pKd,7.10331,11.7721
