DNA,RNA
V2,19.1369,4.51418
V3,-518.631,-393.115
V4,0.5,0
V5,1,0
V6,0,0
V7,0,0
V18,5,1
V19,1.67104,0.293093
V20,-0.77,0
V21,75.42,75.42
V22,61,0
V23,9885.8,9885.8
pKd,6.64563,6.44879
