DNA,RNA
V2,0,124.205
V3,-603.162,-417.351
V4,0,0.5
V5,0,1
V6,39350.7,39350.7
V7,5690.4,3537
V18,0,25
V19,0,9.15743
V20,0,-0.64
V21,348.1,348.1
V22,0,55.8
V23,38571.2,38571.2
pKd,6.99659,6.91967
