DNA,RNA
V2,2047.8,26.9253
V3,10464.3,-578.964
V4,28,0.5
V5,19,1
V6,0,0
V7,0,0
V18,594,4
V19,245.79,1.34433
V20,4.28,-0.22
V21,152.29,152.29
V22,1044.5,59.9
V23,19944.2,19944.2
pKd,13.7483,6.67916
