DNA,RNA
V2,3425.37,475.67
V3,14726.6,73.6135
V4,58.5,14.5
V5,32,2
V6,0,0
V7,0,0
V18,801,75
V19,340.831,27.4943
V20,5.06,2.25
V21,129.83,129.83
V22,912.6,249.9
V23,18006,18006
pKd,7.88825,6.23902
