DNA,RNA
V2,4.69808,567.691
V3,-682.449,2405.85
V4,0,6.5
V5,0,6
V6,62692.4,62692.4
V7,5690.4,3537
V18,3,150
V19,0.912367,64.9615
V20,0.13,0.99
V21,295.37,295.37
V22,59.3,356.3
V23,46080.8,46080.8
pKd,7.12705,17.8607
