DNA,RNA
V2,0,0
V3,-262.895,-154.197
V4,0,0
V5,0,0
V6,0,0
V7,0,0
V18,0,0
V19,0,0
V20,0,0
V21,67.01,67.01
V22,0,0
V23,9504.4,9504.4
pKd,6.44843,6.40067
