DNA,RNA
V2,3528.44,125.363
V3,21325,-637.46
V4,61,0
V5,23,1
V6,84202.7,84202.7
V7,5690.4,3537
V18,1056,11
V19,446.905,4.27828
V20,9.77,2.21
V21,931.16,931.16
V22,1460.2,124.2
V23,152402,152402
pKd,70.5608,6.97541
