DNA,RNA
V2,715.762,24.7015
V3,2565.98,-470.012
V4,18,1
V5,10,0
V6,0,0
V7,0,0
V18,190,6
V19,79.0856,2.02737
V20,-3.43,-0.77
V21,119.52,119.52
V22,461.7,61
V23,27699.9,27699.9
pKd,11.0906,6.38112
