DNA,RNA
V2,35.3634,0
V3,-322.726,-203.559
V4,0,0
V5,0,0
V6,0,0
V7,0,0
V18,0,0
V19,0,0
V20,0,0
V21,91.09,91.09
V22,0,0
V23,14338.5,14338.5
pKd,6.39902,6.42236
