DNA,RNA
V2,85.3671,0
V3,-932.478,-394.78
V4,0,0
V5,0,0
V6,37986.3,37986.3
V7,5690.4,3537
V18,2,0
V19,0.712831,0
V20,0.26,0
V21,224.62,224.62
V22,59.5,0
V23,27831.9,27831.9
pKd,6.68173,6.66265
