DNA,RNA
V2,869.17,137.193
V3,565.706,-903.594
V4,15.5,0.5
V5,9,1
V6,0,0
V7,0,0
V18,173,7
V19,71.3798,2.22039
V20,-0.6,-0.04
V21,204.79,204.79
V22,684.9,71.7
V23,32294.5,32294.5
pKd,10.0315,6.43867
