DNA,RNA
V2,1394.89,8.72125
V3,5929.06,-656.295
V4,24,0
V5,0,0
V6,103286,103286
V7,5690.4,3537
V18,397,0
V19,161.046,0
V20,1.97,0
V21,842.52,842.52
V22,603.3,0
V23,123210,123210
pKd,35.3971,6.53973
