DNA,RNA
V2,0,0
V3,-176.657,-99.6753
V4,0,0
V5,0,0
V6,0,0
V7,0,0
V18,0,0
V19,0,0
V20,0,0
V21,65.14,65.14
V22,0,0
V23,14795.6,14795.6
pKd,6.41054,6.37671
