DNA,RNA
V2,564.705,96.7558
V3,-881.69,-623.634
V4,11,0.5
V5,7,1
V6,30711.7,30711.7
V7,5690.4,3537
V18,75,7
V19,25.3471,2.29794
V20,-3.88,-0.22
V21,207.76,207.76
V22,271.6,59.9
V23,28938.6,28938.6
pKd,6.83902,6.49254
