DNA,RNA
V2,0,0
V3,-176.682,-99.719
V4,0,0
V5,0,0
V6,0,0
V7,0,0
V18,0,0
V19,0,0
V20,0,0
V21,65.2,65.2
V22,0,0
V23,14800.2,14800.2
pKd,6.41055,6.37673
