DNA,RNA
V2,0,0
V3,-116.231,-191.831
V4,0,0
V5,0,0
V6,0,0
V7,0,0
V18,0,0
V19,0,0
V20,0,0
V21,1366.11,1366.11
V22,0,0
V23,284744,284744
pKd,6.38399,6.41721
