DNA,RNA
V2,0,0
V3,-532.622,-102.777
V4,0,0
V5,0,0
V6,161267,161267
V7,5690.4,3537
V18,0,0
V19,0,0
V20,0,0
V21,5471.08,5471.08
V22,0,0
V23,739091,739091
pKd,8.66492,8.04561
