DNA,RNA
V2,3019.43,5336.67
V3,17841.4,26699.9
V4,58,56
V5,37,47
V6,0,0
V7,0,0
V18,1018,1437
V19,428.49,598.433
V20,14.58,17.73
V21,555.84,555.84
V22,1902.8,1866.4
V23,65274.4,65274.4
pKd,8.96151,-4.02377
