DNA,RNA
V2,65.4277,999.186
V3,-465.839,5871.95
V4,1.5,12
V5,0,10
V6,71021,71021
V7,5690.4,3537
V18,2,290
V19,0.731713,125.197
V20,0,0.08
V21,320.04,320.04
V22,0,399.2
V23,53281,53281
pKd,7.43686,29.2117
