DNA,RNA
V2,49.3985,91.9989
V3,-759.835,-70.1971
V4,0,7
V5,0,4
V6,37709.5,37709.5
V7,5690.4,3537
V18,19,47
V19,9.08053,17.7634
V20,2.11,0.5
V21,230.33,230.33
V22,104.5,111.3
V23,28620.5,28620.5
pKd,8.43786,8.35804
