DNA,RNA
V2,653.962,120.474
V3,1202.64,-308.953
V4,8,0
V5,3,0
V6,15966,15966
V7,5690.4,3537
V18,154,14
V19,60.2956,6.08751
V20,5.36,0
V21,113.11,113.11
V22,331.7,0
V23,11133.9,11133.9
pKd,9.29189,7.02249
