DNA,RNA
V2,765.405,59.1208
V3,229.949,-768.758
V4,9,0
V5,9,0
V6,27048.4,27048.4
V7,5690.4,3537
V18,155,3
V19,57.5521,0.945232
V20,5.01,0
V21,155.26,155.26
V22,468.9,0
V23,19733.3,19733.3
pKd,9.19046,6.35059
