DNA,RNA
V2,121.963,76.6139
V3,-222.844,-281.003
V4,1.5,0
V5,0,0
V6,11450.7,11450.7
V7,5690.4,3537
V18,7,3
V19,2.19167,0.852015
V20,0,0
V21,45.98,45.98
V22,0,0
V23,6637.7,6637.7
pKd,6.20647,6.21597
