DNA,RNA
V2,181.832,43.9347
V3,-577.473,-417.485
V4,4.5,0
V5,1,0
V6,19796.8,19796.8
V7,5690.4,3537
V18,20,4
V19,6.56356,1.1957
V20,-0.99,0
V21,129.46,129.46
V22,47.8,0
V23,15477.3,15477.3
pKd,6.31227,6.33297
