DNA,RNA
V2,339.357,1035.74
V3,291.707,2431.72
V4,7,18.5
V5,4,4
V6,0,0
V7,0,0
V18,67,242
V19,28.9702,94.3793
V20,-3.1,-1.51
V21,111.59,111.59
V22,342.9,374.8
V23,28107.3,28107.3
pKd,9.03283,7.79959
