DNA,RNA
V2,13.3595,127.036
V3,-327.554,106.27
V4,0,6
V5,0,2
V6,0,0
V7,0,0
V18,0,40
V19,0,14.9908
V20,0,0.46
V21,190.47,190.47
V22,0,114.4
V23,25489.2,25489.2
pKd,6.44825,6.80138
