DNA,RNA
V2,0,0
V3,-260.178,-153.247
V4,0,0
V5,0,0
V6,0,0
V7,0,0
V18,0,0
V19,0,0
V20,0,0
V21,65.76,65.76
V22,0,0
V23,9515.7,9515.7
pKd,6.44724,6.40025
