DNA,RNA
V2,0,1990.31
V3,-971.365,12791.4
V4,0,31.5
V5,0,19
V6,42319,42319
V7,5690.4,3537
V18,4,620
V19,1.67457,266.853
V20,0,6.55
V21,222.39,222.39
V22,0,871.5
V23,30812.7,30812.7
pKd,7.03081,35.4105
