DNA,RNA
V2,924.947,31.0411
V3,4642.1,-375.238
V4,24.5,0
V5,11,0
V6,0,0
V7,0,0
V18,284,4
V19,120.265,1.43761
V20,1.97,0
V21,98.95,98.95
V22,689.2,0
V23,13902.8,13902.8
pKd,12.8034,6.41882
