DNA,RNA
V2,73.3315,107.8
V3,-453.064,-317.075
V4,1,0.5
V5,0,0
V6,0,0
V7,0,0
V18,0,2
V19,0,0.711842
V20,0,0
V21,21.57,21.57
V22,0,0
V23,6077.7,6077.7
pKd,6.37448,6.23283
