DNA,RNA
V2,46.4104,991.546
V3,-532.467,5347.2
V4,5.5,20.5
V5,1,11
V6,0,0
V7,0,0
V18,25,335
V19,8.36084,138.462
V20,-1.65,0.25
V21,108.52,108.52
V22,102,694
V23,36967.8,36967.8
pKd,6.23942,12.7707
