DNA,RNA
V2,171.403,125.54
V3,522.866,-262.042
V4,5.5,0
V5,1,0
V6,0,0
V7,0,0
V18,65,10
V19,24.6409,3.91069
V20,0.21,0.13
V21,55.45,55.45
V22,93.7,59.3
V23,11909.7,11909.7
pKd,6.68561,6.35394
