DNA,RNA
V2,121.963,76.6139
V3,-222.811,-280.995
V4,1.5,0
V5,0,0
V6,11436.9,11436.9
V7,5690.4,3537
V18,7,3
V19,2.19167,0.852015
V20,0,0
V21,47.55,47.55
V22,0,0
V23,6623.5,6623.5
pKd,6.20619,6.21586
