DNA,RNA
V2,9371.1,46.7502
V3,48479.9,-636.454
V4,62.5,0
V5,1,0
V6,148020,148020
V7,5690.4,3537
V18,2442,7
V19,1038.85,2.17748
V20,28.67,2.21
V21,5449.12,5449.12
V22,5343.6,124.2
V23,661678,661678
pKd,161.422,6.52711
