DNA,RNA
V2,0,6.02489
V3,-966.06,-1068.5
V4,0,0
V5,0,0
V6,82362.2,82362.2
V7,5690.4,3537
V18,0,5
V19,0,1.52127
V20,0,-1.01
V21,2100.1,2100.1
V22,0,46.2
V23,260850,260850
pKd,7.05399,5.95462
