DNA,RNA
V2,2024.75,185.678
V3,11224.1,-933.706
V4,38.5,0.5
V5,33,0
V6,33126,33126
V7,5690.4,3537
V18,661,7
V19,273.164,2.21874
V20,5.29,0
V21,350.13,350.13
V22,1104.5,0
V23,37504.4,37504.4
pKd,31.3299,5.94884
