DNA,RNA
V2,606.366,391.424
V3,293.805,-916.891
V4,6.5,5.5
V5,4,6
V6,0,0
V7,0,0
V18,120,35
V19,47.4715,11.7124
V20,2.86,-1.28
V21,148.32,148.32
V22,268.9,176.1
V23,23320.7,23320.7
pKd,7.91463,6.57483
