DNA,RNA
V2,520.682,184.345
V3,-738.96,376.973
V4,7,2.5
V5,0,0
V6,0,0
V7,0,0
V18,48,59
V19,17.4043,25.1296
V20,2.18,-1.28
V21,152.47,152.47
V22,107.1,111.6
V23,30226.4,30226.4
pKd,5.53494,8.09178
