DNA,RNA
V2,84.6865,0
V3,-326.707,-128.052
V4,2,0
V5,0,0
V6,105365,105365
V7,5690.4,3537
V18,10,0
V19,3.63306,0
V20,-1.01,0
V21,3009.14,3009.14
V22,46.2,0
V23,424024,424024
pKd,8.3785,7.42679
