DNA,RNA
V2,366.276,127.918
V3,1617.77,-241.996
V4,10.5,5.5
V5,2,0
V6,0,0
V7,0,0
V18,94,30
V19,42.0208,11.424
V20,-0.64,-0.64
V21,61.7,61.7
V22,55.8,55.8
V23,8349.7,8349.7
pKd,9.82861,6.50257
