DNA,RNA
V2,277.373,30.4987
V3,652.121,-271.588
V4,6.5,0
V5,1,0
V6,10737,10737
V7,5690.4,3537
V18,57,1
V19,21.6238,0.281094
V20,0.96,0
V21,40.36,40.36
V22,59.6,0
V23,5832,5832
pKd,7.13298,6.401
