DNA,RNA
V2,1394.89,8.72125
V3,5930.98,-655.123
V4,24,0
V5,0,0
V6,103305,103305
V7,5690.4,3537
V18,397,0
V19,161.046,0
V20,1.97,0
V21,871.48,871.48
V22,603.3,0
V23,123117,123117
pKd,35.4062,6.54162
