DNA,RNA
V2,169.682,0
V3,-420.628,-269.577
V4,8,0
V5,1,0
V6,0,0
V7,0,0
V18,48,0
V19,17.9441,0
V20,-0.56,0
V21,71.8,71.8
V22,221.1,0
V23,12150.8,12150.8
pKd,6.66117,6.45137
