DNA,RNA
V2,14.4474,224.528
V3,-281.539,267.283
V4,0.5,5
V5,1,2
V6,0,0
V7,0,0
V18,11,46
V19,4.99079,17.301
V20,-0.22,-1.45
V21,78.79,78.79
V22,139.2,188.5
V23,18317.8,18317.8
pKd,7.30303,6.61351
