DNA,RNA
V2,3419.65,327.005
V3,19545.1,2098.59
V4,73,8.5
V5,42,2
V6,0,0
V7,0,0
V18,1071,156
V19,445.481,61.502
V20,9.26,0.71
V21,174.7,174.7
V22,1661.6,466.4
V23,32387.6,32387.6
pKd,8.23857,8.24605
