DNA,RNA
V2,158.021,2765.05
V3,-923.89,15671.1
V4,1.5,37.5
V5,1,45
V6,102865,102865
V7,5690.4,3537
V18,15,814
V19,4.86553,339.707
V20,1.8,-2.74
V21,719.22,719.22
V22,46.3,1227.7
V23,161009,161009
pKd,7.14851,71.5655
