DNA,RNA
V2,268.184,507.298
V3,-113.17,2181.41
V4,7,7
V5,2,6
V6,0,0
V7,0,0
V18,49,153
V19,20.3414,62.3921
V20,1.02,4.5
V21,135.5,135.5
V22,238.2,201.3
V23,21307.6,21307.6
pKd,7.72426,9.66436
