DNA,RNA
V2,911.83,21.1969
V3,5010.23,-353.013
V4,14,0
V5,13,0
V6,19797.7,19797.7
V7,5690.4,3537
V18,304,8
V19,127.051,3.05096
V20,-2.97,0
V21,101.14,101.14
V22,595,0
V23,15998.9,15998.9
pKd,18.6408,6.66733
