DNA,RNA
V2,268.015,499.417
V3,59.5723,-197.607
V4,8.5,11.5
V5,4,9
V6,0,0
V7,0,0
V18,88,103
V19,33.7322,39.854
V20,-3.37,-1.8
V21,308.94,308.94
V22,294.1,388.9
V23,56803.7,56803.7
pKd,7.63563,8.50379
