DNA,RNA
V2,0,0
V3,-245.673,-58.8988
V4,0,0
V5,0,0
V6,132217,132217
V7,5690.4,3537
V18,0,0
V19,0,0
V20,0,0
V21,5513.75,5513.75
V22,0,0
V23,722404,722404
pKd,8.91047,7.84012
