DNA,RNA
V2,205.659,2164.24
V3,-155.638,10931
V4,4.5,26
V5,0,20
V6,0,0
V7,0,0
V18,21,589
V19,9.44652,242.403
V20,0,3.82
V21,147.81,147.81
V22,79.3,916.6
V23,20982.8,20982.8
pKd,7.08723,13.3777
