DNA,RNA
V2,57.1801,95.8203
V3,-284.603,-104.682
V4,0,4.5
V5,0,0
V6,25294.8,25294.8
V7,5690.4,3537
V18,4,19
V19,1.22969,6.69864
V20,0,1.54
V21,99.32,99.32
V22,0,55.4
V23,12584.3,12584.3
pKd,6.65554,6.49562
