DNA,RNA
V2,794.926,39.0652
V3,814.292,-865.577
V4,24.5,1
V5,10,1
V6,24055.3,24055.3
V7,5690.4,3537
V18,215,13
V19,87.4803,4.58548
V20,1.15,-1.45
V21,173.17,173.17
V22,557.2,188.5
V23,22367.6,22367.6
pKd,12.5493,6.65921
