DNA,RNA
V2,5242.18,53.861
V3,29855,-486.652
V4,76,0
V5,49,0
V6,72886.1,72886.1
V7,5690.4,3537
V18,1531,5
V19,646.992,1.58805
V20,3.65,-0.99
V21,133.33,133.33
V22,1645.8,47.8
V23,37508.5,37508.5
pKd,67.3281,6.56698
