DNA,RNA
V2,2586.47,3541.77
V3,10720.2,15728.1
V4,60.5,45
V5,20,42
V6,0,0
V7,0,0
V18,720,951
V19,298.451,395.007
V20,-2.06,4.91
V21,353.59,353.59
V22,1665.7,1500.1
V23,74748.7,74748.7
pKd,8.84089,9.61935
