DNA,RNA
V2,20.8791,1543.55
V3,-389.461,3865.88
V4,5,10.5
V5,2,14
V6,0,0
V7,0,0
V18,9,356
V19,3.17971,142.502
V20,-1.01,4.48
V21,192.75,192.75
V22,46.2,619.7
V23,25806.9,25806.9
pKd,6.83041,10.2046
