DNA,RNA
V2,4008.02,5653.99
V3,19893.2,24123
V4,61,48.5
V5,10,49
V6,0,0
V7,0,0
V18,1131,1428
V19,473.754,583.693
V20,-1.1,18.58
V21,362.93,362.93
V22,1750.5,1903.2
V23,71210.9,71210.9
pKd,1.25212,-5.66187
