DNA,RNA
V2,0,0
V3,-244.198,-136.38
V4,0,0
V5,0,0
V6,0,0
V7,0,0
V18,0,0
V19,0,0
V20,0,0
V21,278.01,278.01
V22,0,0
V23,40564.7,40564.7
pKd,6.44022,6.39284
