DNA,RNA
V2,0,0
V3,-244.178,-136.36
V4,0,0
V5,0,0
V6,0,0
V7,0,0
V18,0,0
V19,0,0
V20,0,0
V21,277.24,277.24
V22,0,0
V23,40579.1,40579.1
pKd,6.44021,6.39283
