DNA,RNA
V2,4.69808,567.691
V3,-682.088,2406.03
V4,0,6.5
V5,0,6
V6,62542.8,62542.8
V7,5690.4,3537
V18,3,150
V19,0.912367,64.9615
V20,0.13,0.99
V21,299.65,299.65
V22,59.3,356.3
V23,46095.2,46095.2
pKd,7.12567,17.8465
