DNA,RNA
V2,71.8988,473.781
V3,-649.035,1662.49
V4,1,8.5
V5,0,9
V6,74865.4,74865.4
V7,5690.4,3537
V18,4,113
V19,1.14131,44.0504
V20,0,-0.57
V21,338.17,338.17
V22,0,243
V23,54201.6,54201.6
pKd,7.10225,14.2393
