DNA,RNA
V2,559.501,121.895
V3,-2513.36,84.3577
V4,11.5,4
V5,1,3
V6,0,0
V7,0,0
V18,71,46
V19,24.6327,19.1032
V20,-2.51,-1.01
V21,1484.53,1484.53
V22,217.7,125.5
V23,195829,195829
pKd,5.35871,8.17157
