DNA,RNA
V2,471.25,12.681
V3,207.926,-551.04
V4,8,0.5
V5,4,0
V6,54599,54599
V7,5690.4,3537
V18,94,2
V19,34.1789,0.725004
V20,-2.06,0
V21,301.38,301.38
V22,164.1,0
V23,38690,38690
pKd,9.22493,6.63242
