DNA,RNA
V2,0,0
V3,-176.946,-99.764
V4,0,0
V5,0,0
V6,0,0
V7,0,0
V18,0,0
V19,0,0
V20,0,0
V21,66.06,66.06
V22,0,0
V23,14790.8,14790.8
pKd,6.41066,6.37675
