DNA,RNA
V2,142.339,91.0217
V3,-602.721,-568.698
V4,3.5,0
V5,2,0
V6,0,0
V7,0,0
V18,41,7
V19,16.1619,2.15803
V20,-2.93,0
V21,126.07,126.07
V22,213.6,0
V23,29412.8,29412.8
pKd,7.46821,6.12592
