DNA,RNA
V2,4.60093,162.825
V3,-441.442,-466.213
V4,0,1
V5,0,0
V6,0,0
V7,0,0
V18,3,6
V19,0.941332,1.86233
V20,-0.77,1.7
V21,163.14,163.14
V22,61,45.1
V23,42001.7,42001.7
pKd,6.41679,5.98122
