DNA,RNA
V2,4963.53,3842.81
V3,24744.3,24462.7
V4,79.5,56
V5,61,33
V6,0,0
V7,0,0
V18,1410,1267
V19,585.218,529.243
V20,8.81,8.27
V21,144.4,144.4
V22,1667.8,1416.1
V23,23009.9,23009.9
pKd,-4.28801,6.83797
