DNA,RNA
V2,702.637,67.4001
V3,3081.44,-615.405
V4,19,4
V5,10,1
V6,84484.4,84484.4
V7,5690.4,3537
V18,256,26
V19,103.577,9.02554
V20,0.83,-1.01
V21,406.24,406.24
V22,787.6,125.5
V23,69702.6,69702.6
pKd,24.337,6.97664
