DNA,RNA
V2,107.492,5.52648
V3,-438.487,-241.722
V4,3,0
V5,2,0
V6,0,0
V7,0,0
V18,36,0
V19,11.9199,0
V20,-1.63,0
V21,90.26,90.26
V22,103.6,0
V23,19354.9,19354.9
pKd,6.00571,6.4273
