DNA,RNA
V2,0,99.5494
V3,-437.747,-511.397
V4,0,0
V5,0,0
V6,42825.9,42825.9
V7,5690.4,3537
V18,0,2
V19,0,0.573036
V20,0,0
V21,278.15,278.15
V22,0,0
V23,35468.2,35468.2
pKd,7.12615,6.35083
