DNA,RNA
V2,906.355,44.1473
V3,2218.91,-305.359
V4,14.5,0.5
V5,10,1
V6,0,0
V7,0,0
V18,212,6
V19,83.5099,2.55072
V20,4.93,-0.77
V21,122.43,122.43
V22,444.8,61
V23,12855.4,12855.4
pKd,9.20902,6.84092
