DNA,RNA
V2,4738.49,214.741
V3,27898.2,-524.88
V4,87.5,5.5
V5,60,1
V6,0,0
V7,0,0
V18,1327,63
V19,561.078,23.8999
V20,2.29,-2.91
V21,225.16,225.16
V22,1285.6,328.3
V23,47819.6,47819.6
pKd,-1.09956,6.87353
