DNA,RNA
V2,0,124.205
V3,-603.507,-417.914
V4,0,0.5
V5,0,0
V6,39297.3,39297.3
V7,5690.4,3537
V18,0,25
V19,0,9.15743
V20,0,-0.64
V21,352.27,352.27
V22,0,55.8
V23,38566.8,38566.8
pKd,6.99579,6.69234
