DNA,RNA
V2,9.91282,454.016
V3,-470.198,1923.89
V4,0,4
V5,0,0
V6,32254.4,32254.4
V7,5690.4,3537
V18,0,93
V19,0,49.2518
V20,0,0
V21,177.84,177.84
V22,0,0
V23,23596.3,23596.3
pKd,6.93579,16.5005
