DNA,RNA
V2,122.689,334.867
V3,-390.726,1973.36
V4,0,5
V5,0,3
V6,0,0
V7,0,0
V18,15,93
V19,4.75685,39.6846
V20,0,1.36
V21,71.43,71.43
V22,0,112.7
V23,9764,9764
pKd,5.76656,9.11712
