DNA,RNA
V2,0,0
V3,-154.476,-80.5093
V4,0,0
V5,0,0
V6,0,0
V7,0,0
V18,0,0
V19,0,0
V20,0,0
V21,2958.45,2958.45
V22,0,0
V23,575113,575113
pKd,6.40079,6.36829
