DNA,RNA
V2,0,132.377
V3,-314.161,-305.931
V4,0,5.5
V5,0,1
V6,0,0
V7,0,0
V18,4,17
V19,1.27859,6.20515
V20,-0.99,-1.01
V21,69.69,69.69
V22,47.8,46.2
V23,9553.8,9553.8
pKd,6.35303,6.44745
