DNA,RNA
V2,0,0
V3,-176.717,-99.7421
V4,0,0
V5,0,0
V6,0,0
V7,0,0
V18,0,0
V19,0,0
V20,0,0
V21,64.01,64.01
V22,0,0
V23,14788.4,14788.4
pKd,6.41057,6.37674
