DNA,RNA
V2,2726.38,150.054
V3,13569.3,-752.064
V4,51,2
V5,30,2
V6,0,0
V7,0,0
V18,752,14
V19,303.136,4.35043
V20,5.21,-1.27
V21,103.68,103.68
V22,996,177.8
V23,18120.5,18120.5
pKd,14.5569,6.30015
