DNA,RNA
V2,0,61.3814
V3,-84.5146,-287.809
V4,0,1
V5,0,2
V6,11980.5,11980.5
V7,5690.4,3537
V18,0,3
V19,0,0.992963
V20,0,-1.01
V21,52.35,52.35
V22,0,46.2
V23,6901.5,6901.5
pKd,6.6388,6.80159
