DNA,RNA
V2,297.28,0.365151
V3,1525.23,-254.619
V4,7.5,0
V5,3,0
V6,0,0
V7,0,0
V18,80,0
V19,35.0798,0
V20,0.11,0
V21,49.65,49.65
V22,349.4,0
V23,10655.1,10655.1
pKd,9.36114,6.44401
