DNA,RNA
V2,0,0
V3,-216.008,-201.06
V4,0,0
V5,0,0
V6,0,0
V7,0,0
V18,0,0
V19,0,0
V20,0,0
V21,2311.1,2311.1
V22,0,0
V23,686472,686472
pKd,6.42783,6.42126
