DNA,RNA
V2,396.012,0
V3,1440.73,-261.776
V4,3,0
V5,2,0
V6,0,0
V7,0,0
V18,96,2
V19,39.2406,0.720656
V20,3.4,0
V21,48.6,48.6
V22,90.2,0
V23,8411.8,8411.8
pKd,7.99547,6.44321
