DNA,RNA
V2,0,132.377
V3,-311.195,-306.122
V4,0,5.5
V5,0,1
V6,0,0
V7,0,0
V18,2,17
V19,0.606616,6.20515
V20,0,-1.01
V21,69.28,69.28
V22,0,46.2
V23,9582.1,9582.1
pKd,6.38891,6.4475
