DNA,RNA
V2,358.181,72.7997
V3,2978.84,-98.9186
V4,15,3.5
V5,5,1
V6,0,0
V7,0,0
V18,138,23
V19,58.8312,7.99868
V20,1.38,-1.01
V21,17.58,17.58
V22,281,46.2
V23,6398.4,6398.4
pKd,10.5511,6.24847
