DNA,RNA
V2,2986.05,24.1246
V3,12583.7,-584.73
V4,32,0
V5,29,0
V6,34257.7,34257.7
V7,5690.4,3537
V18,751,7
V19,311.921,2.58164
V20,7.53,-1.21
V21,273.63,273.63
V22,898.9,107.7
V23,27246.9,27246.9
pKd,30.2742,6.62228
