DNA,RNA
V2,0,132.377
V3,-312.887,-309.969
V4,0,5.5
V5,0,1
V6,0,0
V7,0,0
V18,2,17
V19,0.606616,6.20515
V20,0,-1.01
V21,69.46,69.46
V22,0,46.2
V23,9566,9566
pKd,6.38965,6.44856
