DNA,RNA
V2,76.9361,3578.22
V3,-292.201,20044.3
V4,3.5,33.5
V5,0,38
V6,19936,19936
V7,5690.4,3537
V18,16,1027
V19,7.93934,425.397
V20,-1.01,16.78
V21,177.1,177.1
V22,46.2,985.7
V23,17558.1,17558.1
pKd,8.03147,27.3002
