DNA,RNA
V2,313.589,108.049
V3,3825.04,-13.031
V4,8.5,0
V5,1,0
V6,0,0
V7,0,0
V18,144,16
V19,65.4502,5.67693
V20,3.28,0
V21,59.1,59.1
V22,232.6,0
V23,7170.7,7170.7
pKd,12.1242,6.00231
