DNA,RNA
V2,3779.64,136.186
V3,24766.3,653.385
V4,48.5,9
V5,42,3
V6,0,0
V7,0,0
V18,1104,77
V19,483.378,29.6873
V20,1.55,-2.14
V21,57.84,57.84
V22,959.4,224.1
V23,11860.3,11860.3
pKd,9.45092,7.57632
