DNA,RNA
V2,2657.5,1.69299
V3,15948.6,-475.308
V4,40,0
V5,1,0
V6,0,0
V7,0,0
V18,798,0
V19,342.355,0
V20,-3.48,0
V21,7.33,7.33
V22,1677.3,0
V23,92235,92235
pKd,10.8229,6.53814
