DNA,RNA
V2,0,0
V3,-273.546,-112.767
V4,0,0
V5,0,0
V6,0,0
V7,0,0
V18,0,0
V19,0,0
V20,0,0
V21,284,284
V22,0,0
V23,39910.2,39910.2
pKd,6.45311,6.38246
