DNA,RNA
V2,8070.71,342.129
V3,41905.7,-963.818
V4,89,1.5
V5,6,0
V6,0,0
V7,0,0
V18,2134,8
V19,902.211,2.47124
V20,3.38,0
V21,441.72,441.72
V22,3103.8,0
V23,179937,179937
pKd,-54.6476,5.73106
