DNA,RNA
V2,0,0
V3,-116.233,-191.834
V4,0,0
V5,0,0
V6,0,0
V7,0,0
V18,0,0
V19,0,0
V20,0,0
V21,1385.06,1385.06
V22,0,0
V23,284938,284938
pKd,6.38399,6.41721
