DNA,RNA
V2,31.017,0
V3,-260.978,-136.25
V4,0,0
V5,0,0
V6,14638.5,14638.5
V7,5690.4,3537
V18,0,0
V19,0,0
V20,0,0
V21,92.35,92.35
V22,0,0
V23,9249.5,9249.5
pKd,6.63804,6.53375
