DNA,RNA
V2,4730.69,4296.51
V3,26022.4,27625.7
V4,63.5,53
V5,40,47
V6,0,0
V7,0,0
V18,1344,1440
V19,573.026,599.402
V20,10.14,25.77
V21,269.28,269.28
V22,1793.2,2314.4
V23,34184.6,34184.6
pKd,-4.18269,4.74061
