DNA,RNA
V2,2537.9,150.054
V3,13042.4,-718.896
V4,51,2
V5,30,2
V6,0,0
V7,0,0
V18,726,11
V19,291.556,3.48111
V20,6.22,-0.26
V21,104.3,104.3
V22,1029.1,131.6
V23,18135.4,18135.4
pKd,15.2238,6.42981
