DNA,RNA
V2,3528.44,125.363
V3,21325.1,-637.335
V4,61,0
V5,23,1
V6,84106.2,84106.2
V7,5690.4,3537
V18,1056,11
V19,446.905,4.27828
V20,9.77,2.21
V21,919.78,919.78
V22,1460.2,124.2
V23,152237,152237
pKd,70.4938,6.97527
