DNA,RNA
V2,35.9035,361.248
V3,-310.049,1713.81
V4,0,0
V5,0,1
V6,34830.7,34830.7
V7,5690.4,3537
V18,0,73
V19,0,30.1947
V20,0,0.31
V21,179.47,179.47
V22,0,58.2
V23,24801.5,24801.5
pKd,6.98441,9.75162
