DNA,RNA
V2,880.939,12.5612
V3,1812.19,-655.978
V4,16,0
V5,9,0
V6,0,0
V7,0,0
V18,223,0
V19,86.6928,0
V20,-1.08,0
V21,160.43,160.43
V22,479.1,0
V23,25936,25936
pKd,8.73539,6.59427
