DNA,RNA
V2,0,1990.16
V3,-973.914,12785.5
V4,0,31.5
V5,0,19
V6,42292.5,42292.5
V7,5690.4,3537
V18,4,620
V19,1.67457,266.847
V20,0,6.55
V21,223.85,223.85
V22,0,871.5
V23,30804,30804
pKd,7.02932,35.3911
