DNA,RNA
V2,0,99.5494
V3,-437.021,-510.923
V4,0,0
V5,0,0
V6,42812.3,42812.3
V7,5690.4,3537
V18,0,2
V19,0,0.573036
V20,0,0
V21,277.74,277.74
V22,0,0
V23,35475,35475
pKd,7.12632,6.35101
