DNA,RNA
V2,102.457,91.0217
V3,-705.84,-565.205
V4,3,0
V5,2,0
V6,0,0
V7,0,0
V18,31,7
V19,12.3133,2.15803
V20,-2.29,0
V21,126.8,126.8
V22,157.8,0
V23,29447.4,29447.4
pKd,7.47552,6.12438
