DNA,RNA
V2,37.9533,0
V3,85.2182,-129.2
V4,5,0
V5,1,0
V6,0,0
V7,0,0
V18,10,0
V19,5.34716,0
V20,-0.99,0
V21,46.09,46.09
V22,47.8,0
V23,9083.5,9083.5
pKd,7.50001,6.38969
