DNA,RNA
V2,0,0
V3,-245.684,-58.9045
V4,0,0
V5,0,0
V6,132263,132263
V7,5690.4,3537
V18,0,0
V19,0,0
V20,0,0
V21,5518.26,5518.26
V22,0,0
V23,722348,722348
pKd,8.91131,7.84063
