DNA,RNA
V2,449.263,86.6643
V3,1169.82,-414.668
V4,7.5,5.5
V5,2,1
V6,0,0
V7,0,0
V18,102,22
V19,47.6825,7.47061
V20,2.15,0.46
V21,78.13,78.13
V22,225.2,193.7
V23,8892,8892
pKd,11.3393,6.24526
