DNA,RNA
V2,0,0
V3,-215.851,-200.907
V4,0,0
V5,0,0
V6,0,0
V7,0,0
V18,0,0
V19,0,0
V20,0,0
V21,2316.21,2316.21
V22,0,0
V23,686411,686411
pKd,6.42776,6.42119
