DNA,RNA
V2,963.652,582.919
V3,2925.29,876.954
V4,18,16
V5,8,7
V6,0,0
V7,0,0
V18,264,128
V19,101.528,49.7295
V20,1.55,-0.83
V21,78.49,78.49
V22,569.7,252.6
V23,15983.6,15983.6
pKd,8.35829,8.21162
