DNA,RNA
V2,2.83362,0
V3,-205.353,-70.1094
V4,0,0
V5,0,0
V6,0,0
V7,0,0
V18,0,0
V19,0,0
V20,0,0
V21,40.97,40.97
V22,0,0
V23,5316.4,5316.4
pKd,6.41708,6.36372
