DNA,RNA
V2,402.042,2.00458
V3,945.116,-521.72
V4,9.5,0
V5,1,0
V6,0,0
V7,0,0
V18,112,0
V19,46.1693,0
V20,1.22,0
V21,49.86,49.86
V22,386.1,0
V23,8621.1,8621.1
pKd,8.4552,6.55787
