DNA,RNA
V2,10440.6,45.1215
V3,54096.8,-805.261
V4,117,0.5
V5,85,2
V6,0,0
V7,0,0
V18,2913,6
V19,1201.86,1.83922
V20,14.17,0.96
V21,549.87,549.87
V22,3145.6,59.6
V23,64732.6,64732.6
pKd,-96.5871,6.80942
