DNA,RNA
V2,26.3203,165.939
V3,-596.322,-361.089
V4,4,2
V5,1,1
V6,44907.3,44907.3
V7,5690.4,3537
V18,6,18
V19,1.94359,5.81719
V20,-0.64,1.22
V21,93.14,93.14
V22,55.8,47.5
V23,20597.1,20597.1
pKd,7.13216,6.35409
