DNA,RNA
V2,26.3203,165.939
V3,-596.31,-360.721
V4,4,2
V5,1,1
V6,44927.3,44927.3
V7,5690.4,3537
V18,6,18
V19,1.94359,5.81719
V20,-0.64,1.22
V21,89.37,89.37
V22,55.8,47.5
V23,20604.9,20604.9
pKd,7.13244,6.3545
