DNA,RNA
V2,4345.27,793.624
V3,22414.5,1479.21
V4,90,7
V5,44,11
V6,0,0
V7,0,0
V18,1195,220
V19,507.474,84.2861
V20,6.53,2.46
V21,185.03,185.03
V22,1648.7,735.7
V23,29315.9,29315.9
pKd,-5.90939,8.57412
