DNA,RNA
V2,807.068,105.29
V3,3320.24,-624.606
V4,13,1.5
V5,3,1
V6,0,0
V7,0,0
V18,167,9
V19,71.0043,2.82803
V20,-2.04,1.22
V21,133.11,133.11
V22,165.7,47.5
V23,19505.4,19505.4
pKd,9.8391,6.31062
