DNA,RNA
V2,0,0
V3,-245.691,-58.9067
V4,0,0
V5,0,0
V6,132185,132185
V7,5690.4,3537
V18,0,0
V19,0,0
V20,0,0
V21,5518.28,5518.28
V22,0,0
V23,722360,722360
pKd,8.90983,7.83975
