DNA,RNA
V2,266.919,117.094
V3,1331.43,-442.54
V4,7.5,0
V5,3,0
V6,0,0
V7,0,0
V18,102,2
V19,41.8511,0.636984
V20,1.23,-0.22
V21,68.05,68.05
V22,326.9,59.9
V23,12591.6,12591.6
pKd,8.78595,6.2152
