DNA,RNA
V2,5538.11,4640.49
V3,23032.9,27289
V4,78.5,44
V5,46,48
V6,0,0
V7,0,0
V18,1424,1378
V19,579.74,584.102
V20,4.52,8.3
V21,214.4,214.4
V22,1376.8,1711.3
V23,32455,32455
pKd,-4.37354,3.35685
