DNA,RNA
V2,124.589,766.988
V3,-664.449,3907.54
V4,1.5,6.5
V5,1,6
V6,52215.5,52215.5
V7,5690.4,3537
V18,13,199
V19,4.19326,85.0603
V20,-1.37,2.53
V21,299.09,299.09
V22,127,324.5
V23,43972.6,43972.6
pKd,6.91409,19.3662
