DNA,RNA
V2,125.264,382.939
V3,75.7911,37.555
V4,1.5,0
V5,1,0
V6,0,0
V7,0,0
V18,43,37
V19,16.3143,14.8069
V20,2.66,0.72
V21,141.56,141.56
V22,104.7,51.4
V23,13897.9,13897.9
pKd,6.68992,6.31516
