DNA,RNA
V2,0,0
V3,-625.273,-225.637
V4,0,0
V5,0,0
V6,0,0
V7,0,0
V18,1,0
V19,0.369536,0
V20,-1.01,0
V21,941.15,941.15
V22,46.2,0
V23,171034,171034
pKd,6.61144,6.43206
