DNA,RNA
V2,4099.71,5155.5
V3,25874,34760.7
V4,62,69
V5,45,58
V6,0,0
V7,0,0
V18,1231,1573
V19,529.99,670.122
V20,6.78,6.02
V21,109.26,109.26
V22,1591,1800.4
V23,16405.7,16405.7
pKd,2.85659,-4.35912
