DNA,RNA
V2,78.4384,1160.41
V3,-517.161,3547.96
V4,1.5,18.5
V5,0,7
V6,0,0
V7,0,0
V18,9,284
V19,2.89589,110.616
V20,1.8,1.51
V21,269.95,269.95
V22,46.3,732.3
V23,39502.7,39502.7
pKd,6.14367,8.35258
