DNA,RNA
V2,39.1791,0
V3,-918.73,-372.367
V4,0.5,0
V5,1,0
V6,121073,121073
V7,5690.4,3537
V18,9,0
V19,2.92474,0
V20,0.92,0
V21,3645.72,3645.72
V22,131.3,0
V23,370139,370139
pKd,7.54474,7.10686
