DNA,RNA
V2,0,0
V3,-176.87,-99.9235
V4,0,0
V5,0,0
V6,0,0
V7,0,0
V18,0,0
V19,0,0
V20,0,0
V21,64.38,64.38
V22,0,0
V23,14783.2,14783.2
pKd,6.41063,6.37682
