DNA,RNA
V2,184.815,0
V3,-526.212,-220.237
V4,3.5,0
V5,1,0
V6,0,0
V7,0,0
V18,31,0
V19,10.2601,0
V20,-0.69,0
V21,95.03,95.03
V22,185.2,0
V23,14317,14317
pKd,5.76302,6.42969
