DNA,RNA
V2,2849.13,4667.66
V3,11363.8,25370.2
V4,52.5,50.5
V5,28,39
V6,0,0
V7,0,0
V18,719,1299
V19,303.98,540.396
V20,6.31,18.26
V21,196.5,196.5
V22,1524.2,1526.6
V23,25691.8,25691.8
pKd,9.04207,3.29531
