DNA,RNA
V2,3054.1,3691.97
V3,13490.9,18646.7
V4,54,42
V5,24,37
V6,0,0
V7,0,0
V18,825,1025
V19,340.507,424.013
V20,6.57,12.79
V21,321.78,321.78
V22,1162.6,1605.3
V23,53678.9,53678.9
pKd,9.64473,9.73689
