DNA,RNA
V2,9.91282,464.385
V3,-470.58,1907.66
V4,0,5
V5,0,0
V6,32265,32265
V7,5690.4,3537
V18,0,97
V19,0,50.4446
V20,0,0
V21,177.8,177.8
V22,0,0
V23,23603.5,23603.5
pKd,6.93582,16.1949
