DNA,RNA
V2,133.338,158.473
V3,-846.893,-136.404
V4,1,6
V5,0,2
V6,0,0
V7,0,0
V18,24,40
V19,9.09922,14.5548
V20,-1.01,-1.07
V21,142.94,142.94
V22,46.2,191.2
V23,24755.8,24755.8
pKd,6.63459,6.55443
