DNA,RNA
V2,202.983,30.8248
V3,-94.8988,-434.418
V4,6,0
V5,2,0
V6,0,0
V7,0,0
V18,46,0
V19,16.9663,0
V20,1.35,0
V21,111.5,111.5
V22,106.8,0
V23,14311.8,14311.8
pKd,6.58168,6.45782
