DNA,RNA
V2,125.978,228.923
V3,-541.902,217.512
V4,0,6.5
V5,0,6
V6,18600.1,18600.1
V7,5690.4,3537
V18,26,74
V19,8.95257,27.933
V20,0,2.11
V21,114.43,114.43
V22,0,355.1
V23,11764.1,11764.1
pKd,6.28043,8.4566
