DNA,RNA
V2,9.91282,454.016
V3,-470.417,1923.77
V4,0,4
V5,0,0
V6,32269.7,32269.7
V7,5690.4,3537
V18,0,93
V19,0,49.2518
V20,0,0
V21,177.02,177.02
V22,0,0
V23,23585.5,23585.5
pKd,6.93594,16.5015
