DNA,RNA
V2,1394.89,8.72125
V3,5928.45,-656.384
V4,24,0
V5,0,0
V6,103265,103265
V7,5690.4,3537
V18,397,0
V19,161.046,0
V20,1.97,0
V21,869.51,869.51
V22,603.3,0
V23,123107,123107
pKd,35.3907,6.53959
