DNA,RNA
V2,292.913,791.818
V3,-334.344,2234.87
V4,6,14
V5,0,11
V6,0,0
V7,0,0
V18,38,170
V19,13.7501,68.3575
V20,-0.68,0.38
V21,329.35,329.35
V22,127.5,424.2
V23,47975.8,47975.8
pKd,5.86939,9.84476
