DNA,RNA
V2,797.406,124.657
V3,2381.17,-709.183
V4,2.5,2.5
V5,3,0
V6,50561.3,50561.3
V7,5690.4,3537
V18,165,19
V19,70.0331,6.18924
V20,4.36,0
V21,444.34,444.34
V22,149.8,0
V23,46256.1,46256.1
pKd,16.292,6.05625
