DNA,RNA
V2,0,0
V3,-245.696,-58.9082
V4,0,0
V5,0,0
V6,132220,132220
V7,5690.4,3537
V18,0,0
V19,0,0
V20,0,0
V21,5518.23,5518.23
V22,0,0
V23,722346,722346
pKd,8.91047,7.84014
