DNA,RNA
V2,366.276,127.918
V3,1617.88,-241.957
V4,10.5,5.5
V5,2,0
V6,0,0
V7,0,0
V18,94,30
V19,42.0208,11.424
V20,-0.64,-0.64
V21,60.13,60.13
V22,55.8,55.8
V23,8373.5,8373.5
pKd,9.82859,6.50256
