DNA,RNA
V2,108.839,0
V3,-683.328,-323.465
V4,2.5,0
V5,0,0
V6,16046.1,16046.1
V7,5690.4,3537
V18,12,0
V19,4.54798,0
V20,-2.42,0
V21,99.21,99.21
V22,163,0
V23,14256.5,14256.5
pKd,6.65099,6.55424
