DNA,RNA
V2,2657.5,1.69299
V3,15949,-475.388
V4,40,0
V5,1,0
V6,0,0
V7,0,0
V18,798,0
V19,342.355,0
V20,-3.48,0
V21,19.16,19.16
V22,1677.3,0
V23,92244.7,92244.7
pKd,10.8232,6.53818
