DNA,RNA
V2,108.839,0
V3,-683.431,-323.521
V4,2.5,0
V5,0,0
V6,16099.1,16099.1
V7,5690.4,3537
V18,12,0
V19,4.54798,0
V20,-2.42,0
V21,98.42,98.42
V22,163,0
V23,14242.8,14242.8
pKd,6.65171,6.55457
