DNA,RNA
V2,84.6865,0
V3,-327.241,-128.119
V4,2,0
V5,0,0
V6,105357,105357
V7,5690.4,3537
V18,10,0
V19,3.63306,0
V20,-1.01,0
V21,3009.66,3009.66
V22,46.2,0
V23,424023,424023
pKd,8.37739,7.4266
