DNA,RNA
V2,4455.68,4783.5
V3,26669.6,29276.5
V4,64,62.5
V5,36,55
V6,0,0
V7,0,0
V18,1322,1497
V19,564.571,627.899
V20,10.8,5.03
V21,248.07,248.07
V22,1822.7,1988
V23,38557.8,38557.8
pKd,-1.42419,-0.788113
