DNA,RNA
V2,916.96,211.667
V3,6035.93,-237.963
V4,11.5,3
V5,3,0
V6,28646,28646
V7,5690.4,3537
V18,249,22
V19,106.755,8.53061
V20,2.93,2.25
V21,119.18,119.18
V22,254.9,52.5
V23,17133.4,17133.4
pKd,18.7722,6.73701
