DNA,RNA
V2,360.641,575.631
V3,336.001,2007.9
V4,1,3.5
V5,0,3
V6,0,0
V7,0,0
V18,96,145
V19,37.281,57.0527
V20,4.46,2.4
V21,1597.94,1597.94
V22,355.2,241.7
V23,343138,343138
pKd,6.80647,7.45084
