DNA,RNA
V2,4266.34,4811.68
V3,21696.7,28830.4
V4,62,66
V5,48,53
V6,0,0
V7,0,0
V18,1183,1453
V19,505.171,616.47
V20,-0.82,6.36
V21,182.28,182.28
V22,1999.3,2198.6
V23,23617.3,23617.3
pKd,-0.0976285,-3.78793
