DNA,RNA
V2,0,0
V3,-314.314,-140.451
V4,0,0
V5,0,0
V6,13591.1,13591.1
V7,5690.4,3537
V18,0,0
V19,0,0
V20,0,0
V21,54.66,54.66
V22,0,0
V23,7303.1,7303.1
pKd,6.67899,6.52395
