DNA,RNA
V2,471.25,12.681
V3,207.948,-551.036
V4,8,0.5
V5,4,0
V6,54598.3,54598.3
V7,5690.4,3537
V18,94,2
V19,34.1789,0.725004
V20,-2.06,0
V21,300.04,300.04
V22,164.1,0
V23,38698.9,38698.9
pKd,9.22491,6.63243
