DNA,RNA
V2,26.8554,1233.56
V3,-424.215,5613.98
V4,0,16
V5,0,8
V6,0,0
V7,0,0
V18,1,398
V19,0.284661,156.251
V20,0,4.96
V21,165.11,165.11
V22,0,747.8
V23,37052.1,37052.1
pKd,6.40892,9.32715
