DNA,RNA
V2,2961.39,161.15
V3,12549,189.231
V4,38.5,10.5
V5,19,2
V6,0,0
V7,0,0
V18,817,58
V19,331.324,22.109
V20,13.04,-0.22
V21,129.88,129.88
V22,1334,139.2
V23,22201.8,22201.8
pKd,9.45858,7.06543
