DNA,RNA
V2,0,0
V3,-216.023,-201.115
V4,0,0
V5,0,0
V6,0,0
V7,0,0
V18,0,0
V19,0,0
V20,0,0
V21,2314.57,2314.57
V22,0,0
V23,686391,686391
pKd,6.42784,6.42129
