DNA,RNA
V2,159.658,0
V3,399.716,-189.023
V4,10,0
V5,0,0
V6,0,0
V7,0,0
V18,46,0
V19,18.7019,0
V20,-1.76,0
V21,55.31,55.31
V22,151.9,0
V23,8311.8,8311.8
pKd,7.10652,6.41597
