DNA,RNA
V2,3419.65,327.005
V3,19548.5,2100.9
V4,73,8.5
V5,42,2
V6,0,0
V7,0,0
V18,1071,156
V19,445.481,61.502
V20,9.26,0.71
V21,173.03,173.03
V22,1661.6,466.4
V23,32410.2,32410.2
pKd,8.24451,8.24562
