DNA,RNA
V2,84.4235,0
V3,-548.64,-107.427
V4,4.5,0
V5,1,0
V6,0,0
V7,0,0
V18,24,0
V19,7.76711,0
V20,0.96,0
V21,139.45,139.45
V22,59.6,0
V23,19171.5,19171.5
pKd,6.02523,6.38012
