DNA,RNA
V2,605.267,206.509
V3,3030.97,-933.047
V4,18.5,5.5
V5,3,1
V6,47527.3,47527.3
V7,5690.4,3537
V18,224,26
V19,95.5972,8.70467
V20,-0.31,0.25
V21,285.27,285.27
V22,731.2,176.7
V23,45774.3,45774.3
pKd,18.7265,6.04269
