DNA,RNA
V2,0,0
V3,-245.692,-58.907
V4,0,0
V5,0,0
V6,132214,132214
V7,5690.4,3537
V18,0,0
V19,0,0
V20,0,0
V21,5518.57,5518.57
V22,0,0
V23,722342,722342
pKd,8.91037,7.84007
