DNA,RNA
V2,702.637,67.4001
V3,3081.54,-615.317
V4,19,4
V5,10,1
V6,84484.9,84484.9
V7,5690.4,3537
V18,256,26
V19,103.577,9.02554
V20,0.83,-1.01
V21,406.55,406.55
V22,787.6,125.5
V23,69718.7,69718.7
pKd,24.3373,6.97676
