DNA,RNA
V2,2688.25,1780.65
V3,-3571.35,4589.08
V4,8.5,6
V5,0,2
V6,0,0
V7,0,0
V18,305,459
V19,96.5792,173.22
V20,-8.39,-7.94
V21,1649.81,1649.81
V22,1199.7,1792.9
V23,425623,425623
pKd,-8.27317,2.00788
