DNA,RNA
V2,4.55635,1124.7
V3,-370.946,4143.91
V4,0,15
V5,0,13
V6,0,0
V7,0,0
V18,0,279
V19,0,111.759
V20,0,5.32
V21,68.78,68.78
V22,0,646.7
V23,13736.6,13736.6
pKd,6.48616,10.5886
