DNA,RNA
V2,77.1689,0
V3,-220.102,-203.956
V4,2.5,0
V5,1,0
V6,0,0
V7,0,0
V18,16,0
V19,7.24409,0
V20,-1.05,0
V21,81.64,81.64
V22,117.9,0
V23,7784.9,7784.9
pKd,7.3893,6.42253
