DNA,RNA
V2,719.361,0
V3,4869.27,-364.503
V4,20,0
V5,5,0
V6,0,0
V7,0,0
V18,227,1
V19,101.185,0.290068
V20,2.86,0
V21,166.35,166.35
V22,211.7,0
V23,32821.6,32821.6
pKd,13.2691,6.44388
