DNA,RNA
V2,8.21113,889.883
V3,-201.978,6596.13
V4,0,18
V5,0,11
V6,0,0
V7,0,0
V18,0,283
V19,0,126.828
V20,0,5.41
V21,48.36,48.36
V22,0,352.6
V23,4713,4713
pKd,6.40409,16.0832
