DNA,RNA
V2,396.012,0
V3,1441.99,-261.262
V4,3,0
V5,2,0
V6,0,0
V7,0,0
V18,96,2
V19,39.2406,0.720656
V20,3.4,0
V21,47.06,47.06
V22,90.2,0
V23,8425,8425
pKd,7.99503,6.44299
