DNA,RNA
V2,26.8554,1233.56
V3,-423.311,5614.48
V4,0,16
V5,0,8
V6,0,0
V7,0,0
V18,1,398
V19,0.284661,156.251
V20,0,4.96
V21,165.9,165.9
V22,0,747.8
V23,37065.8,37065.8
pKd,6.40853,9.32717
