DNA,RNA
V2,106.936,3.83858
V3,-193.989,-335.504
V4,3,0
V5,2,0
V6,25737.4,25737.4
V7,5690.4,3537
V18,21,2
V19,8.71155,0.624224
V20,1.35,0.31
V21,109.11,109.11
V22,186.1,58.2
V23,14633.7,14633.7
pKd,7.97546,6.54881
