DNA,RNA
V2,1.57216,578.37
V3,-282.565,2076.77
V4,0,14
V5,0,3
V6,0,0
V7,0,0
V18,0,102
V19,0,44.9483
V20,0,2.25
V21,166.99,166.99
V22,0,52.5
V23,21692.7,21692.7
pKd,6.45371,9.45267
