DNA,RNA
V2,605.267,206.509
V3,3031.07,-933.021
V4,18.5,5.5
V5,3,1
V6,47428.7,47428.7
V7,5690.4,3537
V18,224,26
V19,95.5972,8.70467
V20,-0.31,0.25
V21,282.8,282.8
V22,731.2,176.7
V23,45781.7,45781.7
pKd,18.7129,6.04257
