DNA,RNA
V2,108.839,0
V3,-683.428,-323.518
V4,2.5,0
V5,0,0
V6,16052,16052
V7,5690.4,3537
V18,12,0
V19,4.54798,0
V20,-2.42,0
V21,97.44,97.44
V22,163,0
V23,14249.1,14249.1
pKd,6.65106,6.55428
