DNA,RNA
V2,4697.16,642.223
V3,22231.3,1051.48
V4,59.5,20.5
V5,41,5
V6,0,0
V7,0,0
V18,1243,148
V19,520.288,57.9032
V20,6.47,-3.9
V21,250.28,250.28
V22,1502.5,296.8
V23,38501.5,38501.5
pKd,-0.281982,8.10842
