DNA,RNA
V2,859.727,50.9557
V3,5603.38,-597.396
V4,14,0
V5,17,0
V6,17129,17129
V7,5690.4,3537
V18,271,4
V19,123.351,1.53884
V20,2.19,0.13
V21,209.02,209.02
V22,549,59.3
V23,17301,17301
pKd,22.8321,6.53578
