DNA,RNA
V2,203.578,0
V3,876.531,-172.84
V4,6,0
V5,3,0
V6,0,0
V7,0,0
V18,70,0
V19,27.1656,0
V20,-0.75,0
V21,44.09,44.09
V22,105.7,0
V23,5495.4,5495.4
pKd,7.36133,6.40886
