DNA,RNA
V2,1669.5,191.961
V3,3861.17,-1017.51
V4,26,4
V5,18,3
V6,0,0
V7,0,0
V18,405,32
V19,157.253,10.2
V20,-2.48,-0.87
V21,153.24,153.24
V22,772.3,304.1
V23,38347.6,38347.6
pKd,9.63295,6.09805
