DNA,RNA
V2,135.47,86.2642
V3,83.382,131.357
V4,6.5,1
V5,0,1
V6,8909.7,8909.7
V7,5690.4,3537
V18,61,15
V19,23.024,6.5199
V20,3.25,0.36
V21,66.18,66.18
V22,290.8,125.6
V23,8136.1,8136.1
pKd,7.01605,7.22206
