DNA,RNA
V2,1520.89,80.1105
V3,9381.21,-551.899
V4,27.5,0.5
V5,15,1
V6,0,0
V7,0,0
V18,432,9
V19,189.934,2.90817
V20,0.72,0.21
V21,88.48,88.48
V22,755,93.7
V23,15269.1,15269.1
pKd,16.1828,6.38466
