DNA,RNA
V2,520.682,184.345
V3,-738.839,377.006
V4,7,2.5
V5,0,0
V6,0,0
V7,0,0
V18,48,59
V19,17.4043,25.1296
V20,2.18,-1.28
V21,153.42,153.42
V22,107.1,111.6
V23,30228.8,30228.8
pKd,5.53491,8.09177
