DNA,RNA
V2,4186.7,3385.82
V3,26777.1,15352.8
V4,73.5,40.5
V5,58,21
V6,0,0
V7,0,0
V18,1260,921
V19,542.545,375.02
V20,4.93,15.21
V21,391.58,391.58
V22,2122.7,1676.8
V23,66022.8,66022.8
pKd,-0.27547,8.56508
