DNA,RNA
V2,26.2547,579.608
V3,-657.496,2905.53
V4,0,10
V5,0,11
V6,0,0
V7,0,0
V18,2,192
V19,0.570125,76.0592
V20,0,-0.65
V21,240.15,240.15
V22,0,408.9
V23,35891.9,35891.9
pKd,6.46034,10.0579
