DNA,RNA
V2,548.972,62.4241
V3,674.576,-477.095
V4,12.5,4
V5,7,1
V6,0,0
V7,0,0
V18,102,34
V19,40.0408,14.9417
V20,0.05,-0.05
V21,2077.45,2077.45
V22,379.6,105.8
V23,389477,389477
pKd,8.18785,8.16554
