DNA,RNA
V2,0,124.205
V3,-602.855,-417.286
V4,0,0.5
V5,0,1
V6,39256.2,39256.2
V7,5690.4,3537
V18,0,25
V19,0,9.15743
V20,0,-0.64
V21,349.65,349.65
V22,0,55.8
V23,38584,38584
pKd,6.99559,6.91868
