DNA,RNA
V2,0,0
V3,-532.695,-102.79
V4,0,0
V5,0,0
V6,161272,161272
V7,5690.4,3537
V18,0,0
V19,0,0
V20,0,0
V21,5472.18,5472.18
V22,0,0
V23,738963,738963
pKd,8.66479,8.04563
