DNA,RNA
V2,0,0
V3,-137.8,-68.0665
V4,0,0
V5,0,0
V6,0,0
V7,0,0
V18,0,0
V19,0,0
V20,0,0
V21,64.82,64.82
V22,0,0
V23,6247,6247
pKd,6.39346,6.36282
