DNA,RNA
V2,26.3203,165.939
V3,-596.318,-361.087
V4,4,2
V5,1,1
V6,44874.9,44874.9
V7,5690.4,3537
V18,6,18
V19,1.94359,5.81719
V20,-0.64,1.22
V21,92.16,92.16
V22,55.8,47.5
V23,20603.4,20603.4
pKd,7.13171,6.35376
