DNA,RNA
V2,521.996,188.52
V3,4225.51,-144.885
V4,14.5,1
V5,6,0
V6,0,0
V7,0,0
V18,219,21
V19,90.3377,7.60311
V20,-0.18,0
V21,159.08,159.08
V22,453.5,0
V23,25949.9,25949.9
pKd,11.1625,5.96594
