DNA,RNA
V2,84.6865,0
V3,-326.684,-128.044
V4,2,0
V5,0,0
V6,105376,105376
V7,5690.4,3537
V18,10,0
V19,3.63306,0
V20,-1.01,0
V21,3005.96,3005.96
V22,46.2,0
V23,424193,424193
pKd,8.37876,7.42691
