DNA,RNA
V2,84.6865,0
V3,-326.686,-128.044
V4,2,0
V5,0,0
V6,105300,105300
V7,5690.4,3537
V18,10,0
V19,3.63306,0
V20,-1.01,0
V21,3012.96,3012.96
V22,46.2,0
V23,424036,424036
pKd,8.37724,7.42616
