DNA,RNA
V2,78.8149,81.6585
V3,-617.03,-1090.29
V4,1.5,4.5
V5,1,2
V6,0,0
V7,0,0
V18,15,29
V19,5.45981,9.72546
V20,-0.77,-0.8
V21,869.64,869.64
V22,61,285.3
V23,184895,184895
pKd,6.64905,6.49527
