DNA,RNA
V2,2046.14,21.6467
V3,8716.45,-759.759
V4,30,0
V5,19,0
V6,0,0
V7,0,0
V18,556,13
V19,232.342,4.19987
V20,1.15,0.22
V21,113.8,113.8
V22,698.7,131.2
V23,24183.3,24183.3
pKd,13.2353,6.26555
