DNA,RNA
V2,519.726,0
V3,2200.35,-230.297
V4,10.5,0
V5,3,0
V6,0,0
V7,0,0
V18,152,1
V19,59.9681,0.344978
V20,-0.95,0
V21,57.86,57.86
V22,226.7,0
V23,7741.2,7741.2
pKd,7.99611,6.42151
