DNA,RNA
V2,3729.46,4470.96
V3,18729.4,25735.4
V4,40,47
V5,25,46
V6,0,0
V7,0,0
V18,984,1400
V19,405.726,571.211
V20,8.86,23.99
V21,177.32,177.32
V22,1485.6,2361.5
V23,34737.3,34737.3
pKd,8.76522,5.02019
