DNA,RNA
V2,313.589,108.049
V3,3824.7,-13.1552
V4,8.5,0
V5,1,0
V6,0,0
V7,0,0
V18,144,16
V19,65.4502,5.67693
V20,3.28,0
V21,56.55,56.55
V22,232.6,0
V23,7161.5,7161.5
pKd,12.1242,6.00237
