DNA,RNA
V2,912.635,423.032
V3,237.46,130.618
V4,15,11
V5,7,5
V6,0,0
V7,0,0
V18,177,113
V19,70.2989,42.5223
V20,8.7,1.52
V21,330.27,330.27
V22,680.7,283.9
V23,35662,35662
pKd,8.52191,7.34317
