DNA,RNA
V2,203.902,231.776
V3,-640.303,-268.297
V4,2,6.5
V5,3,3
V6,0,0
V7,0,0
V18,52,49
V19,19.7914,18.7467
V20,-2.62,0.68
V21,287.59,287.59
V22,267.6,361
V23,44556.3,44556.3
pKd,7.35589,7.16895
