DNA,RNA
V2,202.983,30.8248
V3,-96.4435,-434.943
V4,6,0
V5,2,0
V6,0,0
V7,0,0
V18,46,0
V19,16.9663,0
V20,1.35,0
V21,111.51,111.51
V22,106.8,0
V23,14317.7,14317.7
pKd,6.58208,6.45805
