DNA,RNA
V2,181.832,43.9347
V3,-577.518,-417.619
V4,4.5,0
V5,1,0
V6,19810.7,19810.7
V7,5690.4,3537
V18,20,4
V19,6.56356,1.1957
V20,-0.99,0
V21,129.55,129.55
V22,47.8,0
V23,15488.4,15488.4
pKd,6.31251,6.33304
