DNA,RNA
V2,3635.7,4588.79
V3,17287.8,18939.9
V4,49,44
V5,28,37
V6,0,0
V7,0,0
V18,946,1222
V19,392.859,498.208
V20,7.82,10.26
V21,1067.08,1067.08
V22,999.7,1497.5
V23,151467,151467
pKd,8.82856,1.13581
