DNA,RNA
V2,3099.45,45.8512
V3,18534.3,-364.077
V4,49.5,2.5
V5,31,2
V6,0,0
V7,0,0
V18,929,6
V19,394.65,2.38395
V20,11.55,-1.01
V21,82.43,82.43
V22,1046.3,46.2
V23,12606.1,12606.1
pKd,11.6843,6.96536
