DNA,RNA
V2,702.637,67.4001
V3,3081.48,-615.368
V4,19,4
V5,10,1
V6,84474.6,84474.6
V7,5690.4,3537
V18,256,26
V19,103.577,9.02554
V20,0.83,-1.01
V21,405.76,405.76
V22,787.6,125.5
V23,69705,69705
pKd,24.3357,6.97661
