DNA,RNA
V2,206.987,85.7483
V3,2051.24,-500.433
V4,9,3.5
V5,4,2
V6,0,0
V7,0,0
V18,105,7
V19,50.2698,2.30949
V20,-1.59,-0.99
V21,73.94,73.94
V22,113.8,47.8
V23,8511.8,8511.8
pKd,12.7803,6.65871
