DNA,RNA
V2,669.272,57.466
V3,162.713,-358.08
V4,13.5,3
V5,9,2
V6,0,0
V7,0,0
V18,135,26
V19,50.9515,9.85022
V20,3.06,-0.38
V21,119.14,119.14
V22,636.4,115.3
V23,18259.4,18259.4
pKd,7.82558,7.0527
