DNA,RNA
V2,177.36,96.9394
V3,-569.032,169.983
V4,3.5,7.5
V5,0,1
V6,0,0
V7,0,0
V18,20,33
V19,7.32894,13.6409
V20,0,-0.04
V21,147.07,147.07
V22,0,71.7
V23,24871,24871
pKd,6.23041,7.30119
