DNA,RNA
V2,106.936,3.83858
V3,-193.924,-335.469
V4,3,0
V5,2,0
V6,25618.9,25618.9
V7,5690.4,3537
V18,21,2
V19,8.71155,0.624224
V20,1.35,0.31
V21,109.77,109.77
V22,186.1,58.2
V23,14667.4,14667.4
pKd,7.97249,6.54805
