DNA,RNA
V2,0,0
V3,-116.28,-191.841
V4,0,0
V5,0,0
V6,0,0
V7,0,0
V18,0,0
V19,0,0
V20,0,0
V21,1364.16,1364.16
V22,0,0
V23,284725,284725
pKd,6.38401,6.41721
