DNA,RNA
V2,3085.99,38.3411
V3,17520.7,-293.703
V4,40.5,0
V5,42,0
V6,0,0
V7,0,0
V18,838,10
V19,361.111,4.01888
V20,9.96,0
V21,63.04,63.04
V22,1055.6,0
V23,11627.5,11627.5
pKd,14.99,6.63122
