DNA,RNA
V2,238.469,150.17
V3,712.98,102.691
V4,7,6
V5,3,1
V6,0,0
V7,0,0
V18,84,41
V19,32.833,15.4155
V20,2.35,-0.77
V21,82.54,82.54
V22,374.1,61
V23,10913.1,10913.1
pKd,7.65148,6.57664
