DNA,RNA
V2,85.3671,0
V3,-932.44,-395.149
V4,0,0
V5,0,0
V6,37951,37951
V7,5690.4,3537
V18,2,0
V19,0.712831,0
V20,0.26,0
V21,225.01,225.01
V22,59.5,0
V23,27818.4,27818.4
pKd,6.68152,6.66234
