DNA,RNA
V2,4186.7,3385.82
V3,26776.4,15352.6
V4,73.5,40.5
V5,58,21
V6,0,0
V7,0,0
V18,1260,921
V19,542.545,375.02
V20,4.93,15.21
V21,391.59,391.59
V22,2122.7,1676.8
V23,66028.7,66028.7
pKd,-0.276705,8.56492
