DNA,RNA
V2,1768.31,203.125
V3,11514.2,-935.537
V4,40,4.5
V5,21,1
V6,0,0
V7,0,0
V18,578,28
V19,247.766,9.23553
V20,-1.02,-0.38
V21,60.05,60.05
V22,833.1,194.6
V23,10881,10881
pKd,15.3748,5.91296
