DNA,RNA
V2,0,0
V3,-176.672,-99.7162
V4,0,0
V5,0,0
V6,0,0
V7,0,0
V18,0,0
V19,0,0
V20,0,0
V21,65.19,65.19
V22,0,0
V23,14809.1,14809.1
pKd,6.41054,6.37673
