DNA,RNA
V2,2.94417,1770.49
V3,-375.135,12661.9
V4,0,25
V5,1,27
V6,0,0
V7,0,0
V18,6,647
V19,2.91236,269.748
V20,-0.77,3.56
V21,256.13,256.13
V22,61,794
V23,51147.1,51147.1
pKd,7.20506,17.7543
