DNA,RNA
V2,4738.49,214.741
V3,27898.2,-524.888
V4,87.5,5.5
V5,60,1
V6,0,0
V7,0,0
V18,1327,63
V19,561.078,23.8999
V20,2.29,-2.91
V21,224.81,224.81
V22,1285.6,328.3
V23,47811.6,47811.6
pKd,-1.09956,6.87353
