DNA,RNA
V2,76.9361,3578.22
V3,-292.362,20044.3
V4,3.5,33.5
V5,0,38
V6,19914.5,19914.5
V7,5690.4,3537
V18,16,1027
V19,7.93934,425.397
V20,-1.01,16.78
V21,177.11,177.11
V22,46.2,985.7
V23,17549.2,17549.2
pKd,8.03096,27.2862
