DNA,RNA
V2,128.622,0
V3,-930.961,-384.111
V4,4.5,0
V5,1,0
V6,0,0
V7,0,0
V18,26,0
V19,9.08829,0
V20,-2.32,0
V21,145.65,145.65
V22,265.2,0
V23,26838.6,26838.6
pKd,6.40485,6.50169
