DNA,RNA
V2,797.505,124.555
V3,2380.37,-710.14
V4,2.5,2.5
V5,3,0
V6,50496.9,50496.9
V7,5690.4,3537
V18,165,19
V19,70.0331,6.18915
V20,4.36,0
V21,443.38,443.38
V22,149.8,0
V23,46236.5,46236.5
pKd,16.284,6.05549
