DNA,RNA
V2,850.716,432.287
V3,2391.16,862.036
V4,26,18
V5,6,9
V6,0,0
V7,0,0
V18,269,134
V19,105.056,52.3184
V20,3.38,-4.1
V21,84.92,84.92
V22,622,554
V23,12064.2,12064.2
pKd,9.00747,9.02035
