DNA,RNA
V2,5453.63,3434.29
V3,28184.9,14421
V4,62,42.5
V5,41,27
V6,0,0
V7,0,0
V18,1484,861
V19,620.359,358.201
V20,9.02,8.51
V21,163.7,163.7
V22,1635.2,1399.9
V23,23233.3,23233.3
pKd,-6.72268,8.89748
