DNA,RNA
V2,2849.13,4667.66
V3,11366.2,25380.2
V4,52.5,50.5
V5,28,39
V6,0,0
V7,0,0
V18,719,1300
V19,303.98,540.766
V20,6.31,18.22
V21,197.24,197.24
V22,1524.2,1598.3
V23,25706.8,25706.8
pKd,9.04479,3.28598
