DNA,RNA
V2,76.9361,3578.22
V3,-292.074,20044.4
V4,3.5,33.5
V5,0,38
V6,19903.1,19903.1
V7,5690.4,3537
V18,16,1027
V19,7.93934,425.397
V20,-1.01,16.78
V21,177.92,177.92
V22,46.2,985.7
V23,17575.1,17575.1
pKd,8.03077,27.2788
