DNA,RNA
V2,236.865,3741.47
V3,-1520.67,18808.2
V4,4,35.5
V5,3,27
V6,0,0
V7,0,0
V18,37,1008
V19,15.3721,415.391
V20,-2.89,9.21
V21,612.73,612.73
V22,288.3,1316.6
V23,144273,144273
pKd,8.16976,8.50601
