DNA,RNA
V2,859.727,50.9557
V3,5603.62,-597.338
V4,14,0
V5,17,0
V6,17076.2,17076.2
V7,5690.4,3537
V18,271,4
V19,123.351,1.53884
V20,2.19,0.13
V21,211.57,211.57
V22,549,59.3
V23,17310.2,17310.2
pKd,22.8217,6.53567
