DNA,RNA
V2,20.8791,1546.28
V3,-383.424,4559.57
V4,5,12
V5,2,14
V6,0,0
V7,0,0
V18,9,372
V19,3.17971,150.055
V20,-1.01,5.27
V21,193.59,193.59
V22,46.2,633.4
V23,25819.3,25819.3
pKd,6.82866,10.8208
