DNA,RNA
V2,139.139,0
V3,-116.088,-98.0952
V4,2,0
V5,0,0
V6,0,0
V7,0,0
V18,30,0
V19,10.1276,0
V20,-1.01,0
V21,41.06,41.06
V22,46.2,0
V23,7353.5,7353.5
pKd,5.59882,6.37602
