DNA,RNA
V2,78.8149,81.6585
V3,-618.086,-1093.48
V4,1.5,4.5
V5,1,2
V6,0,0
V7,0,0
V18,15,29
V19,5.45981,9.72546
V20,-0.77,-0.8
V21,872.5,872.5
V22,61,285.3
V23,185048,185048
pKd,6.64947,6.49624
