DNA,RNA
V2,105.946,39.9793
V3,-874.533,-825.62
V4,4,3.5
V5,2,1
V6,22851.1,22851.1
V7,5690.4,3537
V18,27,5
V19,9.80324,1.50517
V20,-1.26,-0.64
V21,159.05,159.05
V22,220.8,55.8
V23,17735.2,17735.2
pKd,7.08691,6.48069
