DNA,RNA
V2,1767.13,3976.37
V3,7994.61,20252.9
V4,17,46.5
V5,10,39
V6,0,0
V7,0,0
V18,503,1142
V19,199.738,472.049
V20,5.75,21.53
V21,183.9,183.9
V22,620,1661
V23,20263.9,20263.9
pKd,9.38065,7.25806
