DNA,RNA
V2,142.339,91.0217
V3,-608.151,-569.558
V4,3.5,0
V5,2,0
V6,0,0
V7,0,0
V18,41,7
V19,16.1619,2.15803
V20,-2.93,0
V21,126.93,126.93
V22,213.6,0
V23,29436,29436
pKd,7.47003,6.1263
