DNA,RNA
V2,1.10098,0
V3,-259.265,-143.237
V4,0,0
V5,0,0
V6,0,0
V7,0,0
V18,0,0
V19,0,0
V20,0,0
V21,51.88,51.88
V22,0,0
V23,7535.6,7535.6
pKd,6.44448,6.39585
