DNA,RNA
V2,5065.45,5251.4
V3,25773.3,33156.7
V4,81,54.5
V5,54,45
V6,0,0
V7,0,0
V18,1383,1555
V19,571.782,668.056
V20,6.7,9.91
V21,148.87,148.87
V22,1746.7,1952.9
V23,21623.3,21623.3
pKd,-0.224911,-5.98644
