DNA,RNA
V2,387.977,0
V3,776.459,-366.128
V4,14.5,0
V5,5,0
V6,0,0
V7,0,0
V18,95,2
V19,38.1646,0.660864
V20,0.72,-0.81
V21,49.3,49.3
V22,318.2,132.7
V23,11132.9,11132.9
pKd,8.39775,6.44921
