DNA,RNA
V2,4963.92,3818.73
V3,24752.2,24347.1
V4,79.5,56
V5,61,32
V6,0,0
V7,0,0
V18,1408,1258
V19,584.671,525.767
V20,8.81,9.3
V21,145.77,145.77
V22,1667.8,1378.5
V23,23021.8,23021.8
pKd,-4.36395,6.92725
