DNA,RNA
V2,0,0
V3,-176.99,-99.769
V4,0,0
V5,0,0
V6,0,0
V7,0,0
V18,0,0
V19,0,0
V20,0,0
V21,65.13,65.13
V22,0,0
V23,14799.9,14799.9
pKd,6.41068,6.37675
