DNA,RNA
V2,0,0
V3,-245.725,-58.9124
V4,0,0
V5,0,0
V6,132255,132255
V7,5690.4,3537
V18,0,0
V19,0,0
V20,0,0
V21,5506.97,5506.97
V22,0,0
V23,721967,721967
pKd,8.91107,7.84052
