DNA,RNA
V2,0,61.3814
V3,-84.0135,-287.542
V4,0,1
V5,0,2
V6,11964,11964
V7,5690.4,3537
V18,0,3
V19,0,0.992963
V20,0,-1.01
V21,51.52,51.52
V22,0,46.2
V23,6901.2,6901.2
pKd,6.63841,6.80144
