DNA,RNA
V2,0,124.205
V3,-603.169,-417.366
V4,0,0.5
V5,0,1
V6,39329.4,39329.4
V7,5690.4,3537
V18,0,25
V19,0,9.15743
V20,0,-0.64
V21,348.84,348.84
V22,0,55.8
V23,38555.5,38555.5
pKd,6.99633,6.91944
