DNA,RNA
V2,1233.19,4.81949
V3,6411.52,-348.137
V4,29.5,1.5
V5,12,0
V6,0,0
V7,0,0
V18,405,6
V19,166.332,2.048
V20,0.28,0
V21,63.74,63.74
V22,716.9,0
V23,14504.9,14504.9
pKd,12.6763,6.38722
