DNA,RNA
V2,743.538,51.956
V3,2112.72,-792.84
V4,12,1.5
V5,7,2
V6,0,0
V7,0,0
V18,170,9
V19,71.4541,3.85277
V20,1.68,-0.64
V21,1036.48,1036.48
V22,221.1,55.8
V23,164242,164242
pKd,10.5865,7.37021
