DNA,RNA
V2,18.8275,608.809
V3,-362.833,4023.22
V4,1.5,8
V5,1,4
V6,15620,15620
V7,5690.4,3537
V18,1,207
V19,0.346551,83.9212
V20,1.54,2.46
V21,53.19,53.19
V22,55.4,220
V23,8140.8,8140.8
pKd,6.89343,12.1996
