DNA,RNA
V2,9.91282,434.235
V3,-470.158,1951.48
V4,0,3.5
V5,0,0
V6,32276.7,32276.7
V7,5690.4,3537
V18,0,94
V19,0,49.5599
V20,0,0
V21,178.58,178.58
V22,0,0
V23,23611.3,23611.3
pKd,6.93613,16.6082
