DNA,RNA
V2,4490.27,4085.53
V3,26105.8,25262.6
V4,68,52
V5,51,56
V6,0,0
V7,0,0
V18,1430,1399
V19,591.787,591.667
V20,7.42,-1.89
V21,218.56,218.56
V22,1904.9,1864
V23,39369,39369
pKd,1.76603,3.69509
