DNA,RNA
V2,0,0
V3,-245.712,-58.9139
V4,0,0
V5,0,0
V6,132192,132192
V7,5690.4,3537
V18,0,0
V19,0,0
V20,0,0
V21,5517.69,5517.69
V22,0,0
V23,722358,722358
pKd,8.90991,7.83981
