DNA,RNA
V2,84.6865,0
V3,-326.687,-128.045
V4,2,0
V5,0,0
V6,105382,105382
V7,5690.4,3537
V18,10,0
V19,3.63306,0
V20,-1.01,0
V21,3025.79,3025.79
V22,46.2,0
V23,424007,424007
pKd,8.37887,7.42697
