DNA,RNA
V2,517.127,0
V3,1058.21,-166.807
V4,5,0
V5,2,0
V6,0,0
V7,0,0
V18,108,0
V19,41.5524,0
V20,2.93,0
V21,44.93,44.93
V22,330.5,0
V23,6399.4,6399.4
pKd,6.62169,6.40621
