DNA,RNA
V2,4454.65,4960.96
V3,26710.3,29811.7
V4,62,63
V5,30,52
V6,0,0
V7,0,0
V18,1301,1521
V19,559.765,636.102
V20,12.65,6.86
V21,249.92,249.92
V22,1808.8,1972.5
V23,38543.9,38543.9
pKd,-2.14653,-1.82546
