DNA,RNA
V2,9984.67,7617.84
V3,56703.2,53367.1
V4,120.5,75.5
V5,108,85
V6,41835.2,41835.2
V7,5690.4,3537
V18,3088,2468
V19,1267.79,1074.72
V20,29.61,36.49
V21,353.96,353.96
V22,4000.9,3374.8
V23,52482,52482
pKd,-3.77353,8.34976
