DNA,RNA
V2,1971.91,0.370796
V3,8308.38,-508.462
V4,44,0
V5,29,0
V6,0,0
V7,0,0
V18,543,0
V19,224.148,0
V20,4.91,0
V21,255.17,255.17
V22,1318.8,0
V23,42573.7,42573.7
pKd,13.3875,6.55554
