DNA,RNA
V2,4297.64,3834.97
V3,19235.7,25044.2
V4,57,51
V5,40,57
V6,0,0
V7,0,0
V18,1166,1221
V19,479.55,527.353
V20,9.37,6.02
V21,197.02,197.02
V22,1890.6,2154
V23,28096.7,28096.7
pKd,3.78469,8.21121
