DNA,RNA
V2,0,60.846
V3,-283.837,-338.41
V4,0,0.5
V5,0,2
V6,0,0
V7,0,0
V18,0,24
V19,0,7.86996
V20,0,-0.45
V21,1908.82,1908.82
V22,0,201.3
V23,432407,432407
pKd,6.45763,6.23172
