DNA,RNA
V2,24.7067,104.482
V3,-356.492,463.594
V4,0,5
V5,0,2
V6,0,0
V7,0,0
V18,0,26
V19,0,12.2369
V20,0,-1.41
V21,50.76,50.76
V22,0,116.8
V23,8605.3,8605.3
pKd,6.43667,8.10134
