DNA,RNA
V2,0,0
V3,-262.05,-153.855
V4,0,0
V5,0,0
V6,0,0
V7,0,0
V18,0,0
V19,0,0
V20,0,0
V21,65.97,65.97
V22,0,0
V23,9508.9,9508.9
pKd,6.44806,6.40052
