DNA,RNA
V2,797.406,124.657
V3,2380.63,-709.528
V4,2.5,2.5
V5,3,0
V6,50494.5,50494.5
V7,5690.4,3537
V18,165,19
V19,70.0331,6.18924
V20,4.36,0
V21,444.51,444.51
V22,149.8,0
V23,46243.7,46243.7
pKd,16.2842,6.05576
