DNA,RNA
V2,111.507,520.944
V3,-455.224,1792.84
V4,0,7
V5,0,7
V6,0,0
V7,0,0
V18,4,142
V19,1.21776,54.9396
V20,0,1.56
V21,193.98,193.98
V22,0,270.1
V23,31274.5,31274.5
pKd,6.13393,8.0677
