DNA,RNA
V2,0,0
V3,-273.483,-112.748
V4,0,0
V5,0,0
V6,0,0
V7,0,0
V18,0,0
V19,0,0
V20,0,0
V21,282.5,282.5
V22,0,0
V23,39898.6,39898.6
pKd,6.45308,6.38246
