DNA,RNA
V2,85.3671,0
V3,-932.977,-395.381
V4,0,0
V5,0,0
V6,37976.3,37976.3
V7,5690.4,3537
V18,2,0
V19,0.712831,0
V20,0.26,0
V21,226.01,226.01
V22,59.5,0
V23,27818.8,27818.8
pKd,6.68145,6.66238
