DNA,RNA
V2,84.6865,0
V3,-326.682,-128.043
V4,2,0
V5,0,0
V6,105382,105382
V7,5690.4,3537
V18,10,0
V19,3.63306,0
V20,-1.01,0
V21,2999.43,2999.43
V22,46.2,0
V23,424021,424021
pKd,8.37888,7.42697
