DNA,RNA
V2,1002.01,0
V3,1764.69,-302.947
V4,21,0
V5,9,0
V6,0,0
V7,0,0
V18,228,0
V19,92.3919,0
V20,-2.92,0
V21,1371.4,1371.4
V22,523.2,0
V23,491451,491451
pKd,9.78861,6.46603
