DNA,RNA
V2,3396.97,475.67
V3,14724.7,74.3698
V4,58.5,14.5
V5,32,2
V6,0,0
V7,0,0
V18,793,75
V19,338.207,27.4943
V20,5.06,2.25
V21,130.14,130.14
V22,912.6,249.9
V23,18032.4,18032.4
pKd,7.98081,6.23902
