DNA,RNA
V2,339.357,1035.74
V3,291.727,2431.59
V4,7,18.5
V5,4,4
V6,0,0
V7,0,0
V18,67,242
V19,28.9702,94.3793
V20,-3.1,-1.51
V21,112.38,112.38
V22,342.9,374.8
V23,28121,28121
pKd,9.03282,7.79957
