DNA,RNA
V2,0,0
V3,-64.9082,-33.8378
V4,0,0
V5,0,0
V6,0,0
V7,0,0
V18,0,0
V19,0,0
V20,0,0
V21,2.23,2.23
V22,0,0
V23,4107.9,4107.9
pKd,6.36144,6.34778
