DNA,RNA
V2,31.6356,81.8423
V3,-307.903,-327.313
V4,0.5,5
V5,1,2
V6,0,0
V7,0,0
V18,23,14
V19,9.7398,4.65196
V20,0.9,0.13
V21,84.84,84.84
V22,111.2,138.6
V23,9245.3,9245.3
pKd,7.52715,6.49444
