DNA,RNA
V2,76.9361,3578.22
V3,-291.886,20044.4
V4,3.5,33.5
V5,0,37
V6,19926.5,19926.5
V7,5690.4,3537
V18,16,1027
V19,7.93934,425.397
V20,-1.01,16.78
V21,176.85,176.85
V22,46.2,985.7
V23,17569,17569
pKd,8.03132,27.1435
