DNA,RNA
V2,0,0
V3,-177.015,-101.719
V4,0,0
V5,0,0
V6,0,0
V7,0,0
V18,0,0
V19,0,0
V20,0,0
V21,64.18,64.18
V22,0,0
V23,14776,14776
pKd,6.41069,6.37761
