DNA,RNA
V2,0,0
V3,-116.136,-191.687
V4,0,0
V5,0,0
V6,0,0
V7,0,0
V18,0,0
V19,0,0
V20,0,0
V21,1365.77,1365.77
V22,0,0
V23,284774,284774
pKd,6.38394,6.41714
