DNA,RNA
V2,1971.91,0.370796
V3,8308.28,-508.513
V4,44,0
V5,29,0
V6,0,0
V7,0,0
V18,543,0
V19,224.148,0
V20,4.91,0
V21,255.72,255.72
V22,1318.8,0
V23,42594.7,42594.7
pKd,13.3874,6.55556
