DNA,RNA
V2,4647.85,642.223
V3,21851.5,1055.24
V4,60,20.5
V5,44,5
V6,0,0
V7,0,0
V18,1231,145
V19,514.786,56.7879
V20,6.34,-4.03
V21,249.57,249.57
V22,1507.7,302
V23,38507.9,38507.9
pKd,0.316265,8.10558
