DNA,RNA
V2,171.521,0
V3,-186.975,-141.147
V4,3,0
V5,0,0
V6,17992,17992
V7,5690.4,3537
V18,21,0
V19,7.04916,0
V20,0,0
V21,65.53,65.53
V22,0,0
V23,11795.5,11795.5
pKd,6.19665,6.56626
