DNA,RNA
V2,195.742,38.7852
V3,-84.1187,-441.084
V4,4.5,0.5
V5,1,0
V6,10200.8,10200.8
V7,5690.4,3537
V18,32,5
V19,12.148,1.58626
V20,0.96,0
V21,107.77,107.77
V22,59.6,79.3
V23,8446.2,8446.2
pKd,6.88683,6.31595
