DNA,RNA
V2,144.428,194.355
V3,-766.886,-168.543
V4,5,5
V5,2,2
V6,0,0
V7,0,0
V18,31,44
V19,11.4428,16.3006
V20,-0.03,0.96
V21,139.12,139.12
V22,180.5,59.6
V23,15461.9,15461.9
pKd,6.85047,6.64465
