DNA,RNA
V2,0,0
V3,-311.642,-139.835
V4,0,0
V5,0,0
V6,13569.3,13569.3
V7,5690.4,3537
V18,0,0
V19,0,0
V20,0,0
V21,50.43,50.43
V22,0,0
V23,7302.9,7302.9
pKd,6.67855,6.52368
