DNA,RNA
V2,400.56,127.918
V3,1365.88,-242.206
V4,11.5,5.5
V5,2,0
V6,0,0
V7,0,0
V18,101,30
V19,43.4882,11.424
V20,-1.28,-0.64
V21,60.53,60.53
V22,111.6,55.8
V23,8380.2,8380.2
pKd,9.21867,6.50262
