DNA,RNA
V2,298.215,0
V3,97.9185,-418.048
V4,5.5,0
V5,1,0
V6,18659,18659
V7,5690.4,3537
V18,44,0
V19,16.746,0
V20,-0.99,0
V21,71.89,71.89
V22,47.8,0
V23,12464.5,12464.5
pKd,7.19413,6.56916
