DNA,RNA
V2,370.579,0
V3,816.079,-258.441
V4,6,0
V5,1,0
V6,0,0
V7,0,0
V18,88,0
V19,32.3505,0
V20,0.42,0
V21,89.33,89.33
V22,156.7,0
V23,10935.7,10935.7
pKd,5.79497,6.44648
