DNA,RNA
V2,3.32201,124.205
V3,-607.156,-418.134
V4,0,0.5
V5,0,1
V6,39374.2,39374.2
V7,5690.4,3537
V18,0,25
V19,0,9.15743
V20,0,-0.64
V21,348.62,348.62
V22,0,55.8
V23,38542.3,38542.3
pKd,6.98868,6.9196
