DNA,RNA
V2,1005.82,0
V3,1821.7,-303.07
V4,21.5,0
V5,10,0
V6,0,0
V7,0,0
V18,229,0
V19,92.6702,0
V20,-2.92,0
V21,1361.7,1361.7
V22,523.2,0
V23,491410,491410
pKd,9.92459,6.46608
