DNA,RNA
V2,0,67.494
V3,-153.927,-236.265
V4,0,4
V5,0,3
V6,19446.3,19446.3
V7,5690.4,3537
V18,0,22
V19,0,7.32976
V20,0,-1.01
V21,121.71,121.71
V22,0,46.2
V23,16442,16442
pKd,6.79585,6.82549
