DNA,RNA
V2,0,0
V3,-215.957,-201.023
V4,0,0
V5,0,0
V6,0,0
V7,0,0
V18,0,0
V19,0,0
V20,0,0
V21,2307.42,2307.42
V22,0,0
V23,686365,686365
pKd,6.42781,6.42124
