DNA,RNA
V2,390.024,177.617
V3,615.902,1452.04
V4,12.5,13
V5,3,1
V6,0,0
V7,0,0
V18,94,98
V19,37.3733,40.4094
V20,-1.66,-0.86
V21,147.53,147.53
V22,211,259.5
V23,31219.3,31219.3
pKd,7.82462,8.50585
