DNA,RNA
V2,105.228,1128.68
V3,-387.849,3432.32
V4,5.5,13.5
V5,2,12
V6,52217.2,52217.2
V7,5690.4,3537
V18,20,263
V19,7.00923,103.842
V20,-0.99,3.62
V21,404.16,404.16
V22,47.8,525.5
V23,47396.9,47396.9
pKd,7.66539,17.6088
