DNA,RNA
V2,2849.13,4667.66
V3,11366.4,25380.3
V4,52.5,50.5
V5,28,39
V6,0,0
V7,0,0
V18,719,1300
V19,303.98,540.766
V20,6.31,18.22
V21,197.29,197.29
V22,1524.2,1598.3
V23,25705.5,25705.5
pKd,9.04502,3.28609
