DNA,RNA
V2,0,0
V3,-177.162,-99.7583
V4,0,0
V5,0,0
V6,0,0
V7,0,0
V18,0,0
V19,0,0
V20,0,0
V21,65.88,65.88
V22,0,0
V23,14794.8,14794.8
pKd,6.41076,6.37675
