DNA,RNA
V2,1098.2,102.872
V3,2261.67,-616.59
V4,20.5,0
V5,8,0
V6,0,0
V7,0,0
V18,276,14
V19,106.704,4.64136
V20,4.3,0
V21,166.39,166.39
V22,509.3,0
V23,20397.6,20397.6
pKd,8.31717,6.07525
