DNA,RNA
V2,0,0
V3,-314.463,-140.536
V4,0,0
V5,0,0
V6,13598.3,13598.3
V7,5690.4,3537
V18,0,0
V19,0,0
V20,0,0
V21,53.65,53.65
V22,0,0
V23,7301.6,7301.6
pKd,6.67912,6.52402
