DNA,RNA
V2,1296.43,47.4453
V3,6520.8,-354.979
V4,29,0.5
V5,16,0
V6,0,0
V7,0,0
V18,423,18
V19,174.077,6.57619
V20,6.51,-1.45
V21,174.11,174.11
V22,697.7,166
V23,19939.3,19939.3
pKd,13.3531,6.40174
