DNA,RNA
V2,31.017,0
V3,-259.506,-136.051
V4,0,0
V5,0,0
V6,14632.4,14632.4
V7,5690.4,3537
V18,0,0
V19,0,0
V20,0,0
V21,91.08,91.08
V22,0,0
V23,9262.8,9262.8
pKd,6.63793,6.53368
