DNA,RNA
V2,3419.65,327.005
V3,19547.3,2099.45
V4,73,8.5
V5,42,2
V6,0,0
V7,0,0
V18,1071,156
V19,445.481,61.502
V20,9.26,0.71
V21,175.24,175.24
V22,1661.6,466.4
V23,32375.8,32375.8
pKd,8.24241,8.24589
