DNA,RNA
V2,0,0
V3,-137.683,-67.9896
V4,0,0
V5,0,0
V6,0,0
V7,0,0
V18,0,0
V19,0,0
V20,0,0
V21,62.7,62.7
V22,0,0
V23,6253.8,6253.8
pKd,6.39341,6.36279
