DNA,RNA
V2,406.94,348.408
V3,1477.47,-54.542
V4,6,7.5
V5,2,2
V6,0,0
V7,0,0
V18,85,49
V19,37.9413,19.6104
V20,3.3,1.24
V21,100.9,100.9
V22,290.9,98.7
V23,23760.1,23760.1
pKd,9.52852,7.14811
