DNA,RNA
V2,3547.23,198.591
V3,19198.4,-1102.35
V4,73.5,2
V5,41,3
V6,0,0
V7,0,0
V18,1047,30
V19,432.059,10.3291
V20,10.58,2.96
V21,223.97,223.97
V22,1180,325.9
V23,33463.4,33463.4
pKd,9.97092,6.64106
