DNA,RNA
V2,794.926,39.0652
V3,814.286,-865.677
V4,24.5,1
V5,10,1
V6,24092.1,24092.1
V7,5690.4,3537
V18,215,13
V19,87.4803,4.58548
V20,1.15,-1.45
V21,171.64,171.64
V22,557.2,188.5
V23,22366.4,22366.4
pKd,12.5528,6.65916
