DNA,RNA
V2,1.10098,0
V3,-259.005,-143.15
V4,0,0
V5,0,0
V6,0,0
V7,0,0
V18,0,0
V19,0,0
V20,0,0
V21,54.56,54.56
V22,0,0
V23,7539.6,7539.6
pKd,6.44437,6.39581
