DNA,RNA
V2,31.017,0
V3,-259.089,-135.739
V4,0,0
V5,0,0
V6,14634.9,14634.9
V7,5690.4,3537
V18,0,0
V19,0,0
V20,0,0
V21,92.91,92.91
V22,0,0
V23,9250.2,9250.2
pKd,6.63797,6.53368
