DNA,RNA
V2,3824.99,261.572
V3,14279.1,-549.28
V4,68.5,0.5
V5,14,1
V6,0,0
V7,0,0
V18,1010,33
V19,407.205,12.6465
V20,3.19,1.93
V21,495.49,495.49
V22,1287.2,213.5
V23,223952,223952
pKd,5.34801,6.62167
