DNA,RNA
V2,5538.11,4640.49
V3,23032.6,27288.9
V4,78.5,44
V5,46,48
V6,0,0
V7,0,0
V18,1424,1378
V19,579.74,584.102
V20,4.52,8.3
V21,210.68,210.68
V22,1376.8,1711.3
V23,32423,32423
pKd,-4.37411,3.35677
