DNA,RNA
V2,14.4474,224.528
V3,-281.75,267.182
V4,0.5,5
V5,1,2
V6,0,0
V7,0,0
V18,11,46
V19,4.99079,17.301
V20,-0.22,-1.45
V21,80.33,80.33
V22,139.2,188.5
V23,18304.6,18304.6
pKd,7.30312,6.61354
