DNA,RNA
V2,3881.75,899.887
V3,15467.5,2984.8
V4,64.5,17
V5,39,2
V6,0,0
V7,0,0
V18,1064,312
V19,435.058,118.374
V20,2.62,1.26
V21,1184.15,1184.15
V22,1616.3,723.2
V23,150398,150398
pKd,4.31456,6.94486
