DNA,RNA
V2,0,0
V3,-140.874,-100.288
V4,0,0
V5,0,0
V6,0,0
V7,0,0
V18,0,0
V19,0,0
V20,0,0
V21,38.87,38.87
V22,0,0
V23,19121.4,19121.4
pKd,6.39482,6.37698
