DNA,RNA
V2,125.978,228.923
V3,-541.672,217.696
V4,0,6.5
V5,0,6
V6,18596.9,18596.9
V7,5690.4,3537
V18,26,74
V19,8.95257,27.933
V20,0,2.11
V21,113.95,113.95
V22,0,355.1
V23,11766.5,11766.5
pKd,6.28038,8.45652
