DNA,RNA
V2,10440.6,45.1215
V3,54097.1,-804.828
V4,117,0.5
V5,85,2
V6,0,0
V7,0,0
V18,2913,6
V19,1201.86,1.83922
V20,14.17,0.96
V21,549.05,549.05
V22,3145.6,59.6
V23,64738.2,64738.2
pKd,-96.5862,6.80924
