DNA,RNA
V2,125.264,382.939
V3,75.7932,37.5559
V4,1.5,0
V5,1,0
V6,0,0
V7,0,0
V18,43,37
V19,16.3143,14.8069
V20,2.66,0.72
V21,141.1,141.1
V22,104.7,51.4
V23,13906,13906
pKd,6.68992,6.31516
