DNA,RNA
V2,0,0
V3,-245.688,-58.9056
V4,0,0
V5,0,0
V6,132226,132226
V7,5690.4,3537
V18,0,0
V19,0,0
V20,0,0
V21,5519.41,5519.41
V22,0,0
V23,722367,722367
pKd,8.91061,7.84021
