DNA,RNA
V2,0,0
V3,-154.475,-80.5079
V4,0,0
V5,0,0
V6,0,0
V7,0,0
V18,0,0
V19,0,0
V20,0,0
V21,2959.12,2959.12
V22,0,0
V23,575202,575202
pKd,6.40079,6.36829
