DNA,RNA
V2,10.0062,92.7734
V3,-171.22,85.8129
V4,0,2.5
V5,0,1
V6,0,0
V7,0,0
V18,0,22
V19,0,8.49928
V20,0,-1.63
V21,53.63,53.63
V22,0,103.6
V23,10953.2,10953.2
pKd,6.38673,6.66381
