DNA,RNA
V2,526.528,137.493
V3,591.892,272.979
V4,6.5,0
V5,0,0
V6,0,0
V7,0,0
V18,143,57
V19,56.6968,23.5372
V20,-0.51,0.88
V21,970.97,970.97
V22,760.2,171
V23,262864,262864
pKd,7.61025,7.73875
