DNA,RNA
V2,84.4235,0
V3,-548.602,-107.423
V4,4.5,0
V5,1,0
V6,0,0
V7,0,0
V18,24,0
V19,7.76711,0
V20,0.96,0
V21,139.28,139.28
V22,59.6,0
V23,19166.5,19166.5
pKd,6.02522,6.38012
