DNA,RNA
V2,116.393,0
V3,-455.78,-233.035
V4,4.5,0
V5,0,0
V6,0,0
V7,0,0
V18,26,0
V19,10.6269,0
V20,-1.01,0
V21,53.99,53.99
V22,46.2,0
V23,11803.6,11803.6
pKd,6.97831,6.43531
