DNA,RNA
V2,236.865,3759
V3,-1524.47,18533.4
V4,4,35.5
V5,3,27
V6,0,0
V7,0,0
V18,37,1002
V19,15.3721,412.705
V20,-2.89,9.21
V21,611.92,611.92
V22,288.3,1316.6
V23,144257,144257
pKd,8.17097,8.30735
