DNA,RNA
V2,0,0
V3,-266.477,-155.382
V4,0,0
V5,0,0
V6,0,0
V7,0,0
V18,0,0
V19,0,0
V20,0,0
V21,66.99,66.99
V22,0,0
V23,9510.2,9510.2
pKd,6.45001,6.40119
