DNA,RNA
V2,2706.49,4361.69
V3,10652,28817.6
V4,64.5,57
V5,32,42
V6,0,0
V7,0,0
V18,762,1428
V19,311.346,602.858
V20,-0.46,10.05
V21,315.43,315.43
V22,1401.3,2083.1
V23,73010.3,73010.3
pKd,9.69477,2.57622
