DNA,RNA
V2,1354.06,323.809
V3,6165.12,-0.682767
V4,35,14.5
V5,12,6
V6,0,0
V7,0,0
V18,379,78
V19,159.512,29.3806
V20,-3.33,-1.69
V21,137.16,137.16
V22,682,225.3
V23,21081.1,21081.1
pKd,12.4062,7.60771
