DNA,RNA
V2,189.669,18.3887
V3,689.415,-317.411
V4,9,0.5
V5,4,0
V6,9934.4,9934.4
V7,5690.4,3537
V18,80,2
V19,31.9408,0.708738
V20,-1.69,0
V21,101.69,101.69
V22,152.2,0
V23,9838.6,9838.6
pKd,9.01387,6.47159
