DNA,RNA
V2,13.6647,548.483
V3,-274.127,3078.62
V4,1,12.5
V5,0,7
V6,0,0
V7,0,0
V18,0,171
V19,0,69.4812
V20,0,-1.63
V21,65.28,65.28
V22,0,380.1
V23,29430,29430
pKd,6.42544,9.89886
