DNA,RNA
V2,3085.99,38.3411
V3,17520.3,-293.861
V4,40.5,0
V5,42,0
V6,0,0
V7,0,0
V18,838,10
V19,361.111,4.01888
V20,9.96,0
V21,63.62,63.62
V22,1055.6,0
V23,11626.3,11626.3
pKd,14.9896,6.63129
