DNA,RNA
V2,1465.43,17.3184
V3,8639.5,-587.168
V4,27,0
V5,18,0
V6,0,0
V7,0,0
V18,461,3
V19,190.268,0.952154
V20,3.77,1.23
V21,128.32,128.32
V22,657.1,53.4
V23,18965.4,18965.4
pKd,14.3739,6.46065
