DNA,RNA
V2,28906.3,4.89093
V3,158340,-1486.82
V4,45,0
V5,12,0
V6,140392,140392
V7,5690.4,3537
V18,7882,0
V19,3334.41,0
V20,151.15,0
V21,5830.85,5830.85
V22,16094.7,0
V23,592759,592759
pKd,-404.345,4.62756
