DNA,RNA
V2,370.579,0
V3,818.823,-259.258
V4,6,0
V5,1,0
V6,0,0
V7,0,0
V18,88,0
V19,32.3505,0
V20,0.42,0
V21,89.4,89.4
V22,156.7,0
V23,10936,10936
pKd,5.79425,6.44683
