DNA,RNA
V2,118.318,36.8931
V3,291.26,-476.751
V4,7,0
V5,3,1
V6,0,0
V7,0,0
V18,53,11
V19,22.1191,3.80549
V20,-0.48,-1.37
V21,85.38,85.38
V22,183.4,127
V23,10108.2,10108.2
pKd,8.32145,6.55779
