DNA,RNA
V2,0,0
V3,-203.698,-148.382
V4,0,0
V5,0,0
V6,0,0
V7,0,0
V18,0,0
V19,0,0
V20,0,0
V21,4037.56,4037.56
V22,0,0
V23,555564,555564
pKd,6.42242,6.39811
