DNA,RNA
V2,2163.38,11.2347
V3,13026.4,-367.561
V4,39,0
V5,10,0
V6,0,0
V7,0,0
V18,625,1
V19,267.306,0.470857
V20,4.9,0
V21,146.68,146.68
V22,714.8,0
V23,25730,25730
pKd,13.5018,6.54162
