DNA,RNA
V2,4406.01,4945.92
V3,25496.2,26462.1
V4,71,45
V5,50,46
V6,0,0
V7,0,0
V18,1362,1320
V19,565.541,559.155
V20,7.44,17.64
V21,183.76,183.76
V22,1356.2,2102.9
V23,24273.5,24273.5
pKd,2.77515,1.54382
