DNA,RNA
V2,3528.44,125.363
V3,21324.7,-637.375
V4,61,0
V5,23,1
V6,84091.3,84091.3
V7,5690.4,3537
V18,1056,11
V19,446.905,4.27828
V20,9.77,2.21
V21,943.81,943.81
V22,1460.2,124.2
V23,152198,152198
pKd,70.4821,6.97518
