DNA,RNA
V2,9.91282,454.016
V3,-470.473,1923.75
V4,0,4
V5,0,0
V6,32391.1,32391.1
V7,5690.4,3537
V18,0,93
V19,0,49.2518
V20,0,0
V21,176.78,176.78
V22,0,0
V23,23564.5,23564.5
pKd,6.93769,16.5103
