DNA,RNA
V2,292.913,791.818
V3,-334.275,2234.94
V4,6,14
V5,0,11
V6,0,0
V7,0,0
V18,38,170
V19,13.7501,68.3575
V20,-0.68,0.38
V21,331.95,331.95
V22,127.5,424.2
V23,47983.7,47983.7
pKd,5.86937,9.84476
