DNA,RNA
V2,825.926,97.1679
V3,3279.64,-290.836
V4,13,2.5
V5,12,1
V6,0,0
V7,0,0
V18,214,13
V19,90.3863,5.11246
V20,-2.66,-0.86
V21,80.21,80.21
V22,313.7,115.7
V23,14483.8,14483.8
pKd,12.4514,6.72425
