DNA,RNA
V2,387.977,0
V3,896.462,-369.473
V4,14.5,0
V5,5,0
V6,0,0
V7,0,0
V18,100,2
V19,40.0189,0.660864
V20,0.01,-0.81
V21,49.38,49.38
V22,321.1,132.7
V23,11149.5,11149.5
pKd,8.40874,6.45068
