DNA,RNA
V2,31.017,0
V3,-258.596,-135.394
V4,0,0
V5,0,0
V6,14637.6,14637.6
V7,5690.4,3537
V18,0,0
V19,0,0
V20,0,0
V21,91.63,91.63
V22,0,0
V23,9277.4,9277.4
pKd,6.63802,6.53369
