DNA,RNA
V2,0,0
V3,-216.028,-201.097
V4,0,0
V5,0,0
V6,0,0
V7,0,0
V18,0,0
V19,0,0
V20,0,0
V21,2327.47,2327.47
V22,0,0
V23,686409,686409
pKd,6.42784,6.42128
