DNA,RNA
V2,53.0082,1157.73
V3,-659.658,6875.96
V4,0.5,14.5
V5,0,14
V6,53735.2,53735.2
V7,5690.4,3537
V18,3,356
V19,1.08684,153.496
V20,0,0.79
V21,294.94,294.94
V22,0,354.3
V23,39746.1,39746.1
pKd,7.06157,29.4496
