DNA,RNA
V2,0,0
V3,-139.844,-99.9912
V4,0,0
V5,0,0
V6,0,0
V7,0,0
V18,0,0
V19,0,0
V20,0,0
V21,40.51,40.51
V22,0,0
V23,19141.3,19141.3
pKd,6.39436,6.37685
