DNA,RNA
V2,144.069,408.526
V3,172.956,1936.85
V4,7,4.5
V5,3,3
V6,0,0
V7,0,0
V18,37,96
V19,15.0481,40.4799
V20,1.03,1.66
V21,27.63,27.63
V22,239.5,172.8
V23,3096.5,3096.5
pKd,7.60954,8.77405
