DNA,RNA
V2,1891.37,4456.27
V3,8223.88,20346.6
V4,54.5,37.5
V5,19,35
V6,0,0
V7,0,0
V18,560,1175
V19,242.609,484.566
V20,-6.3,14.45
V21,464.58,464.58
V22,1005.4,1375.9
V23,55137,55137
pKd,8.56714,3.59226
