DNA,RNA
V2,18.8275,608.809
V3,-359.18,4024.62
V4,1.5,8
V5,1,4
V6,15606.2,15606.2
V7,5690.4,3537
V18,1,207
V19,0.346551,83.9212
V20,1.54,2.46
V21,51.64,51.64
V22,55.4,220
V23,8148.1,8148.1
pKd,6.89342,12.1979
