DNA,RNA
V2,69.2459,0
V3,93.4534,-170.303
V4,0.5,0
V5,1,0
V6,0,0
V7,0,0
V18,27,1
V19,9.90759,0.279107
V20,0.81,0
V21,31.86,31.86
V22,94.1,0
V23,4584.2,4584.2
pKd,6.42445,6.35124
