DNA,RNA
V2,0,0
V3,-245.711,-58.9109
V4,0,0
V5,0,0
V6,132204,132204
V7,5690.4,3537
V18,0,0
V19,0,0
V20,0,0
V21,5528.72,5528.72
V22,0,0
V23,722641,722641
pKd,8.91014,7.83995
