DNA,RNA
V2,0,0
V3,-245.689,-58.9061
V4,0,0
V5,0,0
V6,132204,132204
V7,5690.4,3537
V18,0,0
V19,0,0
V20,0,0
V21,5518.27,5518.27
V22,0,0
V23,722354,722354
pKd,8.91019,7.83996
