DNA,RNA
V2,245.205,70.4329
V3,-566.063,-212.389
V4,7.5,1
V5,5,0
V6,22021.1,22021.1
V7,5690.4,3537
V18,36,7
V19,12.542,2.70759
V20,-2.64,0
V21,136.36,136.36
V22,222.9,0
V23,16534.2,16534.2
pKd,7.30476,6.60757
