DNA,RNA
V2,171.521,0
V3,-186.232,-140.863
V4,3,0
V5,0,0
V6,17934.9,17934.9
V7,5690.4,3537
V18,21,0
V19,7.04916,0
V20,0,0
V21,66.1,66.1
V22,0,0
V23,11791.3,11791.3
pKd,6.19531,6.56571
