DNA,RNA
V2,9392.12,46.7502
V3,48766.7,-636.633
V4,62.5,0
V5,1,0
V6,148018,148018
V7,5690.4,3537
V18,2456,7
V19,1044.08,2.17748
V20,28.67,2.21
V21,5463.39,5463.39
V22,5343.6,124.2
V23,661801,661801
pKd,162.31,6.52666
