DNA,RNA
V2,279.41,0
V3,620.394,-564.165
V4,13.5,0
V5,1,0
V6,0,0
V7,0,0
V18,75,0
V19,33.7017,0
V20,-2.55,0
V21,84.79,84.79
V22,168.2,0
V23,26430.4,26430.4
pKd,9.08023,6.58081
