DNA,RNA
V2,94.0419,0
V3,-215.024,-134.157
V4,0,0
V5,0,0
V6,5076.3,5076.3
V7,5690.4,3537
V18,9,0
V19,2.87773,0
V20,0,0
V21,38.76,38.76
V22,0,0
V23,2722.6,2722.6
pKd,6.0755,6.44054
