DNA,RNA
V2,0,0
V3,-203.734,-148.397
V4,0,0
V5,0,0
V6,0,0
V7,0,0
V18,0,0
V19,0,0
V20,0,0
V21,4049.51,4049.51
V22,0,0
V23,555396,555396
pKd,6.42244,6.39812
