DNA,RNA
V2,71.8988,473.781
V3,-649.082,1662.47
V4,1,8.5
V5,0,7
V6,74925.4,74925.4
V7,5690.4,3537
V18,4,113
V19,1.14131,44.0504
V20,0,-0.57
V21,337.15,337.15
V22,0,243
V23,54162.6,54162.6
pKd,7.10293,13.8273
