DNA,RNA
V2,94.0419,0
V3,-214.499,-133.955
V4,0,0
V5,0,0
V6,4961,4961
V7,5690.4,3537
V18,9,0
V19,2.87773,0
V20,0,0
V21,40.19,40.19
V22,0,0
V23,2759.8,2759.8
pKd,6.0729,6.43937
