DNA,RNA
V2,931.9,89.5231
V3,2869.2,-427.289
V4,17.5,0
V5,11,1
V6,0,0
V7,0,0
V18,240,11
V19,92.8647,3.77428
V20,0.42,-0.81
V21,86.47,86.47
V22,531.7,132.7
V23,15178.9,15178.9
pKd,9.06075,6.3999
