DNA,RNA
V2,0,0
V3,-116.149,-191.847
V4,0,0
V5,0,0
V6,0,0
V7,0,0
V18,0,0
V19,0,0
V20,0,0
V21,1366.27,1366.27
V22,0,0
V23,284763,284763
pKd,6.38395,6.41721
