DNA,RNA
V2,0,0
V3,-245.694,-58.9078
V4,0,0
V5,0,0
V6,132223,132223
V7,5690.4,3537
V18,0,0
V19,0,0
V20,0,0
V21,5519.1,5519.1
V22,0,0
V23,722354,722354
pKd,8.91054,7.84017
