DNA,RNA
V2,19.5527,0
V3,-368.94,-135.432
V4,1.5,0
V5,0,0
V6,0,0
V7,0,0
V18,3,0
V19,1.03589,0
V20,0,0
V21,31.93,31.93
V22,0,0
V23,6860.1,6860.1
pKd,6.41573,6.39242
