DNA,RNA
V2,653.962,120.474
V3,1203.33,-308.811
V4,8,0
V5,3,0
V6,15963.8,15963.8
V7,5690.4,3537
V18,154,14
V19,60.2956,6.08751
V20,5.36,0
V21,113.21,113.21
V22,331.7,0
V23,11135.1,11135.1
pKd,9.29189,7.02246
