DNA,RNA
V2,393.839,76.3991
V3,128.674,-499.202
V4,5,0.5
V5,6,2
V6,0,0
V7,0,0
V18,73,4
V19,28.3622,1.17108
V20,-1.89,-1.01
V21,68.94,68.94
V22,235.2,46.2
V23,13284.5,13284.5
pKd,7.84232,6.65257
