DNA,RNA
V2,658.916,163.855
V3,2525.47,-563.335
V4,18.5,6
V5,9,1
V6,0,0
V7,0,0
V18,204,17
V19,84.4172,6.02803
V20,0.05,-1.61
V21,92.81,92.81
V22,441.8,112.2
V23,11921.6,11921.6
pKd,11.0636,6.35797
