DNA,RNA
V2,567.135,6.96849
V3,1601.1,-306.58
V4,13,0
V5,7,0
V6,13713.3,13713.3
V7,5690.4,3537
V18,157,2
V19,65.5436,0.651336
V20,1.47,-0.04
V21,100.58,100.58
V22,309.3,71.7
V23,12087.9,12087.9
pKd,12.1796,6.48066
