DNA,RNA
V2,8.37874,0
V3,-221.412,-142.092
V4,0,0
V5,0,0
V6,14658.9,14658.9
V7,5690.4,3537
V18,0,0
V19,0,0
V20,0,0
V21,62.09,62.09
V22,0,0
V23,7369.8,7369.8
pKd,6.68157,6.53432
