DNA,RNA
V2,582.996,85.9208
V3,2876.96,-179.483
V4,13.5,7.5
V5,4,0
V6,0,0
V7,0,0
V18,165,16
V19,68.9881,6.00716
V20,-2.23,0.13
V21,102.9,102.9
V22,425.2,59.3
V23,12839.8,12839.8
pKd,10.005,6.39519
