DNA,RNA
V2,108.839,0
V3,-683.427,-323.524
V4,2.5,0
V5,0,0
V6,16081.6,16081.6
V7,5690.4,3537
V18,12,0
V19,4.54798,0
V20,-2.42,0
V21,98.07,98.07
V22,163,0
V23,14234.8,14234.8
pKd,6.65147,6.55446
