DNA,RNA
V2,0,6.02489
V3,-966.337,-1069.05
V4,0,0
V5,0,0
V6,82370.5,82370.5
V7,5690.4,3537
V18,0,5
V19,0,1.52127
V20,0,-1.01
V21,2099.57,2099.57
V22,0,46.2
V23,260853,260853
pKd,7.05368,5.95389
