DNA,RNA
V2,13.3595,127.036
V3,-327.703,106.153
V4,0,6
V5,0,2
V6,0,0
V7,0,0
V18,0,40
V19,0,14.9908
V20,0,0.46
V21,188.53,188.53
V22,0,114.4
V23,25438.2,25438.2
pKd,6.44831,6.80142
