DNA,RNA
V2,38.7489,325.364
V3,-440.092,-135.241
V4,2,6.5
V5,0,3
V6,54105.3,54105.3
V7,5690.4,3537
V18,1,44
V19,0.270132,15.9723
V20,0,0.34
V21,322.79,322.79
V22,0,166.7
V23,44865.9,44865.9
pKd,7.17211,7.60691
