DNA,RNA
V2,214.715,0
V3,-439.794,-195.52
V4,4.5,0
V5,3,0
V6,33910,33910
V7,5690.4,3537
V18,35,0
V19,11.4039,0
V20,3.24,0
V21,101.27,101.27
V22,100.5,0
V23,18382.7,18382.7
pKd,6.76454,6.70279
