DNA,RNA
V2,2697.31,1609.93
V3,-3536.87,3280.22
V4,8.5,8
V5,0,2
V6,0,0
V7,0,0
V18,297,422
V19,94.1509,157.346
V20,-8.39,-7.74
V21,1634.87,1634.87
V22,1199.7,1723.2
V23,425102,425102
pKd,-7.96773,2.35609
