DNA,RNA
V2,0,61.3814
V3,-84.5103,-287.808
V4,0,1
V5,0,2
V6,11999.3,11999.3
V7,5690.4,3537
V18,0,3
V19,0,0.992963
V20,0,-1.01
V21,51.93,51.93
V22,0,46.2
V23,6897.4,6897.4
pKd,6.63921,6.80173
