DNA,RNA
V2,85.3671,0
V3,-932.762,-395.262
V4,0,0
V5,0,0
V6,37999.5,37999.5
V7,5690.4,3537
V18,2,0
V19,0.712831,0
V20,0.26,0
V21,224.34,224.34
V22,59.5,0
V23,27849.8,27849.8
pKd,6.68169,6.66253
