DNA,RNA
V2,519.053,0.563518
V3,1776.6,-251.198
V4,8,0
V5,2,0
V6,13775.1,13775.1
V7,5690.4,3537
V18,149,0
V19,59.1755,0
V20,3.91,0
V21,110.23,110.23
V22,248.6,0
V23,9505.9,9505.9
pKd,9.68877,6.53338
