DNA,RNA
V2,42.8496,2899.38
V3,-1564.32,13685.1
V4,6,26
V5,2,22
V6,0,0
V7,0,0
V18,15,782
V19,4.70258,314.224
V20,0.13,5.99
V21,1543.18,1543.18
V22,59.3,833.8
V23,375785,375785
pKd,6.71737,9.76229
