DNA,RNA
V2,0,0
V3,-244.226,-136.38
V4,0,0
V5,0,0
V6,0,0
V7,0,0
V18,0,0
V19,0,0
V20,0,0
V21,276.99,276.99
V22,0,0
V23,40525.7,40525.7
pKd,6.44023,6.39284
