DNA,RNA
V2,104.301,347.815
V3,-875.052,2038.36
V4,3,13
V5,2,5
V6,0,0
V7,0,0
V18,34,154
V19,11.5565,57.4496
V20,0.84,0.82
V21,1053.02,1053.02
V22,327.4,308.6
V23,251469,251469
pKd,6.39024,7.40078
