DNA,RNA
V2,938.016,131.846
V3,3965.5,-689.809
V4,24,3
V5,8,1
V6,0,0
V7,0,0
V18,320,7
V19,130.474,2.06356
V20,0.12,-0.64
V21,85.88,85.88
V22,398.1,55.8
V23,10726.9,10726.9
pKd,11.2438,6.26126
