DNA,RNA
V2,360.051,130.864
V3,1629.13,-154.011
V4,10.5,5.5
V5,2,0
V6,0,0
V7,0,0
V18,90,30
V19,40.6427,11.777
V20,-0.64,-0.64
V21,60.39,60.39
V22,55.8,55.8
V23,8370.4,8370.4
pKd,9.88178,6.67582
