DNA,RNA
V2,9.91282,454.016
V3,-470.654,1923.73
V4,0,4
V5,0,0
V6,32240.6,32240.6
V7,5690.4,3537
V18,0,93
V19,0,49.2518
V20,0,0
V21,181.05,181.05
V22,0,0
V23,23603.9,23603.9
pKd,6.93544,16.4994
