DNA,RNA
V2,2.48535,2.48054
V3,-1550.49,-545.23
V4,1,0
V5,1,0
V6,71412.8,71412.8
V7,5690.4,3537
V18,3,1
V19,0.87836,0.284756
V20,-1.01,0
V21,3693.04,3693.04
V22,46.2,0
V23,420736,420736
pKd,6.47217,6.63307
