DNA,RNA
V2,0,0
V3,-68.414,-80.3871
V4,0,0
V5,0,0
V6,0,0
V7,0,0
V18,0,0
V19,0,0
V20,0,0
V21,-14.77,-14.77
V22,0,0
V23,6321.9,6321.9
pKd,6.36298,6.36824
