DNA,RNA
V2,292.913,791.818
V3,-334.122,2235.18
V4,6,14
V5,0,11
V6,0,0
V7,0,0
V18,38,170
V19,13.7501,68.3575
V20,-0.68,0.38
V21,330.37,330.37
V22,127.5,424.2
V23,48000,48000
pKd,5.86933,9.84475
