DNA,RNA
V2,17.779,0
V3,-348.045,-121.985
V4,1,0
V5,0,0
V6,0,0
V7,0,0
V18,0,0
V19,0,0
V20,0,0
V21,82.51,82.51
V22,0,0
V23,9256.2,9256.2
pKd,6.44714,6.38652
