DNA,RNA
V2,0,0
V3,-532.633,-102.779
V4,0,0
V5,0,0
V6,161296,161296
V7,5690.4,3537
V18,0,0
V19,0,0
V20,0,0
V21,5470.44,5470.44
V22,0,0
V23,739271,739271
pKd,8.66528,8.04591
