DNA,RNA
V2,904.287,17.5587
V3,4940.84,-483.867
V4,28,0.5
V5,10,0
V6,0,0
V7,0,0
V18,308,6
V19,137.97,2.11176
V20,-5.21,0
V21,842.61,842.61
V22,577.2,0
V23,243243,243243
pKd,14.2993,6.45826
