DNA,RNA
V2,0,99.5494
V3,-437.779,-511.409
V4,0,0
V5,0,0
V6,42838.2,42838.2
V7,5690.4,3537
V18,0,2
V19,0,0.573036
V20,0,0
V21,279.13,279.13
V22,0,0
V23,35461.9,35461.9
pKd,7.12632,6.35087
