DNA,RNA
V2,1124.22,226.314
V3,3587.15,-532.879
V4,32,0.5
V5,15,1
V6,21522.8,21522.8
V7,5690.4,3537
V18,278,22
V19,111.496,7.61332
V20,-0.65,2.51
V21,116.1,116.1
V22,649.1,107.6
V23,16132.8,16132.8
pKd,15.4538,6.19333
