DNA,RNA
V2,656.619,44.7699
V3,4625.22,-322.236
V4,25.5,0
V5,10,0
V6,0,0
V7,0,0
V18,256,13
V19,107.162,4.56059
V20,8.16,0.13
V21,155.1,155.1
V22,814.9,59.3
V23,28498.9,28498.9
pKd,12.4847,6.26273
