DNA,RNA
V2,84.6865,0
V3,-326.68,-128.042
V4,2,0
V5,0,0
V6,105339,105339
V7,5690.4,3537
V18,10,0
V19,3.63306,0
V20,-1.01,0
V21,3009.23,3009.23
V22,46.2,0
V23,424038,424038
pKd,8.37803,7.42655
