DNA,RNA
V2,78.8149,81.6585
V3,-616.029,-1090.28
V4,1.5,4.5
V5,1,2
V6,0,0
V7,0,0
V18,15,29
V19,5.45981,9.72546
V20,-0.77,-0.8
V21,869.95,869.95
V22,61,285.3
V23,184896,184896
pKd,6.64866,6.49527
