DNA,RNA
V2,1394.89,8.72125
V3,5929.11,-656.275
V4,24,0
V5,0,0
V6,103265,103265
V7,5690.4,3537
V18,397,0
V19,161.046,0
V20,1.97,0
V21,870.29,870.29
V22,603.3,0
V23,123148,123148
pKd,35.3923,6.53977
