DNA,RNA
V2,526.528,137.493
V3,591.674,273.019
V4,6.5,0
V5,0,0
V6,0,0
V7,0,0
V18,143,57
V19,56.68,23.5372
V20,-0.51,0.88
V21,996.57,996.57
V22,760.2,171
V23,262504,262504
pKd,7.60099,7.73874
