DNA,RNA
V2,115.033,85.545
V3,-557.814,-451.071
V4,0,3.5
V5,0,1
V6,14456.1,14456.1
V7,5690.4,3537
V18,19,11
V19,5.87877,3.65609
V20,0,-0.64
V21,131.08,131.08
V22,0,55.8
V23,12896.4,12896.4
pKd,5.84769,6.43135
