DNA,RNA
V2,1.10098,0
V3,-256.542,-135.162
V4,0,0
V5,0,0
V6,0,0
V7,0,0
V18,0,0
V19,0,0
V20,0,0
V21,56.98,56.98
V22,0,0
V23,7554,7554
pKd,6.44328,6.39231
