DNA,RNA
V2,627.267,206.509
V3,2823.09,-938.335
V4,19,5.5
V5,4,1
V6,47515.3,47515.3
V7,5690.4,3537
V18,222,26
V19,94.0331,8.70467
V20,-0.35,0.25
V21,281.97,281.97
V22,723.6,176.7
V23,45760.4,45760.4
pKd,18.2611,6.03886
