DNA,RNA
V2,36.6473,0
V3,-166.407,-233.057
V4,4.5,0
V5,1,0
V6,0,0
V7,0,0
V18,22,1
V19,8.92836,0.306272
V20,-1.24,0
V21,581.89,581.89
V22,121.8,0
V23,221384,221384
pKd,7.12366,6.39692
