DNA,RNA
V2,1075.77,55.0428
V3,5147.9,-646.033
V4,30.5,4
V5,15,0
V6,0,0
V7,0,0
V18,361,7
V19,152.924,2.22917
V20,-2.28,-0.77
V21,208.83,208.83
V22,822.4,61
V23,28608.7,28608.7
pKd,13.4627,6.27879
