DNA,RNA
V2,154.646,6.55945
V3,462.13,-243.836
V4,2.5,0
V5,1,0
V6,0,0
V7,0,0
V18,68,0
V19,28.88,0
V20,-0.01,0
V21,43.96,43.96
V22,501.3,0
V23,10579.9,10579.9
pKd,8.64383,6.42602
