DNA,RNA
V2,1308.12,74.8264
V3,6950.95,-846.793
V4,29.5,0
V5,11,0
V6,0,0
V7,0,0
V18,437,9
V19,181.883,2.88658
V20,7.01,0
V21,124.26,124.26
V22,1182,79.3
V23,19121.5,19121.5
pKd,13.0978,6.28305
