DNA,RNA
V2,3900.08,4521
V3,17946.3,27430.1
V4,52.5,39.5
V5,49,38
V6,0,0
V7,0,0
V18,1069,1422
V19,451.697,591.784
V20,-1.09,7.5
V21,192.11,192.11
V22,1953,2407.2
V23,23970.7,23970.7
pKd,5.39284,3.52133
