DNA,RNA
V2,0,188.531
V3,-203.866,-193.675
V4,0,1
V5,0,0
V6,41029.1,41029.1
V7,5690.4,3537
V18,0,18
V19,0,6.69861
V20,0,0.26
V21,257.06,257.06
V22,0,59.5
V23,35480.6,35480.6
pKd,7.21469,6.67394
