DNA,RNA
V2,42.8496,2842.6
V3,-1562.47,13159.5
V4,6,26
V5,2,22
V6,0,0
V7,0,0
V18,15,757
V19,4.70258,307.171
V20,0.13,6.04
V21,1543.87,1543.87
V22,59.3,832.5
V23,375807,375807
pKd,6.71689,10.5794
