DNA,RNA
V2,605.267,206.509
V3,3031.06,-933.039
V4,18.5,5.5
V5,3,1
V6,47475.2,47475.2
V7,5690.4,3537
V18,224,26
V19,95.5972,8.70467
V20,-0.31,0.25
V21,282.59,282.59
V22,731.2,176.7
V23,45766.8,45766.8
pKd,18.7194,6.04262
