DNA,RNA
V2,389.757,43.4179
V3,-531.667,-559.574
V4,4.5,0
V5,1,0
V6,0,0
V7,0,0
V18,53,4
V19,18.7117,1.20219
V20,-1.01,0
V21,59.11,59.11
V22,46.2,0
V23,18927.9,18927.9
pKd,5.60102,6.31629
