DNA,RNA
V2,4601.1,3701.53
V3,24483.5,20361.6
V4,60,45
V5,52,34
V6,0,0
V7,0,0
V18,1382,1189
V19,570.535,484.125
V20,8.97,11.89
V21,294.88,294.88
V22,1713.8,1791.4
V23,43098.6,43098.6
pKd,1.91985,8.33918
