DNA,RNA
V2,268.015,499.417
V3,59.5272,-197.64
V4,8.5,11.5
V5,4,9
V6,0,0
V7,0,0
V18,88,103
V19,33.7322,39.854
V20,-3.37,-1.8
V21,308.71,308.71
V22,294.1,388.9
V23,56779.9,56779.9
pKd,7.63563,8.50379
