DNA,RNA
V2,118.105,269.875
V3,-236.509,49.8759
V4,0.5,4.5
V5,1,4
V6,0,0
V7,0,0
V18,16,39
V19,5.53078,14.5853
V20,-0.99,1.82
V21,43.74,43.74
V22,47.8,162.5
V23,5454.7,5454.7
pKd,6.21488,6.91566
