DNA,RNA
V2,4.69808,567.691
V3,-681.994,2406.1
V4,0,6.5
V5,0,6
V6,62607.8,62607.8
V7,5690.4,3537
V18,3,150
V19,0.912367,64.9615
V20,0.13,0.99
V21,296.19,296.19
V22,59.3,356.3
V23,46096.7,46096.7
pKd,7.1265,17.8528
