DNA,RNA
V2,1096.19,278.669
V3,4501.16,-346.451
V4,23.5,11.5
V5,16,3
V6,0,0
V7,0,0
V18,307,62
V19,131.76,25.8373
V20,1.11022e-16,-4.18
V21,135.29,135.29
V22,633.1,389.8
V23,29046.4,29046.4
pKd,14.065,8.19929
