DNA,RNA
V2,143.812,90.8882
V3,-124.753,-363.821
V4,5.5,0.5
V5,5,2
V6,25110.6,25110.6
V7,5690.4,3537
V18,36,7
V19,12.7188,2.38105
V20,-1.65,-0.64
V21,181.78,181.78
V22,102,55.8
V23,18955,18955
pKd,7.79811,6.81123
