DNA,RNA
V2,292.913,791.818
V3,-334.314,2234.92
V4,6,14
V5,0,11
V6,0,0
V7,0,0
V18,38,170
V19,13.7501,68.3575
V20,-0.68,0.38
V21,330.54,330.54
V22,127.5,424.2
V23,47987.6,47987.6
pKd,5.86938,9.84476
