DNA,RNA
V2,121.963,76.6139
V3,-223.096,-280.929
V4,1.5,0
V5,0,0
V6,11455,11455
V7,5690.4,3537
V18,7,3
V19,2.19167,0.852015
V20,0,0
V21,45.41,45.41
V22,0,0
V23,6617.5,6617.5
pKd,6.20657,6.21599
