DNA,RNA
V2,225.011,475.332
V3,-146.476,676.263
V4,6.5,13
V5,4,6
V6,0,0
V7,0,0
V18,59,110
V19,22.453,42.2985
V20,-0.25,1.39
V21,98.3,98.3
V22,351.1,352.1
V23,13070.5,13070.5
pKd,7.39771,7.83133
