DNA,RNA
V2,1444.11,1.2866
V3,7447.44,-476.5
V4,34.5,0.5
V5,17,1
V6,0,0
V7,0,0
V18,435,6
V19,186.856,2.08762
V20,-1.17,-2.02
V21,75.4,75.4
V22,1011,92.4
V23,19219.2,19219.2
pKd,14.1195,6.70058
