DNA,RNA
V2,344.085,609.228
V3,1269.16,1294.97
V4,9.5,8
V5,5,8
V6,0,0
V7,0,0
V18,136,128
V19,55.6058,49.8562
V20,1.35,-2.75
V21,112.25,112.25
V22,324.2,279
V23,17264.1,17264.1
pKd,9.69277,8.23741
