DNA,RNA
V2,3544.88,170.048
V3,21686.2,-659.327
V4,61,0
V5,23,1
V6,84142.8,84142.8
V7,5690.4,3537
V18,1070,16
V19,451.184,5.75354
V20,9.72,2.21
V21,942.22,942.22
V22,1461.5,124.2
V23,152212,152212
pKd,72.0129,6.73185
