DNA,RNA
V2,0,0
V3,-203.757,-148.417
V4,0,0
V5,0,0
V6,0,0
V7,0,0
V18,0,0
V19,0,0
V20,0,0
V21,4035.86,4035.86
V22,0,0
V23,555546,555546
pKd,6.42245,6.39813
