DNA,RNA
V2,13.3595,127.036
V3,-327.609,106.169
V4,0,6
V5,0,2
V6,0,0
V7,0,0
V18,0,40
V19,0,14.9908
V20,0,0.46
V21,189.48,189.48
V22,0,114.4
V23,25462.1,25462.1
pKd,6.44827,6.80141
