DNA,RNA
V2,364.997,8.88418
V3,1264.4,-434.931
V4,7.5,0
V5,3,0
V6,17347.5,17347.5
V7,5690.4,3537
V18,86,0
V19,36.189,0
V20,-2.02,0
V21,74.36,74.36
V22,171.7,0
V23,9960.4,9960.4
pKd,10.197,6.54587
