DNA,RNA
V2,519.053,0.563518
V3,1776.43,-251.342
V4,8,0
V5,2,0
V6,13848.3,13848.3
V7,5690.4,3537
V18,149,0
V19,59.1755,0
V20,3.91,0
V21,108.16,108.16
V22,248.6,0
V23,9494.3,9494.3
pKd,9.69571,6.53394
