DNA,RNA
V2,207.609,85.7483
V3,2050.91,-500.461
V4,9,3.5
V5,4,2
V6,0,0
V7,0,0
V18,105,7
V19,50.2698,2.30949
V20,-1.59,-0.99
V21,73.55,73.55
V22,113.8,47.8
V23,8493.6,8493.6
pKd,12.7789,6.65872
