DNA,RNA
V2,0,0
V3,-314.264,-140.437
V4,0,0
V5,0,0
V6,13593.8,13593.8
V7,5690.4,3537
V18,0,0
V19,0,0
V20,0,0
V21,53.73,53.73
V22,0,0
V23,7316.8,7316.8
pKd,6.67903,6.52397
