DNA,RNA
V2,389.991,43.4179
V3,-525.062,-555.934
V4,4.5,0
V5,1,0
V6,0,0
V7,0,0
V18,54,4
V19,19.0265,1.20219
V20,-1.01,0
V21,61.81,61.81
V22,46.2,0
V23,18958.6,18958.6
pKd,5.56809,6.31469
