DNA,RNA
V2,0,0
V3,-203.722,-148.382
V4,0,0
V5,0,0
V6,0,0
V7,0,0
V18,0,0
V19,0,0
V20,0,0
V21,4046.13,4046.13
V22,0,0
V23,555510,555510
pKd,6.42243,6.39811
