DNA,RNA
V2,527.767,184.345
V3,-744.782,376.879
V4,7,2.5
V5,0,0
V6,0,0
V7,0,0
V18,46,59
V19,16.7364,25.1296
V20,2.18,-1.28
V21,152.93,152.93
V22,107.1,111.6
V23,30218.3,30218.3
pKd,5.55904,8.09181
