DNA,RNA
V2,1424.79,164.094
V3,7682.13,-695.239
V4,19.5,3
V5,8,2
V6,35506.9,35506.9
V7,5690.4,3537
V18,351,17
V19,155.203,6.21162
V20,2.91,-0.77
V21,316.05,316.05
V22,903.4,140.3
V23,33475.4,33475.4
pKd,25.6608,6.82019
