DNA,RNA
V2,2.48535,2.48054
V3,-1550.49,-545.23
V4,1,0
V5,1,0
V6,71391.6,71391.6
V7,5690.4,3537
V18,3,1
V19,0.87836,0.284756
V20,-1.01,0
V21,3693.5,3693.5
V22,46.2,0
V23,420728,420728
pKd,6.47227,6.63302
