DNA,RNA
V2,4241.7,4463.43
V3,23050.2,26533.7
V4,48,62
V5,47,53
V6,0,0
V7,0,0
V18,1273,1423
V19,524.821,585.308
V20,1.06,14.07
V21,232.5,232.5
V22,2048,2301.4
V23,33250.3,33250.3
pKd,6.30982,4.98167
