DNA,RNA
V2,0,0
V3,-245.661,-58.8914
V4,0,0
V5,0,0
V6,132230,132230
V7,5690.4,3537
V18,0,0
V19,0,0
V20,0,0
V21,5503.31,5503.31
V22,0,0
V23,722004,722004
pKd,8.91074,7.84028
