DNA,RNA
V2,0.995585,873.377
V3,-665.141,3175.37
V4,0,23
V5,0,14
V6,0,0
V7,0,0
V18,4,253
V19,1.21914,102.916
V20,-1.01,0.93
V21,103.83,103.83
V22,46.2,854.9
V23,21540.7,21540.7
pKd,6.46547,11.5562
