DNA,RNA
V2,132.971,15.4169
V3,-413.607,-287.596
V4,3.5,0
V5,0,0
V6,0,0
V7,0,0
V18,21,3
V19,7.21679,0.889898
V20,0.72,0
V21,62.5,62.5
V22,51.4,0
V23,7300.7,7300.7
pKd,5.97891,6.29162
