DNA,RNA
V2,843.721,151.472
V3,4364.34,-452.879
V4,16,0
V5,8,0
V6,0,0
V7,0,0
V18,240,19
V19,104.795,6.29355
V20,0.91,0
V21,1952.79,1952.79
V22,492.2,0
V23,323991,323991
pKd,13.4053,5.78136
