DNA,RNA
V2,3237.53,3968.67
V3,14649.5,23071.1
V4,48.5,40
V5,32,37
V6,0,0
V7,0,0
V18,919,1222
V19,380.798,508.551
V20,7.63,6.1
V21,149.79,149.79
V22,1888.3,2089.9
V23,21295,21295
pKd,9.16512,7.98627
