DNA,RNA
V2,3881.75,899.887
V3,15467.7,2984.83
V4,64.5,17
V5,39,2
V6,0,0
V7,0,0
V18,1064,312
V19,435.058,118.374
V20,2.62,1.26
V21,1182.61,1182.61
V22,1616.3,723.2
V23,150411,150411
pKd,4.31486,6.94486
