DNA,RNA
V2,0,0
V3,-216.061,-201.104
V4,0,0
V5,0,0
V6,0,0
V7,0,0
V18,0,0
V19,0,0
V20,0,0
V21,2317.64,2317.64
V22,0,0
V23,686829,686829
pKd,6.42785,6.42128
