DNA,RNA
V2,526.528,137.493
V3,595.56,273.309
V4,6.5,0
V5,0,0
V6,0,0
V7,0,0
V18,143,57
V19,56.68,23.5372
V20,-0.51,0.88
V21,986.33,986.33
V22,760.2,171
V23,262444,262444
pKd,7.60004,7.73861
