DNA,RNA
V2,471.25,12.681
V3,207.955,-551.033
V4,8,0.5
V5,4,0
V6,54585.6,54585.6
V7,5690.4,3537
V18,94,2
V19,34.1789,0.725004
V20,-2.06,0
V21,300.9,300.9
V22,164.1,0
V23,38692.4,38692.4
pKd,9.22427,6.6324
