DNA,RNA
V2,144.069,408.526
V3,172.139,1935.47
V4,7,4.5
V5,3,3
V6,0,0
V7,0,0
V18,37,96
V19,15.0481,40.4799
V20,1.03,1.66
V21,27.24,27.24
V22,239.5,172.8
V23,3078.3,3078.3
pKd,7.60973,8.77447
