DNA,RNA
V2,4134.08,4810.43
V3,16428.7,27701.6
V4,40.5,54.5
V5,36,41
V6,0,0
V7,0,0
V18,1032,1409
V19,415.493,606.569
V20,9.4,9.43
V21,253,253
V22,1054.1,1568.4
V23,38253,38253
pKd,5.88569,-4.21716
