DNA,RNA
V2,143.812,90.8882
V3,-124.518,-363.69
V4,5.5,0.5
V5,5,2
V6,25135.4,25135.4
V7,5690.4,3537
V18,36,7
V19,12.7188,2.38105
V20,-1.65,-0.64
V21,181.04,181.04
V22,102,55.8
V23,18965.8,18965.8
pKd,7.79895,6.81143
