DNA,RNA
V2,536.649,1799.75
V3,607.03,4544.94
V4,12.5,16
V5,5,21
V6,0,0
V7,0,0
V18,111,415
V19,46.3167,157.065
V20,-1.15,3.35
V21,109.98,109.98
V22,430.5,545.6
V23,20588,20588
pKd,9.17498,7.69657
