DNA,RNA
V2,0,0
V3,-711.314,-319.637
V4,0,0
V5,0,0
V6,0,0
V7,0,0
V18,1,0
V19,0.289504,0
V20,0,0
V21,-9.22,-9.22
V22,0,0
V23,41124.4,41124.4
pKd,6.59589,6.47336
