DNA,RNA
V2,258.719,623.76
V3,414.838,3026.86
V4,2.5,15
V5,0,6
V6,0,0
V7,0,0
V18,80,181
V19,31.8645,73.6649
V20,-0.55,0.89
V21,77.75,77.75
V22,244.6,411.7
V23,14214.8,14214.8
pKd,7.31754,9.78325
