DNA,RNA
V2,85.3671,0
V3,-935.034,-396.445
V4,0,0
V5,0,0
V6,38002.7,38002.7
V7,5690.4,3537
V18,2,0
V19,0.712831,0
V20,0.26,0
V21,225.06,225.06
V22,59.5,0
V23,27821.9,27821.9
pKd,6.68071,6.6621
