DNA,RNA
V2,0,0
V3,-532.624,-102.778
V4,0,0
V5,0,0
V6,161250,161250
V7,5690.4,3537
V18,0,0
V19,0,0
V20,0,0
V21,5471.3,5471.3
V22,0,0
V23,739031,739031
pKd,8.66469,8.04543
