DNA,RNA
V2,76.9361,3578.22
V3,-290.025,20047.2
V4,3.5,33.5
V5,0,38
V6,19973.6,19973.6
V7,5690.4,3537
V18,16,1027
V19,7.93934,425.397
V20,-1.01,16.78
V21,178.1,178.1
V22,46.2,985.7
V23,17559.2,17559.2
pKd,8.03274,27.3279
