DNA,RNA
V2,85.3671,0
V3,-933.07,-395.539
V4,0,0
V5,0,0
V6,37985.7,37985.7
V7,5690.4,3537
V18,2,0
V19,0.712831,0
V20,0.26,0
V21,224.02,224.02
V22,59.5,0
V23,27832.3,27832.3
pKd,6.68146,6.66236
