DNA,RNA
V2,794.926,39.0652
V3,814.297,-865.584
V4,24.5,1
V5,10,1
V6,24045,24045
V7,5690.4,3537
V18,215,13
V19,87.4803,4.58548
V20,1.15,-1.45
V21,172.6,172.6
V22,557.2,188.5
V23,22374.7,22374.7
pKd,12.5484,6.65921
