DNA,RNA
V2,0,235.901
V3,-433.593,-269.731
V4,0,13.5
V5,0,3
V6,0,0
V7,0,0
V18,0,93
V19,0,33.9842
V20,0,-3.94
V21,131.11,131.11
V22,0,498.4
V23,39735.8,39735.8
pKd,6.52344,6.79637
