DNA,RNA
V2,19.5527,0
V3,-367.861,-134.761
V4,1.5,0
V5,0,0
V6,0,0
V7,0,0
V18,3,0
V19,1.03589,0
V20,0,0
V21,30.71,30.71
V22,0,0
V23,6891.9,6891.9
pKd,6.4153,6.39213
