DNA,RNA
V2,0,0
V3,-245.694,-58.908
V4,0,0
V5,0,0
V6,132219,132219
V7,5690.4,3537
V18,0,0
V19,0,0
V20,0,0
V21,5518.85,5518.85
V22,0,0
V23,722353,722353
pKd,8.91046,7.84013
