DNA,RNA
V2,635.006,8.9688
V3,1299.22,-345.852
V4,11.5,0
V5,7,0
V6,0,0
V7,0,0
V18,160,0
V19,62.72,0
V20,-0.1,0
V21,93.49,93.49
V22,287.2,0
V23,17312.9,17312.9
pKd,8.56712,6.46568
