DNA,RNA
V2,1767.13,4121.96
V3,7993.4,20849.4
V4,17,46.5
V5,10,41
V6,0,0
V7,0,0
V18,503,1168
V19,199.738,484.666
V20,5.75,18.98
V21,181.35,181.35
V22,620,1651.8
V23,20254.7,20254.7
pKd,9.38056,6.34125
