DNA,RNA
V2,158.021,2765.05
V3,-924.004,15670.9
V4,1.5,37.5
V5,1,45
V6,102852,102852
V7,5690.4,3537
V18,15,814
V19,4.86553,339.707
V20,1.8,-2.74
V21,720.76,720.76
V22,46.3,1227.7
V23,160996,160996
pKd,7.14818,71.5582
