DNA,RNA
V2,0,149.676
V3,-461.405,-12.243
V4,0,0
V5,0,0
V6,24420.2,24420.2
V7,5690.4,3537
V18,0,20
V19,0,8.45836
V20,0,0
V21,151.55,151.55
V22,0,0
V23,21656.3,21656.3
pKd,6.84199,7.24073
