DNA,RNA
V2,526.528,137.493
V3,591.792,272.914
V4,6.5,0
V5,0,0
V6,0,0
V7,0,0
V18,143,57
V19,56.6968,23.5372
V20,-0.51,0.88
V21,1003.83,1003.83
V22,760.2,171
V23,262960,262960
pKd,7.61027,7.73878
