DNA,RNA
V2,1604,308.107
V3,5700.39,-800.803
V4,10.5,0.5
V5,14,1
V6,13440.6,13440.6
V7,5690.4,3537
V18,342,29
V19,139.471,9.38674
V20,7.45,0.62
V21,166.63,166.63
V22,640.8,113.5
V23,14977,14977
pKd,15.1024,5.48673
