DNA,RNA
V2,277.598,0.365151
V3,1547.49,-249.052
V4,7.5,0
V5,3,0
V6,0,0
V7,0,0
V18,80,0
V19,35.0776,0
V20,0.11,0
V21,49.31,49.31
V22,349.4,0
V23,10684.9,10684.9
pKd,9.39804,6.44157
