DNA,RNA
V2,0,340.756
V3,-197.455,821.717
V4,0,5
V5,0,2
V6,0,0
V7,0,0
V18,0,64
V19,0,25.1473
V20,0,-0.27
V21,151.65,151.65
V22,0,99.2
V23,19590.7,19590.7
pKd,6.41968,6.94162
