DNA,RNA
V2,0,952.77
V3,-495.221,3040.76
V4,0,13
V5,0,10
V6,0,0
V7,0,0
V18,0,256
V19,0,98.3286
V20,0,4.82
V21,167.17,167.17
V22,0,471.9
V23,27173.7,27173.7
pKd,6.55052,8.33437
