DNA,RNA
V2,7.44319,0
V3,-496.607,-198.795
V4,0,0
V5,0,0
V6,0,0
V7,0,0
V18,0,0
V19,0,0
V20,0,0
V21,35.52,35.52
V22,0,0
V23,11795.8,11795.8
pKd,6.53519,6.42027
