DNA,RNA
V2,3509.44,125.363
V3,21369,-642.522
V4,61,0
V5,25,1
V6,84116.7,84116.7
V7,5690.4,3537
V18,1061,11
V19,448.645,4.27828
V20,9.2,2.21
V21,941.7,941.7
V22,1467.3,124.2
V23,152218,152218
pKd,70.9746,6.96884
