DNA,RNA
V2,1965.17,193.385
V3,11693.1,-499.366
V4,31,5
V5,21,2
V6,0,0
V7,0,0
V18,560,25
V19,244.392,9.84476
V20,2.54,-2.64
V21,125.24,125.24
V22,844.4,149.8
V23,18809.4,18809.4
pKd,16.6246,7.01927
