DNA,RNA
V2,0,0
V3,-532.633,-102.78
V4,0,0
V5,0,0
V6,161304,161304
V7,5690.4,3537
V18,0,0
V19,0,0
V20,0,0
V21,5479.4,5479.4
V22,0,0
V23,739011,739011
pKd,8.66539,8.04599
