DNA,RNA
V2,2689.46,1763.26
V3,-3553.21,4700.5
V4,8.5,6
V5,0,1
V6,0,0
V7,0,0
V18,305,458
V19,96.5775,173.156
V20,-8.39,-11.2
V21,1608.18,1608.18
V22,1199.7,1786.6
V23,425364,425364
pKd,-8.28093,2.00896
