DNA,RNA
V2,94.0419,0
V3,-215.059,-134.159
V4,0,0
V5,0,0
V6,5058.4,5058.4
V7,5690.4,3537
V18,9,0
V19,2.87773,0
V20,0,0
V21,39.18,39.18
V22,0,0
V23,2726.7,2726.7
pKd,6.07512,6.44037
