DNA,RNA
V2,516.038,130.056
V3,574.863,-917.134
V4,8.5,0
V5,3,0
V6,36591.7,36591.7
V7,5690.4,3537
V18,119,12
V19,46.2222,5.30185
V20,-0.13,2.92
V21,254.3,254.3
V22,289,92.6
V23,29405,29405
pKd,9.99704,6.94052
