DNA,RNA
V2,49.3985,91.9989
V3,-759.722,-69.8541
V4,0,7
V5,0,4
V6,37717.6,37717.6
V7,5690.4,3537
V18,19,47
V19,9.08053,17.7634
V20,2.11,0.5
V21,229.42,229.42
V22,104.5,111.3
V23,28631.2,28631.2
pKd,8.43803,8.35842
