DNA,RNA
V2,880.939,12.5612
V3,1811.56,-656.149
V4,16,0
V5,9,0
V6,0,0
V7,0,0
V18,223,0
V19,86.6928,0
V20,-1.08,0
V21,158.44,158.44
V22,479.1,0
V23,25949.5,25949.5
pKd,8.73537,6.59434
