DNA,RNA
V2,187.235,1.25314
V3,-756.86,-247.608
V4,0.5,0
V5,2,0
V6,0,0
V7,0,0
V18,23,0
V19,7.96944,0
V20,0.69,0
V21,53.58,53.58
V22,170.6,0
V23,11875.7,11875.7
pKd,6.43377,6.43903
