DNA,RNA
V2,0,124.205
V3,-603.138,-417.358
V4,0,0.5
V5,0,1
V6,39322.3,39322.3
V7,5690.4,3537
V18,0,25
V19,0,9.15743
V20,0,-0.64
V21,349.06,349.06
V22,0,55.8
V23,38559.2,38559.2
pKd,6.99626,6.91936
