DNA,RNA
V2,656.619,44.7699
V3,4625.2,-322.256
V4,25.5,0
V5,10,0
V6,0,0
V7,0,0
V18,256,13
V19,107.162,4.56059
V20,8.16,0.13
V21,156.01,156.01
V22,814.9,59.3
V23,28488.2,28488.2
pKd,12.4847,6.26274
