DNA,RNA
V2,84.6865,0
V3,-321.893,-126.839
V4,2,0
V5,0,0
V6,105290,105290
V7,5690.4,3537
V18,10,0
V19,3.63306,0
V20,-1.01,0
V21,3008.97,3008.97
V22,46.2,0
V23,424037,424037
pKd,8.38551,7.42805
