DNA,RNA
V2,794.926,39.0652
V3,814.338,-865.56
V4,24.5,1
V5,10,1
V6,24043.5,24043.5
V7,5690.4,3537
V18,215,13
V19,87.4803,4.58548
V20,1.15,-1.45
V21,172.11,172.11
V22,557.2,188.5
V23,22371.2,22371.2
pKd,12.5483,6.65922
