DNA,RNA
V2,5336.69,3412.37
V3,26548.9,14253
V4,62.5,42.5
V5,42,27
V6,0,0
V7,0,0
V18,1459,857
V19,604.614,356.158
V20,9.9,9.48
V21,164.58,164.58
V22,1618,1393.8
V23,23216.1,23216.1
pKd,-4.91251,8.94958
