DNA,RNA
V2,365.269,76.3991
V3,87.5061,-496.663
V4,4,0.5
V5,5,2
V6,0,0
V7,0,0
V18,61,4
V19,23.9116,1.17108
V20,-1.85,-1.01
V21,69.57,69.57
V22,163.5,46.2
V23,13284.2,13284.2
pKd,7.67073,6.65149
