DNA,RNA
V2,3635.7,4582.76
V3,17288.4,18965.9
V4,49,44
V5,28,38
V6,0,0
V7,0,0
V18,946,1222
V19,392.859,498.282
V20,7.82,11.8
V21,1065.07,1065.07
V22,999.7,1552.9
V23,151574,151574
pKd,8.82918,1.31533
