DNA,RNA
V2,245.205,70.4329
V3,-566.398,-212.18
V4,7.5,1
V5,5,0
V6,21991.6,21991.6
V7,5690.4,3537
V18,36,7
V19,12.542,2.70759
V20,-2.64,0
V21,135.79,135.79
V22,222.9,0
V23,16533.7,16533.7
pKd,7.30399,6.6073
