DNA,RNA
V2,3396.97,358.92
V3,14739,172.053
V4,56.5,14.5
V5,32,2
V6,0,0
V7,0,0
V18,792,79
V19,337.929,28.9858
V20,5.06,1.68
V21,130.03,130.03
V22,912.6,241.2
V23,18015.6,18015.6
pKd,8.30507,6.44599
