DNA,RNA
V2,1079.26,154.55
V3,3157.19,-912.94
V4,17.5,2.5
V5,5,0
V6,0,0
V7,0,0
V18,213,19
V19,91.3907,6.31999
V20,0.43,0.13
V21,205.14,205.14
V22,465.6,138.6
V23,39975.4,39975.4
pKd,10.7897,5.99852
