DNA,RNA
V2,0,99.5494
V3,-438.08,-511.421
V4,0,0
V5,0,0
V6,42821,42821
V7,5690.4,3537
V18,0,2
V19,0,0.573036
V20,0,0
V21,278.91,278.91
V22,0,0
V23,35447.9,35447.9
pKd,7.12589,6.35081
