DNA,RNA
V2,385.008,40.4972
V3,880.78,-283.697
V4,8,0
V5,4,0
V6,5762.6,5762.6
V7,5690.4,3537
V18,78,0
V19,31.609,0
V20,3.06,0
V21,60.49,60.49
V22,174,0
V23,3943.1,3943.1
pKd,8.64087,6.40082
