DNA,RNA
V2,0,67.494
V3,-153.763,-236.288
V4,0,4
V5,0,3
V6,19429.9,19429.9
V7,5690.4,3537
V18,0,22
V19,0,7.32976
V20,0,-1.01
V21,121.29,121.29
V22,0,46.2
V23,16429.4,16429.4
pKd,6.79553,6.82526
