DNA,RNA
V2,765.405,59.1208
V3,228.573,-769.036
V4,9,0
V5,9,0
V6,27040.4,27040.4
V7,5690.4,3537
V18,155,3
V19,57.5521,0.945232
V20,5.01,0
V21,156.81,156.81
V22,468.9,0
V23,19726.7,19726.7
pKd,9.18922,6.35055
