DNA,RNA
V2,2911.16,4088.34
V3,13036.2,22043.1
V4,51.5,41.5
V5,25,44
V6,0,0
V7,0,0
V18,898,1104
V19,367.428,471.015
V20,11.13,18.49
V21,295.38,295.38
V22,1360.5,1845.9
V23,32562.4,32562.4
pKd,9.09766,8.80343
