DNA,RNA
V2,5.68671,2864.61
V3,-784.748,18961.7
V4,0,39.5
V5,0,29
V6,0,0
V7,0,0
V18,0,892
V19,0,376.653
V20,0,2.56
V21,139.76,139.76
V22,0,929.6
V23,20660.6,20660.6
pKd,6.66556,15.0217
