DNA,RNA
V2,0,0
V3,-261.62,-153.725
V4,0,0
V5,0,0
V6,0,0
V7,0,0
V18,0,0
V19,0,0
V20,0,0
V21,66.01,66.01
V22,0,0
V23,9516.5,9516.5
pKd,6.44787,6.40046
