DNA,RNA
V2,132.971,15.4169
V3,-413.633,-287.724
V4,3.5,0
V5,0,0
V6,0,0
V7,0,0
V18,21,3
V19,7.21679,0.889898
V20,0.72,0
V21,63.59,63.59
V22,51.4,0
V23,7315.1,7315.1
pKd,5.97892,6.29168
