DNA,RNA
V2,78.8149,81.6585
V3,-615.971,-1090.4
V4,1.5,4.5
V5,1,2
V6,0,0
V7,0,0
V18,15,29
V19,5.45981,9.72546
V20,-0.77,-0.8
V21,866.5,866.5
V22,61,285.3
V23,184834,184834
pKd,6.64863,6.4953
