DNA,RNA
V2,363.32,75.4582
V3,961.419,-393.824
V4,4.5,0.5
V5,4,0
V6,7499.1,7499.1
V7,5690.4,3537
V18,72,4
V19,28.1556,1.3022
V20,1.28,0
V21,23.12,23.12
V22,175,0
V23,3829.5,3829.5
pKd,8.02868,6.27111
