DNA,RNA
V2,9984.67,7617.84
V3,56702.9,53367
V4,120.5,75.5
V5,108,85
V6,41804.7,41804.7
V7,5690.4,3537
V18,3088,2468
V19,1267.79,1074.72
V20,29.61,36.49
V21,353.94,353.94
V22,4000.9,3374.8
V23,52480.4,52480.4
pKd,-3.83237,8.29903
