DNA,RNA
V2,2687.34,1770.63
V3,-3587.87,4598.68
V4,8.5,6
V5,0,2
V6,0,0
V7,0,0
V18,306,459
V19,96.9272,173.243
V20,-8.39,-7.94
V21,1625.13,1625.13
V22,1199.7,1792.9
V23,425443,425443
pKd,-8.28782,2.05948
