DNA,RNA
V2,0,0
V3,-245.662,-58.9015
V4,0,0
V5,0,0
V6,132182,132182
V7,5690.4,3537
V18,0,0
V19,0,0
V20,0,0
V21,5514.93,5514.93
V22,0,0
V23,722448,722448
pKd,8.90983,7.83973
