DNA,RNA
V2,84.6865,0
V3,-326.819,-128.084
V4,2,0
V5,0,0
V6,105336,105336
V7,5690.4,3537
V18,10,0
V19,3.63306,0
V20,-1.01,0
V21,3010.28,3010.28
V22,46.2,0
V23,424029,424029
pKd,8.37772,7.42645
