DNA,RNA
V2,606.366,391.424
V3,293.763,-916.861
V4,6.5,5.5
V5,4,6
V6,0,0
V7,0,0
V18,120,35
V19,47.4715,11.7124
V20,2.86,-1.28
V21,147.75,147.75
V22,268.9,176.1
V23,23327.8,23327.8
pKd,7.91464,6.57482
