DNA,RNA
V2,1394.89,8.72125
V3,5929.03,-656.308
V4,24,0
V5,0,0
V6,103232,103232
V7,5690.4,3537
V18,397,0
V19,161.046,0
V20,1.97,0
V21,880.08,880.08
V22,603.3,0
V23,123393,123393
pKd,35.3842,6.53972
