DNA,RNA
V2,3762.88,140.447
V3,18823.1,-987.93
V4,67,7.5
V5,23,2
V6,75709.3,75709.3
V7,5690.4,3537
V18,949,19
V19,399.082,6.71247
V20,0.1,-1.52
V21,306.73,306.73
V22,1005.1,161.3
V23,46923.4,46923.4
pKd,58.5213,6.50594
