DNA,RNA
V2,710.913,98.0302
V3,2354.07,-635.401
V4,8,3
V5,7,0
V6,0,0
V7,0,0
V18,194,15
V19,78.1661,5.17053
V20,4.66,1.22
V21,57.16,57.16
V22,717.3,47.5
V23,8410.7,8410.7
pKd,9.65547,6.2079
