DNA,RNA
V2,23.6778,320.476
V3,-416.301,-598.032
V4,1,3.5
V5,0,4
V6,0,0
V7,0,0
V18,3,31
V19,1.14025,10.2169
V20,-0.64,0.47
V21,112.17,112.17
V22,55.8,224.8
V23,18618,18618
pKd,6.49432,6.1383
