DNA,RNA
V2,4784.97,642.223
V3,22736.7,1042.28
V4,60.5,20.5
V5,40,5
V6,0,0
V7,0,0
V18,1274,148
V19,531.149,57.9032
V20,8.21,-3.9
V21,251.44,251.44
V22,1475.9,296.8
V23,38476.1,38476.1
pKd,-0.725105,8.10681
