DNA,RNA
V2,9.91282,454.016
V3,-470.431,1923.77
V4,0,4
V5,0,0
V6,32270,32270
V7,5690.4,3537
V18,0,93
V19,0,49.2518
V20,0,0
V21,179.33,179.33
V22,0,0
V23,23584.4,23584.4
pKd,6.93594,16.5016
