DNA,RNA
V2,0,0
V3,-623.58,-225.437
V4,0,0
V5,0,0
V6,0,0
V7,0,0
V18,1,0
V19,0.369536,0
V20,-1.01,0
V21,938.65,938.65
V22,46.2,0
V23,171081,171081
pKd,6.61069,6.43197
