DNA,RNA
V2,360.641,575.631
V3,335.804,2007.56
V4,1,3.5
V5,0,3
V6,0,0
V7,0,0
V18,96,145
V19,37.281,57.0527
V20,4.46,2.4
V21,1599.56,1599.56
V22,355.2,241.7
V23,343155,343155
pKd,6.80655,7.45095
