DNA,RNA
V2,18.8275,608.809
V3,-359.255,4024.41
V4,1.5,8
V5,1,4
V6,15623.4,15623.4
V7,5690.4,3537
V18,1,207
V19,0.346551,83.9212
V20,1.54,2.46
V21,51.6,51.6
V22,55.4,220
V23,8155.3,8155.3
pKd,6.89371,12.2003
