DNA,RNA
V2,4641.29,4007.92
V3,24422,24683.1
V4,66,43
V5,45,39
V6,0,0
V7,0,0
V18,1355,1264
V19,566.356,535.579
V20,20.32,8.26
V21,274.02,274.02
V22,1943.3,1753.5
V23,36653.9,36653.9
pKd,-1.61351,7.43951
