DNA,RNA
V2,122.689,334.867
V3,-390.864,1973.33
V4,0,5
V5,0,3
V6,0,0
V7,0,0
V18,15,93
V19,4.75685,39.6846
V20,0,1.36
V21,72.34,72.34
V22,0,112.7
V23,9753.3,9753.3
pKd,5.76662,9.11712
