DNA,RNA
V2,277.572,1127.42
V3,-1086.57,2873.03
V4,4,6
V5,0,5
V6,0,0
V7,0,0
V18,57,225
V19,23.1522,91.986
V20,-1.76,3.4
V21,637,637
V22,108.8,422.6
V23,194822,194822
pKd,7.56956,9.15698
