DNA,RNA
V2,797.406,124.657
V3,2380.5,-709.577
V4,2.5,2.5
V5,3,0
V6,50493.5,50493.5
V7,5690.4,3537
V18,165,19
V19,70.0331,6.18924
V20,4.36,0
V21,444.16,444.16
V22,149.8,0
V23,46244.3,46244.3
pKd,16.2848,6.05572
