DNA,RNA
V2,2079.56,937.734
V3,4598.58,1046.84
V4,37,25
V5,16,11
V6,0,0
V7,0,0
V18,476,188
V19,191.022,75.3899
V20,-4.45,-0.15
V21,158.82,158.82
V22,1272.4,815.7
V23,28232.1,28232.1
pKd,9.39735,9.38813
