DNA,RNA
V2,0,0
V3,-154.471,-80.5053
V4,0,0
V5,0,0
V6,0,0
V7,0,0
V18,0,0
V19,0,0
V20,0,0
V21,2958.81,2958.81
V22,0,0
V23,575223,575223
pKd,6.40079,6.36829
