DNA,RNA
V2,1424.79,164.094
V3,7682.17,-695.222
V4,19.5,3
V5,8,2
V6,35469.2,35469.2
V7,5690.4,3537
V18,351,17
V19,155.203,6.21162
V20,2.91,-0.77
V21,312.79,312.79
V22,903.4,140.3
V23,33469.1,33469.1
pKd,25.6511,6.82006
