DNA,RNA
V2,1404.62,72.5719
V3,6052.3,-672.129
V4,41.5,0
V5,20,1
V6,55040.6,55040.6
V7,5690.4,3537
V18,450,8
V19,179.113,2.45938
V20,6.08,2.19
V21,229.61,229.61
V22,718.3,113
V23,37359.6,37359.6
pKd,28.0099,6.44408
