DNA,RNA
V2,3080.86,38.3411
V3,17551.1,-293.366
V4,42,0
V5,42,0
V6,0,0
V7,0,0
V18,846,10
V19,364.05,4.01888
V20,10.75,0
V21,63.83,63.83
V22,1069.3,0
V23,11641.2,11641.2
pKd,14.615,6.63107
