DNA,RNA
V2,205.479,86.4268
V3,-328.985,-371.129
V4,5.5,4.5
V5,4,2
V6,0,0
V7,0,0
V18,36,26
V19,13.836,8.69604
V20,0.45,2.7
V21,78.62,78.62
V22,303.8,154.5
V23,12375.5,12375.5
pKd,7.36174,6.30366
