DNA,RNA
V2,0,0
V3,-261.498,-153.233
V4,0,0
V5,0,0
V6,0,0
V7,0,0
V18,0,0
V19,0,0
V20,0,0
V21,65.18,65.18
V22,0,0
V23,9516.2,9516.2
pKd,6.44782,6.40024
