DNA,RNA
V2,1002.01,0
V3,1764.28,-302.983
V4,21,0
V5,9,0
V6,0,0
V7,0,0
V18,228,0
V19,92.3919,0
V20,-2.92,0
V21,1370.32,1370.32
V22,523.2,0
V23,491645,491645
pKd,9.78853,6.46605
