DNA,RNA
V2,2.48535,2.48054
V3,-1551.32,-545.295
V4,1,0
V5,1,0
V6,71375.7,71375.7
V7,5690.4,3537
V18,3,1
V19,0.87836,0.284756
V20,-1.01,0
V21,3695.33,3695.33
V22,46.2,0
V23,420713,420713
pKd,6.47144,6.63292
