DNA,RNA
V2,837.245,24.4408
V3,2184.19,-513.898
V4,18.5,0
V5,8,0
V6,0,0
V7,0,0
V18,196,3
V19,84.1449,1.08072
V20,0.58,0
V21,111.39,111.39
V22,501.2,0
V23,17535.9,17535.9
pKd,11.4046,6.49878
