DNA,RNA
V2,440.318,255.812
V3,-267.809,-13.5606
V4,20.5,8.5
V5,8,4
V6,0,0
V7,0,0
V18,99,63
V19,36.8065,24.7576
V20,2.43,-0.86
V21,126.98,126.98
V22,320.2,115.7
V23,20620.7,20620.7
pKd,7.71418,7.75225
