DNA,RNA
V2,746.94,0
V3,1834.2,-394.241
V4,19,0
V5,4,0
V6,0,0
V7,0,0
V18,171,0
V19,68.7052,0
V20,4.2,0
V21,322.6,322.6
V22,216.3,0
V23,51468.9,51468.9
pKd,8.61667,6.50615
