DNA,RNA
V2,5.68671,2864.61
V3,-784.71,18961.7
V4,0,39.5
V5,0,29
V6,0,0
V7,0,0
V18,0,892
V19,0,376.653
V20,0,2.56
V21,140.7,140.7
V22,0,929.6
V23,20652.1,20652.1
pKd,6.66555,15.0217
