DNA,RNA
V2,202.983,30.8248
V3,-97.5698,-434.816
V4,6,0
V5,2,0
V6,0,0
V7,0,0
V18,46,0
V19,16.9663,0
V20,1.35,0
V21,110.49,110.49
V22,106.8,0
V23,14278.7,14278.7
pKd,6.58237,6.45799
