DNA,RNA
V2,4730.9,4319.31
V3,26018.8,27928.3
V4,63.5,52.5
V5,40,47
V6,0,0
V7,0,0
V18,1344,1447
V19,573.026,602.351
V20,10.14,26.35
V21,270.84,270.84
V22,1793.2,2313.2
V23,34177.1,34177.1
pKd,-4.18926,4.76178
