DNA,RNA
V2,84.6865,0
V3,-326.675,-128.04
V4,2,0
V5,0,0
V6,105335,105335
V7,5690.4,3537
V18,10,0
V19,3.63306,0
V20,-1.01,0
V21,3008.99,3008.99
V22,46.2,0
V23,423958,423958
pKd,8.37796,7.42652
