DNA,RNA
V2,2692.3,1766.86
V3,-3573.63,4603.2
V4,8.5,6
V5,0,1
V6,0,0
V7,0,0
V18,305,457
V19,96.5775,172.578
V20,-8.39,-7.94
V21,1641.62,1641.62
V22,1199.7,1792.9
V23,425440,425440
pKd,-8.28556,1.91076
