DNA,RNA
V2,0,0
V3,-140.025,-100.04
V4,0,0
V5,0,0
V6,0,0
V7,0,0
V18,0,0
V19,0,0
V20,0,0
V21,38.72,38.72
V22,0,0
V23,19111.8,19111.8
pKd,6.39444,6.37687
