DNA,RNA
V2,125.978,228.923
V3,-541.85,217.424
V4,0,6.5
V5,0,6
V6,18588.8,18588.8
V7,5690.4,3537
V18,26,74
V19,8.95257,27.933
V20,0,2.11
V21,114.12,114.12
V22,0,355.1
V23,11771.5,11771.5
pKd,6.2802,8.45619
