DNA,RNA
V2,302.026,839.203
V3,-922.465,6586.81
V4,9.5,14.5
V5,3,4
V6,0,0
V7,0,0
V18,26,290
V19,8.74016,124.819
V20,-0.5,2.34
V21,773.36,773.36
V22,270.2,398.5
V23,172334,172334
pKd,6.31416,13.3909
