DNA,RNA
V2,2492.58,184.934
V3,9053.71,-113.287
V4,35,2.5
V5,15,2
V6,0,0
V7,0,0
V18,649,43
V19,252.921,16.2448
V20,1.27,-2.14
V21,2083.77,2083.77
V22,700.9,188
V23,312243,312243
pKd,9.20731,6.81417
