DNA,RNA
V2,4862.68,4073.35
V3,22120.4,22635.7
V4,62.5,63.5
V5,2,41
V6,0,0
V7,0,0
V18,1405,1182
V19,574.053,487.866
V20,19.09,3.11
V21,625.84,625.84
V22,3343,1879.4
V23,126676,126676
pKd,-5.93381,8.35674
