DNA,RNA
V2,3912.72,4884.11
V3,20172.5,28697.8
V4,64.5,56.5
V5,37,46
V6,0,0
V7,0,0
V18,1095,1459
V19,461.204,613.904
V20,4.86,17.88
V21,256.39,256.39
V22,1721.1,2221.4
V23,35054.8,35054.8
pKd,4.20387,-1.28408
