DNA,RNA
V2,4.69808,567.691
V3,-682.377,2405.86
V4,0,6.5
V5,0,6
V6,62650.3,62650.3
V7,5690.4,3537
V18,3,150
V19,0.912367,64.9615
V20,0.13,0.99
V21,296.15,296.15
V22,59.3,356.3
V23,46083.6,46083.6
pKd,7.12664,17.8567
