DNA,RNA
V2,0,0
V3,-116.21,-191.836
V4,0,0
V5,0,0
V6,0,0
V7,0,0
V18,0,0
V19,0,0
V20,0,0
V21,1365.08,1365.08
V22,0,0
V23,284751,284751
pKd,6.38398,6.41721
