DNA,RNA
V2,0,0
V3,-245.683,-58.9044
V4,0,0
V5,0,0
V6,132168,132168
V7,5690.4,3537
V18,0,0
V19,0,0
V20,0,0
V21,5518.83,5518.83
V22,0,0
V23,722360,722360
pKd,8.90953,7.83957
