DNA,RNA
V2,637.55,15.425
V3,3723.31,-299.4
V4,24.5,0
V5,7,0
V6,0,0
V7,0,0
V18,227,3
V19,93.7285,1.31653
V20,-0.57,0
V21,68.62,68.62
V22,510.6,0
V23,9721.2,9721.2
pKd,11.0661,6.58111
