DNA,RNA
V2,15.2493,429.052
V3,-234.519,3015.1
V4,0,8.5
V5,0,4
V6,0,0
V7,0,0
V18,1,139
V19,0.411469,58.7705
V20,0,-2.91
V21,60.34,60.34
V22,0,288.3
V23,19528.8,19528.8
pKd,6.43496,10.0705
