DNA,RNA
V2,471.25,12.681
V3,208.006,-551.003
V4,8,0.5
V5,4,0
V6,54551.1,54551.1
V7,5690.4,3537
V18,94,2
V19,34.1789,0.725004
V20,-2.06,0
V21,301.67,301.67
V22,164.1,0
V23,38710.7,38710.7
pKd,9.22254,6.63234
