DNA,RNA
V2,197.683,73.7882
V3,-216.916,-233.064
V4,2.5,6.5
V5,4,1
V6,0,0
V7,0,0
V18,41,20
V19,15.1131,7.22698
V20,-2.02,-1.63
V21,-84.62,-84.62
V22,92.4,103.6
V23,16204.5,16204.5
pKd,7.01724,6.50531
