DNA,RNA
V2,85.3671,0
V3,-932.844,-395.285
V4,0,0
V5,0,0
V6,37979.3,37979.3
V7,5690.4,3537
V18,2,0
V19,0.712831,0
V20,0.26,0
V21,225.1,225.1
V22,59.5,0
V23,27829.5,27829.5
pKd,6.68152,6.66243
