DNA,RNA
V2,385.008,40.4972
V3,882.934,-283.333
V4,8,0
V5,4,0
V6,5718.3,5718.3
V7,5690.4,3537
V18,78,0
V19,31.609,0
V20,3.06,0
V21,62.22,62.22
V22,174,0
V23,3948.3,3948.3
pKd,8.63836,6.40043
