DNA,RNA
V2,5287.96,3681.86
V3,30292.4,24396.7
V4,58.5,60.5
V5,40,51
V6,0,0
V7,0,0
V18,1467,1212
V19,633.134,515.052
V20,11.39,0.75
V21,342.09,342.09
V22,1681.2,1803
V23,51600.9,51600.9
pKd,-8.87339,7.40238
