DNA,RNA
V2,0.902796,28.1837
V3,-499.197,-340.101
V4,0,0
V5,1,0
V6,0,0
V7,0,0
V18,1,1
V19,0.325277,0.289339
V20,-0.04,0
V21,125.7,125.7
V22,71.7,0
V23,29346.7,29346.7
pKd,6.75227,6.37223
