DNA,RNA
V2,396.012,0
V3,1441.72,-261.634
V4,3,0
V5,2,0
V6,0,0
V7,0,0
V18,96,2
V19,39.2406,0.720656
V20,3.4,0
V21,49.39,49.39
V22,90.2,0
V23,8425.5,8425.5
pKd,7.99512,6.44315
