DNA,RNA
V2,437.89,19.1868
V3,1452.61,-441.433
V4,7.5,0
V5,3,0
V6,17396.9,17396.9
V7,5690.4,3537
V18,99,3
V19,41.0097,0.870096
V20,-2.02,0
V21,73.14,73.14
V22,171.7,0
V23,9992.2,9992.2
pKd,10.1965,6.39114
