DNA,RNA
V2,445.758,11.9288
V3,2986,-512.871
V4,14.5,0
V5,10,0
V6,0,0
V7,0,0
V18,176,4
V19,79.317,1.37284
V20,-3.37,0
V21,139.12,139.12
V22,335,0
V23,15461.9,15461.9
pKd,14.1474,6.47742
