DNA,RNA
V2,0,1990.31
V3,-972.237,12790.7
V4,0,31.5
V5,0,19
V6,42349.4,42349.4
V7,5690.4,3537
V18,4,620
V19,1.67457,266.853
V20,0,6.55
V21,223.7,223.7
V22,0,871.5
V23,30810.6,30810.6
pKd,7.03054,35.4221
