DNA,RNA
V2,13.3595,127.036
V3,-328.269,106.09
V4,0,6
V5,0,2
V6,0,0
V7,0,0
V18,0,40
V19,0,14.9908
V20,0,0.46
V21,190.41,190.41
V22,0,114.4
V23,25453,25453
pKd,6.44856,6.80143
