DNA,RNA
V2,880.939,12.5612
V3,1811.95,-656.044
V4,16,0
V5,9,0
V6,0,0
V7,0,0
V18,223,0
V19,86.6928,0
V20,-1.08,0
V21,160.08,160.08
V22,479.1,0
V23,25928,25928
pKd,8.73538,6.59429
