DNA,RNA
V2,277.373,30.4987
V3,652.254,-271.355
V4,6.5,0
V5,1,0
V6,10708.5,10708.5
V7,5690.4,3537
V18,57,1
V19,21.6238,0.281094
V20,0.96,0
V21,42.92,42.92
V22,59.6,0
V23,5847.1,5847.1
pKd,7.13156,6.40076
