DNA,RNA
V2,4.69808,567.691
V3,-681.569,2406.23
V4,0,6.5
V5,0,6
V6,62612.8,62612.8
V7,5690.4,3537
V18,3,150
V19,0.912367,64.9615
V20,0.13,0.99
V21,298.07,298.07
V22,59.3,356.3
V23,46111.5,46111.5
pKd,7.12694,17.8534
