DNA,RNA
V2,9.91282,454.016
V3,-470.411,1923.77
V4,0,4
V5,0,0
V6,32264.4,32264.4
V7,5690.4,3537
V18,0,93
V19,0,49.2518
V20,0,0
V21,177.96,177.96
V22,0,0
V23,23602.6,23602.6
pKd,6.93586,16.5012
