DNA,RNA
V2,268.184,506.21
V3,-111.667,2187.18
V4,7,7
V5,2,6
V6,0,0
V7,0,0
V18,49,153
V19,20.3414,62.3921
V20,1.02,4.5
V21,136.51,136.51
V22,238.2,201.3
V23,21330,21330
pKd,7.72391,9.66584
