DNA,RNA
V2,268.184,506.21
V3,-111.744,2187.02
V4,7,7
V5,2,6
V6,0,0
V7,0,0
V18,49,153
V19,20.3414,62.3921
V20,1.02,4.5
V21,140.6,140.6
V22,238.2,201.3
V23,21326,21326
pKd,7.72393,9.66588
