DNA,RNA
V2,1604,308.107
V3,5700.53,-800.599
V4,10.5,0.5
V5,14,1
V6,13489.3,13489.3
V7,5690.4,3537
V18,342,29
V19,139.471,9.38674
V20,7.45,0.62
V21,163.37,163.37
V22,640.8,113.5
V23,14970.7,14970.7
pKd,15.1131,5.48695
