DNA,RNA
V2,4099.71,5155.5
V3,25873.4,34760.8
V4,62,69
V5,45,58
V6,0,0
V7,0,0
V18,1231,1573
V19,529.99,670.122
V20,6.78,6.02
V21,109.41,109.41
V22,1591,1800.4
V23,16383.5,16383.5
pKd,2.85574,-4.35896
