DNA,RNA
V2,0,124.205
V3,-603.193,-417.375
V4,0,0.5
V5,0,1
V6,39320.4,39320.4
V7,5690.4,3537
V18,0,25
V19,0,9.15743
V20,0,-0.64
V21,349.59,349.59
V22,0,55.8
V23,38559.3,38559.3
pKd,6.99621,6.91934
