DNA,RNA
V2,0,0
V3,-532.613,-102.773
V4,0,0
V5,0,0
V6,161259,161259
V7,5690.4,3537
V18,0,0
V19,0,0
V20,0,0
V21,5467,5467
V22,0,0
V23,739066,739066
pKd,8.66484,8.04554
