DNA,RNA
V2,2272.33,119.49
V3,13475.8,-336.273
V4,41,2.5
V5,26,1
V6,0,0
V7,0,0
V18,677,19
V19,294.007,7.70694
V20,0.93,0.25
V21,93.98,93.98
V22,876.9,217.3
V23,14002.6,14002.6
pKd,14.8213,6.94931
