DNA,RNA
V2,84.6865,0
V3,-326.684,-128.043
V4,2,0
V5,0,0
V6,105328,105328
V7,5690.4,3537
V18,10,0
V19,3.63306,0
V20,-1.01,0
V21,3008.19,3008.19
V22,46.2,0
V23,424109,424109
pKd,8.3778,7.42644
