DNA,RNA
V2,536.649,1794.42
V3,606.43,4504.31
V4,12.5,16
V5,5,21
V6,0,0
V7,0,0
V18,111,412
V19,46.3167,155.968
V20,-1.15,2.12
V21,109.18,109.18
V22,430.5,492.2
V23,20568.4,20568.4
pKd,9.17502,7.73319
