DNA,RNA
V2,797.406,124.657
V3,2379.88,-709.801
V4,2.5,2.5
V5,3,0
V6,50497.7,50497.7
V7,5690.4,3537
V18,165,19
V19,70.0331,6.18924
V20,4.36,0
V21,446.63,446.63
V22,149.8,0
V23,46236.9,46236.9
pKd,16.2848,6.05559
