DNA,RNA
V2,2822.84,49.7021
V3,16582.2,-664.609
V4,54.5,0
V5,27,0
V6,0,0
V7,0,0
V18,833,14
V19,347.354,4.52744
V20,9.05,1.7
V21,75.99,75.99
V22,983.1,45.1
V23,15275.6,15275.6
pKd,13.3699,6.13766
