DNA,RNA
V2,9.91282,454.016
V3,-470.414,1923.78
V4,0,4
V5,0,0
V6,32285.8,32285.8
V7,5690.4,3537
V18,0,93
V19,0,49.2518
V20,0,0
V21,178.93,178.93
V22,0,0
V23,23610.7,23610.7
pKd,6.93618,16.5027
