DNA,RNA
V2,2.48535,2.48054
V3,-1550.51,-545.236
V4,1,0
V5,1,0
V6,71385.9,71385.9
V7,5690.4,3537
V18,3,1
V19,0.87836,0.284756
V20,-1.01,0
V21,3693.15,3693.15
V22,46.2,0
V23,420742,420742
pKd,6.47229,6.63301
