DNA,RNA
V2,0,61.3814
V3,-84.497,-287.804
V4,0,1
V5,0,2
V6,11973.9,11973.9
V7,5690.4,3537
V18,0,3
V19,0,0.992963
V20,0,-1.01
V21,52.4,52.4
V22,0,46.2
V23,6900.2,6900.2
pKd,6.63865,6.80154
