DNA,RNA
V2,214.715,0
V3,-439.825,-195.533
V4,4.5,0
V5,3,0
V6,33937.1,33937.1
V7,5690.4,3537
V18,35,0
V19,11.4039,0
V20,3.24,0
V21,102.17,102.17
V22,100.5,0
V23,18381,18381
pKd,6.76518,6.70302
