DNA,RNA
V2,0,1990.31
V3,-973.86,12789.6
V4,0,31.5
V5,0,19
V6,42403.9,42403.9
V7,5690.4,3537
V18,4,620
V19,1.67457,266.853
V20,0,6.55
V21,221.86,221.86
V22,0,871.5
V23,30777.2,30777.2
pKd,7.03003,35.4431
