DNA,RNA
V2,1.10098,0
V3,-258.608,-142.433
V4,0,0
V5,0,0
V6,0,0
V7,0,0
V18,0,0
V19,0,0
V20,0,0
V21,54.34,54.34
V22,0,0
V23,7533.7,7533.7
pKd,6.44419,6.3955
