DNA,RNA
V2,0,188.531
V3,-203.885,-193.681
V4,0,1
V5,0,0
V6,41029.8,41029.8
V7,5690.4,3537
V18,0,18
V19,0,6.69861
V20,0,0.26
V21,255.2,255.2
V22,0,59.5
V23,35475.2,35475.2
pKd,7.2147,6.67395
