DNA,RNA
V2,0,0
V3,-116.313,-192.16
V4,0,0
V5,0,0
V6,0,0
V7,0,0
V18,0,0
V19,0,0
V20,0,0
V21,1364.36,1364.36
V22,0,0
V23,284732,284732
pKd,6.38402,6.41735
