DNA,RNA
V2,0,0
V3,-176.523,-99.6972
V4,0,0
V5,0,0
V6,0,0
V7,0,0
V18,0,0
V19,0,0
V20,0,0
V21,65.16,65.16
V22,0,0
V23,14791.6,14791.6
pKd,6.41048,6.37672
