DNA,RNA
V2,3490.18,3786.03
V3,17880.9,17793.5
V4,62.5,51
V5,30,44
V6,0,0
V7,0,0
V18,942,1100
V19,403.799,440.889
V20,3.61,16.66
V21,127.65,127.65
V22,1429,1918.7
V23,27461.7,27461.7
pKd,5.16443,9.89389
