DNA,RNA
V2,0,61.3814
V3,-83.9708,-287.584
V4,0,1
V5,0,2
V6,11971.6,11971.6
V7,5690.4,3537
V18,0,3
V19,0,0.992963
V20,0,-1.01
V21,51.38,51.38
V22,0,46.2
V23,6907.6,6907.6
pKd,6.63857,6.8015
