DNA,RNA
V2,235.046,0
V3,1471.44,-301.825
V4,6.5,0
V5,1,0
V6,0,0
V7,0,0
V18,70,0
V19,32.8258,0
V20,-0.86,0
V21,96,96
V22,180.2,0
V23,10757,10757
pKd,9.89164,6.46554
