DNA,RNA
V2,302.026,839.203
V3,-921.572,6587.04
V4,9.5,14.5
V5,3,4
V6,0,0
V7,0,0
V18,26,290
V19,8.74016,124.819
V20,-0.5,2.34
V21,770.89,770.89
V22,270.2,398.5
V23,172341,172341
pKd,6.31402,13.3909
