DNA,RNA
V2,1521.97,0
V3,6812.54,-409.03
V4,21.5,0
V5,21,0
V6,0,0
V7,0,0
V18,391,1
V19,162.725,0.285387
V20,1.34,0
V21,180.48,180.48
V22,547.5,0
V23,43655,43655
pKd,14.1885,6.46032
