DNA,RNA
V2,956.308,422.159
V3,335.281,129.877
V4,15,11
V5,7,5
V6,0,0
V7,0,0
V18,182,113
V19,72.1582,42.5052
V20,8.7,1.52
V21,331.84,331.84
V22,680.7,283.9
V23,35677.5,35677.5
pKd,8.42531,7.33681
