DNA,RNA
V2,0,1990.31
V3,-973.111,12790.6
V4,0,31.5
V5,0,19
V6,42355.1,42355.1
V7,5690.4,3537
V18,4,620
V19,1.67457,266.853
V20,0,6.55
V21,223.6,223.6
V22,0,871.5
V23,30803.6,30803.6
pKd,7.03012,35.4243
