DNA,RNA
V2,1098.2,102.872
V3,2261.56,-616.659
V4,20.5,0
V5,8,0
V6,0,0
V7,0,0
V18,276,14
V19,106.704,4.64136
V20,4.3,0
V21,166.35,166.35
V22,509.3,0
V23,20390,20390
pKd,8.31715,6.07528
