DNA,RNA
V2,245.205,70.4329
V3,-565.992,-212.07
V4,7.5,1
V5,5,0
V6,21993.8,21993.8
V7,5690.4,3537
V18,36,7
V19,12.542,2.70759
V20,-2.64,0
V21,135.38,135.38
V22,222.9,0
V23,16540.5,16540.5
pKd,7.30419,6.60732
