DNA,RNA
V2,904.287,17.5587
V3,4940.61,-484.379
V4,28,0.5
V5,10,0
V6,0,0
V7,0,0
V18,308,6
V19,137.97,2.11176
V20,-5.21,0
V21,842.83,842.83
V22,577.2,0
V23,243402,243402
pKd,14.2992,6.45847
