DNA,RNA
V2,2863.72,71.8953
V3,17179.7,-566.753
V4,59.5,1
V5,25,0
V6,0,0
V7,0,0
V18,857,5
V19,364.343,1.90469
V20,-1.03,0
V21,102.28,102.28
V22,1060.8,0
V23,24571.7,24571.7
pKd,10.6811,6.47809
