DNA,RNA
V2,2286.68,177.201
V3,14562.6,-952.52
V4,56,6.5
V5,32,3
V6,0,0
V7,0,0
V18,691,25
V19,309.371,8.18133
V20,-5.67,-1.28
V21,151.69,151.69
V22,1037,176.1
V23,32542.9,32542.9
pKd,10.4255,6.42967
