DNA,RNA
V2,109.895,1377.27
V3,-446.205,5484.52
V4,0,19
V5,0,23
V6,0,0
V7,0,0
V18,5,410
V19,1.46696,166.857
V20,-0.99,5.68
V21,114.72,114.72
V22,47.8,556.3
V23,15535.8,15535.8
pKd,6.05662,13.9172
