DNA,RNA
V2,797.406,124.657
V3,2380.46,-709.669
V4,2.5,2.5
V5,3,0
V6,50505.5,50505.5
V7,5690.4,3537
V18,165,19
V19,70.0331,6.18924
V20,4.36,0
V21,443.38,443.38
V22,149.8,0
V23,46236.5,46236.5
pKd,16.2854,6.05571
