DNA,RNA
V2,3725.14,18.6366
V3,20320.8,-130.908
V4,52.5,2.5
V5,34,0
V6,0,0
V7,0,0
V18,1034,25
V19,447.544,9.21248
V20,8.15,-0.68
V21,87.5,87.5
V22,904.4,127.5
V23,9893.5,9893.5
pKd,5.86395,6.44079
