DNA,RNA
V2,78.4384,1160.41
V3,-517.916,3547.62
V4,1.5,18.5
V5,0,7
V6,0,0
V7,0,0
V18,9,284
V19,2.89589,110.616
V20,1.8,1.51
V21,269.89,269.89
V22,46.3,732.3
V23,39475,39475
pKd,6.14397,8.35254
