DNA,RNA
V2,3168.45,858.615
V3,14513.2,2088.97
V4,72,15
V5,29,11
V6,0,0
V7,0,0
V18,915,196
V19,375.781,78.5949
V20,-2.37,-3.95
V21,139.27,139.27
V22,1674.9,445.7
V23,21215.6,21215.6
pKd,8.39818,9.94642
