DNA,RNA
V2,38.7489,325.364
V3,-440.085,-135.239
V4,2,6.5
V5,0,3
V6,54083.1,54083.1
V7,5690.4,3537
V18,1,44
V19,0.270132,15.9723
V20,0,0.34
V21,324.05,324.05
V22,0,166.7
V23,44847.2,44847.2
pKd,7.17177,7.60645
