DNA,RNA
V2,118.318,36.8931
V3,291.281,-476.741
V4,7,0
V5,3,1
V6,0,0
V7,0,0
V18,53,11
V19,22.1191,3.80549
V20,-0.48,-1.37
V21,84.4,84.4
V22,183.4,127
V23,10114.5,10114.5
pKd,8.32145,6.55779
