DNA,RNA
V2,9.39694,2174.48
V3,-2326.51,7688.41
V4,0.5,12.5
V5,0,1
V6,0,0
V7,0,0
V18,3,435
V19,1.18349,199.786
V20,0,-6.28
V21,4919,4919
V22,0,2104.1
V23,639161,639161
pKd,7.36534,16.9
