DNA,RNA
V2,0,0
V3,-139.954,-100.029
V4,0,0
V5,0,0
V6,0,0
V7,0,0
V18,0,0
V19,0,0
V20,0,0
V21,39.69,39.69
V22,0,0
V23,19130.7,19130.7
pKd,6.39441,6.37687
