DNA,RNA
V2,4266.34,4811.68
V3,21697.9,28833.7
V4,62,66
V5,48,53
V6,0,0
V7,0,0
V18,1183,1453
V19,505.171,616.47
V20,-0.82,6.36
V21,181.87,181.87
V22,1999.3,2198.6
V23,23624.1,23624.1
pKd,-0.0959259,-3.78285
