DNA,RNA
V2,797.406,124.657
V3,2375.5,-715.455
V4,2.5,2.5
V5,3,0
V6,50501.5,50501.5
V7,5690.4,3537
V18,165,19
V19,70.0331,6.18924
V20,4.36,0
V21,445.2,445.2
V22,149.8,0
V23,46215.1,46215.1
pKd,16.2811,6.05171
