DNA,RNA
V2,57.1801,95.8203
V3,-284.62,-104.69
V4,0,4.5
V5,0,0
V6,25328.4,25328.4
V7,5690.4,3537
V18,4,19
V19,1.22969,6.69864
V20,0,1.54
V21,98.18,98.18
V22,0,55.4
V23,12571.2,12571.2
pKd,6.65618,6.49613
