DNA,RNA
V2,154.646,6.55945
V3,462.075,-243.855
V4,2.5,0
V5,1,0
V6,0,0
V7,0,0
V18,68,0
V19,28.88,0
V20,-0.01,0
V21,42.99,42.99
V22,501.3,0
V23,10554.4,10554.4
pKd,8.64385,6.42602
