DNA,RNA
V2,851.808,97.4925
V3,2080.9,-567.51
V4,22,0.5
V5,11,2
V6,0,0
V7,0,0
V18,236,17
V19,94.4159,6.15836
V20,-3.58,-0.96
V21,171.79,171.79
V22,752.7,284.4
V23,32251.3,32251.3
pKd,10.2121,6.79983
