DNA,RNA
V2,2657.5,1.69299
V3,15950.6,-475.028
V4,40,0
V5,1,0
V6,0,0
V7,0,0
V18,798,0
V19,342.355,0
V20,-3.48,0
V21,5.99,5.99
V22,1677.3,0
V23,92259.5,92259.5
pKd,10.8245,6.53802
