DNA,RNA
V2,13.3595,127.036
V3,-329.553,97.3977
V4,0,6
V5,0,2
V6,0,0
V7,0,0
V18,0,40
V19,0,14.9908
V20,0,0.46
V21,188.49,188.49
V22,0,114.4
V23,25430.6,25430.6
pKd,6.44913,6.80369
