DNA,RNA
V2,2691.16,1775.81
V3,-3572.36,4594.51
V4,8.5,6
V5,0,2
V6,0,0
V7,0,0
V18,305,459
V19,96.5775,173.187
V20,-8.39,-7.94
V21,1656.41,1656.41
V22,1199.7,1792.9
V23,425083,425083
pKd,-8.28242,2.00855
