DNA,RNA
V2,26.3203,165.939
V3,-596.35,-361.134
V4,4,2
V5,1,1
V6,44907.6,44907.6
V7,5690.4,3537
V18,6,18
V19,1.94359,5.81719
V20,-0.64,1.22
V21,91.37,91.37
V22,55.8,47.5
V23,20589.7,20589.7
pKd,7.13214,6.35407
