DNA,RNA
V2,197.683,73.7882
V3,-217.289,-233.714
V4,2.5,6.5
V5,4,1
V6,0,0
V7,0,0
V18,41,20
V19,15.1131,7.22698
V20,-2.02,-1.63
V21,-82.89,-82.89
V22,92.4,103.6
V23,16203.1,16203.1
pKd,7.01738,6.50547
