DNA,RNA
V2,56.9132,20.3248
V3,-324.144,-441.995
V4,1,6.5
V5,0,1
V6,0,0
V7,0,0
V18,11,15
V19,4.7559,5.17313
V20,0,-1.61
V21,244.89,244.89
V22,0,112.2
V23,43696.5,43696.5
pKd,6.84311,6.52183
