DNA,RNA
V2,0,9.14764
V3,-157.734,-206.55
V4,0,0
V5,0,0
V6,0,0
V7,0,0
V18,0,0
V19,0,0
V20,0,0
V21,70.85,70.85
V22,0,0
V23,21817,21817
pKd,6.40222,6.40409
