DNA,RNA
V2,84.6865,0
V3,-326.675,-128.04
V4,2,0
V5,0,0
V6,105341,105341
V7,5690.4,3537
V18,10,0
V19,3.63306,0
V20,-1.01,0
V21,3010.97,3010.97
V22,46.2,0
V23,424043,424043
pKd,8.37808,7.42657
