DNA,RNA
V2,2414.15,0.290079
V3,14123.7,-543.556
V4,41.5,1
V5,20,0
V6,0,0
V7,0,0
V18,638,4
V19,274.396,1.31476
V20,14.68,0.68
V21,58.57,58.57
V22,802.1,171.1
V23,10345.6,10345.6
pKd,14.4462,6.4724
