DNA,RNA
V2,4862.68,4073.35
V3,22120.9,22635.8
V4,62.5,63.5
V5,2,41
V6,0,0
V7,0,0
V18,1405,1182
V19,574.053,487.866
V20,19.09,3.11
V21,634.7,634.7
V22,3343,1879.4
V23,126582,126582
pKd,-5.93309,8.35689
