DNA,RNA
V2,0,0
V3,-203.773,-148.458
V4,0,0
V5,0,0
V6,0,0
V7,0,0
V18,0,0
V19,0,0
V20,0,0
V21,4037.09,4037.09
V22,0,0
V23,555570,555570
pKd,6.42245,6.39815
