DNA,RNA
V2,2024.75,185.678
V3,11224,-933.724
V4,38.5,0.5
V5,33,0
V6,33125.8,33125.8
V7,5690.4,3537
V18,661,7
V19,273.164,2.21874
V20,5.29,0
V21,350.09,350.09
V22,1104.5,0
V23,37496.8,37496.8
pKd,31.3297,5.94883
