DNA,RNA
V2,2997.16,21.3268
V3,11707,-669.657
V4,47,0
V5,27,0
V6,0,0
V7,0,0
V18,798,7
V19,326.208,2.81013
V20,3.3,-2
V21,257.64,257.64
V22,1283.8,94
V23,44538,44538
pKd,9.71255,6.75603
