DNA,RNA
V2,0,0
V3,-314.309,-140.45
V4,0,0
V5,0,0
V6,13584.1,13584.1
V7,5690.4,3537
V18,0,0
V19,0,0
V20,0,0
V21,53.69,53.69
V22,0,0
V23,7309.2,7309.2
pKd,6.67887,6.52388
