DNA,RNA
V2,1091.97,64.0159
V3,1659.74,-630.329
V4,34,0
V5,13,0
V6,0,0
V7,0,0
V18,270,1
V19,100.612,0.297164
V20,-5.55,0
V21,129.2,129.2
V22,728.8,0
V23,16923.9,16923.9
pKd,8.95234,6.42812
