DNA,RNA
V2,143.812,90.8882
V3,-124.511,-363.688
V4,5.5,0.5
V5,5,2
V6,25081.9,25081.9
V7,5690.4,3537
V18,36,7
V19,12.7188,2.38105
V20,-1.65,-0.64
V21,180.95,180.95
V22,102,55.8
V23,18954.7,18954.7
pKd,7.79733,6.81105
