DNA,RNA
V2,0,0
V3,-176.697,-99.7214
V4,0,0
V5,0,0
V6,0,0
V7,0,0
V18,0,0
V19,0,0
V20,0,0
V21,64.69,64.69
V22,0,0
V23,14809.6,14809.6
pKd,6.41056,6.37673
