DNA,RNA
V2,0,0
V3,-203.751,-148.412
V4,0,0
V5,0,0
V6,0,0
V7,0,0
V18,0,0
V19,0,0
V20,0,0
V21,4060.55,4060.55
V22,0,0
V23,555840,555840
pKd,6.42244,6.39813
