DNA,RNA
V2,3894.58,417.437
V3,23098.9,1044.61
V4,57.5,14.5
V5,29,4
V6,0,0
V7,0,0
V18,1156,140
V19,493.29,53.749
V20,9.2,-0.31
V21,228.71,228.71
V22,1135.8,267.5
V23,34943.8,34943.8
pKd,4.41748,7.77588
