DNA,RNA
V2,869.17,137.193
V3,566.702,-902.907
V4,15.5,0.5
V5,9,1
V6,0,0
V7,0,0
V18,173,7
V19,71.3798,2.22039
V20,-0.6,-0.04
V21,202.96,202.96
V22,684.9,71.7
V23,32310,32310
pKd,10.0315,6.43838
