DNA,RNA
V2,71.8988,473.781
V3,-648.938,1663.16
V4,1,8.5
V5,0,9
V6,74862.8,74862.8
V7,5690.4,3537
V18,4,113
V19,1.14131,44.0504
V20,0,-0.57
V21,336.62,336.62
V22,0,243
V23,54208.9,54208.9
pKd,7.10233,14.24
