DNA,RNA
V2,1394.89,8.72125
V3,5928.21,-656.866
V4,24,0
V5,0,0
V6,103278,103278
V7,5690.4,3537
V18,397,0
V19,161.046,0
V20,1.97,0
V21,867.85,867.85
V22,603.3,0
V23,123111,123111
pKd,35.3932,6.53882
