DNA,RNA
V2,4610.85,3691.17
V3,24460.1,20395.8
V4,60,45
V5,52,34
V6,0,0
V7,0,0
V18,1376,1189
V19,568.666,484.183
V20,8.97,10.15
V21,293.14,293.14
V22,1713.8,1818
V23,43125.2,43125.2
pKd,1.81589,8.42682
