DNA,RNA
V2,0,124.205
V3,-603.019,-417.179
V4,0,0.5
V5,0,1
V6,39309.5,39309.5
V7,5690.4,3537
V18,0,25
V19,0,9.15743
V20,0,-0.64
V21,348.7,348.7
V22,0,55.8
V23,38581.6,38581.6
pKd,6.99616,6.91932
