DNA,RNA
V2,104.953,0
V3,-213.39,-135.458
V4,0,0
V5,0,0
V6,20239.6,20239.6
V7,5690.4,3537
V18,9,0
V19,3.8458,0
V20,0,0
V21,72.72,72.72
V22,0,0
V23,10367.2,10367.2
pKd,7.02776,6.58808
