DNA,RNA
V2,390.024,177.617
V3,614.812,1451.45
V4,12.5,13
V5,3,1
V6,0,0
V7,0,0
V18,94,98
V19,37.3733,40.4094
V20,-1.66,-0.86
V21,149.51,149.51
V22,211,259.5
V23,31214.8,31214.8
pKd,7.82469,8.50588
