DNA,RNA
V2,531.74,4370.61
V3,-321.811,22194.1
V4,10.5,38
V5,1,41
V6,0,0
V7,0,0
V18,81,1225
V19,31.0132,513.574
V20,-2.64,24.49
V21,290.13,290.13
V22,149.8,1673.6
V23,40925.3,40925.3
pKd,6.47154,5.26054
