DNA,RNA
V2,206.987,85.7483
V3,2049.05,-500.76
V4,9,3.5
V5,4,2
V6,0,0
V7,0,0
V18,105,7
V19,50.2698,2.30949
V20,-1.59,-0.99
V21,72.86,72.86
V22,113.8,47.8
V23,8514.6,8514.6
pKd,12.7806,6.65882
