DNA,RNA
V2,0,0
V3,-445.239,-92.7632
V4,0,0
V5,0,0
V6,0,0
V7,0,0
V18,0,0
V19,0,0
V20,0,0
V21,10.68,10.68
V22,0,0
V23,19763.6,19763.6
pKd,6.52855,6.37368
