DNA,RNA
V2,1079.26,154.55
V3,3155.46,-913.64
V4,17.5,2.5
V5,5,0
V6,0,0
V7,0,0
V18,213,19
V19,91.3907,6.31999
V20,0.43,0.13
V21,204.37,204.37
V22,465.6,138.6
V23,39957.1,39957.1
pKd,10.7896,5.99878
