DNA,RNA
V2,5242.18,53.861
V3,29855.1,-486.628
V4,76,0
V5,49,0
V6,72879.9,72879.9
V7,5690.4,3537
V18,1531,5
V19,646.992,1.58805
V20,3.65,-0.99
V21,132.25,132.25
V22,1645.8,47.8
V23,37528.7,37528.7
pKd,67.3224,6.56698
