DNA,RNA
V2,519.053,0.563518
V3,1776.57,-251.208
V4,8,0
V5,2,0
V6,13863.2,13863.2
V7,5690.4,3537
V18,149,0
V19,59.1755,0
V20,3.91,0
V21,108.59,108.59
V22,248.6,0
V23,9486,9486
pKd,9.69717,6.53404
