DNA,RNA
V2,2940.22,161.15
V3,12540.4,189.1
V4,38.5,10.5
V5,19,2
V6,0,0
V7,0,0
V18,816,58
V19,330.997,22.109
V20,13.04,-0.22
V21,132.09,132.09
V22,1334,139.2
V23,22204.6,22204.6
pKd,9.55672,7.06545
