DNA,RNA
V2,1032.72,329.893
V3,-1000.67,-317.73
V4,16,5.5
V5,1,2
V6,66717.3,66717.3
V7,5690.4,3537
V18,130,61
V19,45.3291,20.9669
V20,-2.71,-0.6
V21,764.39,764.39
V22,452.9,66
V23,109904,109904
pKd,6.76379,7.02017
