DNA,RNA
V2,1084.31,0
V3,3954.93,-441.107
V4,29,0
V5,5,0
V6,0,0
V7,0,0
V18,318,1
V19,131.707,0.293563
V20,0.75,0
V21,76.53,76.53
V22,521.2,0
V23,14390,14390
pKd,10.618,6.47987
