DNA,RNA
V2,340.945,420.49
V3,559.27,1662.23
V4,8,4
V5,3,2
V6,0,0
V7,0,0
V18,86,88
V19,33.9144,37.4044
V20,0.52,1.16
V21,162.03,162.03
V22,372.9,102.1
V23,27785.7,27785.7
pKd,7.65918,8.52861
