DNA,RNA
V2,39.1791,0
V3,-918.682,-372.351
V4,0.5,0
V5,1,0
V6,121034,121034
V7,5690.4,3537
V18,9,0
V19,2.92474,0
V20,0.92,0
V21,3645.48,3645.48
V22,131.3,0
V23,370029,370029
pKd,7.54451,7.10668
