DNA,RNA
V2,0,49.4869
V3,-585.979,-617.328
V4,0,1.5
V5,0,1
V6,61360.6,61360.6
V7,5690.4,3537
V18,0,5
V19,0,1.51381
V20,0,-1.01
V21,1059.93,1059.93
V22,0,46.2
V23,138524,138524
pKd,7.27771,6.59108
