DNA,RNA
V2,320.532,26.4521
V3,2003.11,-355.923
V4,11,0
V5,5,0
V6,0,0
V7,0,0
V18,136,5
V19,59.792,1.80028
V20,0.13,0.72
V21,63.89,63.89
V22,333.6,130.7
V23,7490,7490
pKd,11.6436,6.41932
