DNA,RNA
V2,2047.8,26.9253
V3,10463.8,-579.327
V4,28,0.5
V5,19,1
V6,0,0
V7,0,0
V18,594,4
V19,245.79,1.34433
V20,4.28,-0.22
V21,152.41,152.41
V22,1044.5,59.9
V23,19919.8,19919.8
pKd,13.7481,6.67932
