DNA,RNA
V2,4637.38,639.511
V3,21539.5,1092.39
V4,61.5,20.5
V5,41,9
V6,0,0
V7,0,0
V18,1224,161
V19,510.646,62.2951
V20,6.86,-3.51
V21,250.09,250.09
V22,1520.7,315
V23,38520.9,38520.9
pKd,0.215555,8.71402
