DNA,RNA
V2,0,0
V3,-215.997,-201.054
V4,0,0
V5,0,0
V6,0,0
V7,0,0
V18,0,0
V19,0,0
V20,0,0
V21,2313.08,2313.08
V22,0,0
V23,686403,686403
pKd,6.42782,6.42126
