DNA,RNA
V2,0,0
V3,-245.704,-58.9115
V4,0,0
V5,0,0
V6,132206,132206
V7,5690.4,3537
V18,0,0
V19,0,0
V20,0,0
V21,5535.29,5535.29
V22,0,0
V23,722415,722415
pKd,8.91019,7.83997
