DNA,RNA
V2,262.331,11.449
V3,416.186,-556.72
V4,4,0
V5,2,0
V6,0,0
V7,0,0
V18,68,3
V19,27.8861,0.907623
V20,0.19,0
V21,92.64,92.64
V22,120.6,0
V23,24020.6,24020.6
pKd,7.9872,6.43023
