DNA,RNA
V2,3988.63,4372.39
V3,20904.1,26724.5
V4,54,55.5
V5,38,41
V6,0,0
V7,0,0
V18,1167,1331
V19,487.337,566.038
V20,7.03,5.01
V21,276.87,276.87
V22,1780.9,1806.7
V23,43664,43664
pKd,5.42496,2.20839
