DNA,RNA
V2,94.0419,0
V3,-214.961,-134.137
V4,0,0
V5,0,0
V6,5066.4,5066.4
V7,5690.4,3537
V18,9,0
V19,2.87773,0
V20,0,0
V21,40.32,40.32
V22,0,0
V23,2739.8,2739.8
pKd,6.07528,6.44044
