DNA,RNA
V2,2692.72,1775.81
V3,-3576.41,4583.73
V4,8.5,6
V5,0,2
V6,0,0
V7,0,0
V18,305,460
V19,96.5775,173.484
V20,-8.39,-8.93
V21,1644.57,1644.57
V22,1199.7,1840.7
V23,425360,425360
pKd,-8.28628,1.96661
