DNA,RNA
V2,189.669,18.3887
V3,707.771,-315.161
V4,9,0.5
V5,4,0
V6,9906.9,9906.9
V7,5690.4,3537
V18,80,2
V19,31.9408,0.708738
V20,-1.69,0
V21,104.21,104.21
V22,152.2,0
V23,9857.5,9857.5
pKd,9.01558,6.4711
