DNA,RNA
V2,471.25,12.681
V3,207.206,-551.232
V4,8,0.5
V5,4,0
V6,54582.7,54582.7
V7,5690.4,3537
V18,94,2
V19,34.1789,0.725004
V20,-2.06,0
V21,301.81,301.81
V22,164.1,0
V23,38681.7,38681.7
pKd,9.22338,6.63225
