DNA,RNA
V2,158.021,2765.05
V3,-924.007,15670.9
V4,1.5,37.5
V5,1,45
V6,102870,102870
V7,5690.4,3537
V18,15,814
V19,4.86553,339.707
V20,1.8,-2.74
V21,721.06,721.06
V22,46.3,1227.7
V23,160984,160984
pKd,7.14835,71.5675
