DNA,RNA
V2,46.4104,991.546
V3,-532.807,5347.02
V4,5.5,20.5
V5,1,11
V6,0,0
V7,0,0
V18,25,335
V19,8.36084,138.462
V20,-1.65,0.25
V21,106.61,106.61
V22,102,694
V23,36936.4,36936.4
pKd,6.23951,12.7706
