DNA,RNA
V2,0,0
V3,-203.727,-148.388
V4,0,0
V5,0,0
V6,0,0
V7,0,0
V18,0,0
V19,0,0
V20,0,0
V21,4045.44,4045.44
V22,0,0
V23,555504,555504
pKd,6.42243,6.39812
