DNA,RNA
V2,406.94,228.987
V3,1501.65,-48.8855
V4,6,3.5
V5,2,1
V6,0,0
V7,0,0
V18,85,41
V19,37.9413,16.8894
V20,3.3,-1.01
V21,97.16,97.16
V22,290.9,46.2
V23,23756.2,23756.2
pKd,9.52225,7.31804
