DNA,RNA
V2,519.733,184.345
V3,-741.607,376.576
V4,7,2.5
V5,0,0
V6,0,0
V7,0,0
V18,48,59
V19,17.4043,25.1296
V20,2.19,-1.28
V21,152.48,152.48
V22,113,111.6
V23,30232.3,30232.3
pKd,5.53741,8.09192
