DNA,RNA
V2,1768.31,203.125
V3,11513.2,-935.701
V4,40,4.5
V5,21,1
V6,0,0
V7,0,0
V18,578,28
V19,247.766,9.23553
V20,-1.02,-0.38
V21,60,60
V22,833.1,194.6
V23,10882.3,10882.3
pKd,15.374,5.91301
