DNA,RNA
V2,3957.62,4831.62
V3,20155.1,28622.9
V4,64.5,56.5
V5,37,47
V6,0,0
V7,0,0
V18,1095,1459
V19,461.204,613.778
V20,4.86,17.88
V21,258.41,258.41
V22,1721.1,2221.4
V23,35039.2,35039.2
pKd,3.96992,-0.863691
