DNA,RNA
V2,0,0
V3,-245.683,-58.9034
V4,0,0
V5,0,0
V6,132182,132182
V7,5690.4,3537
V18,0,0
V19,0,0
V20,0,0
V21,5519.04,5519.04
V22,0,0
V23,722372,722372
pKd,8.90979,7.83972
