DNA,RNA
V2,363.32,75.4582
V3,960.995,-393.74
V4,4.5,0.5
V5,4,0
V6,7514.5,7514.5
V7,5690.4,3537
V18,72,4
V19,28.1556,1.3022
V20,1.28,0
V21,22.08,22.08
V22,175,0
V23,3839.9,3839.9
pKd,8.02961,6.27118
