DNA,RNA
V2,0,0
V3,-203.581,-148.333
V4,0,0
V5,0,0
V6,0,0
V7,0,0
V18,0,0
V19,0,0
V20,0,0
V21,4037.58,4037.58
V22,0,0
V23,555554,555554
pKd,6.42237,6.39809
