DNA,RNA
V2,1515.09,95.7214
V3,6711.84,-761.534
V4,24,2.5
V5,22,1
V6,0,0
V7,0,0
V18,474,9
V19,192.55,2.95289
V20,3.94,-0.04
V21,151.55,151.55
V22,841.3,71.7
V23,19213.4,19213.4
pKd,13.6972,6.45991
