DNA,RNA
V2,1394.89,8.72125
V3,5928.53,-656.372
V4,24,0
V5,0,0
V6,103308,103308
V7,5690.4,3537
V18,397,0
V19,161.046,0
V20,1.97,0
V21,877.45,877.45
V22,603.3,0
V23,123180,123180
pKd,35.4011,6.53961
