DNA,RNA
V2,120.285,347.815
V3,-873.926,2036.71
V4,4.5,13
V5,2,5
V6,0,0
V7,0,0
V18,34,154
V19,11.5911,57.4496
V20,0.84,0.82
V21,1059.14,1059.14
V22,327.4,308.6
V23,251290,251290
pKd,6.37816,7.40087
