DNA,RNA
V2,765.405,59.1208
V3,228.609,-769.032
V4,9,0
V5,9,0
V6,27018.3,27018.3
V7,5690.4,3537
V18,155,3
V19,57.5521,0.945232
V20,5.01,0
V21,155.61,155.61
V22,468.9,0
V23,19719.8,19719.8
pKd,9.18774,6.35059
