DNA,RNA
V2,2657.5,1.69299
V3,15948.5,-475.328
V4,40,0
V5,1,0
V6,0,0
V7,0,0
V18,798,0
V19,342.355,0
V20,-3.48,0
V21,17.62,17.62
V22,1677.3,0
V23,92161.2,92161.2
pKd,10.8229,6.53815
