DNA,RNA
V2,292.913,791.818
V3,-334.196,2234.92
V4,6,14
V5,0,11
V6,0,0
V7,0,0
V18,38,170
V19,13.7501,68.3575
V20,-0.68,0.38
V21,329.05,329.05
V22,127.5,424.2
V23,47966.5,47966.5
pKd,5.86935,9.84476
