DNA,RNA
V2,1253.73,414.283
V3,5797.21,582.835
V4,1,5.5
V5,0,6
V6,0,0
V7,0,0
V18,347,94
V19,141.615,36.3014
V20,6.11,-1.99
V21,97.37,97.37
V22,620.9,227.5
V23,13137.3,13137.3
pKd,8.95492,7.80936
