DNA,RNA
V2,4367.1,975.205
V3,21161.6,3099.67
V4,64.5,23
V5,34,9
V6,0,0
V7,0,0
V18,1180,276
V19,481.841,109.615
V20,3.14,1.26
V21,135.1,135.1
V22,1240.4,779.8
V23,25547.2,25547.2
pKd,6.48347,9.90632
