DNA,RNA
V2,0,0
V3,-203.809,-148.445
V4,0,0
V5,0,0
V6,0,0
V7,0,0
V18,0,0
V19,0,0
V20,0,0
V21,4035.27,4035.27
V22,0,0
V23,555553,555553
pKd,6.42247,6.39814
