DNA,RNA
V2,382.466,483.936
V3,2004.29,-14.2032
V4,14,12
V5,2,6
V6,0,0
V7,0,0
V18,161,92
V19,64.0516,32.6166
V20,3.69,-2.46
V21,101.85,101.85
V22,434.3,299.2
V23,12797.2,12797.2
pKd,8.56874,6.41941
