DNA,RNA
V2,406.94,228.987
V3,1502.95,-50.6745
V4,6,3.5
V5,2,1
V6,0,0
V7,0,0
V18,85,41
V19,37.9413,16.8894
V20,3.3,-1.01
V21,99.37,99.37
V22,290.9,46.2
V23,23759,23759
pKd,9.52191,7.31864
