DNA,RNA
V2,4022.79,3531.75
V3,20146.4,22129.8
V4,77.5,67.5
V5,35,46
V6,0,0
V7,0,0
V18,1182,1181
V19,497.596,490.187
V20,14.18,-3.68
V21,496.4,496.4
V22,1690.4,1754.4
V23,111116,111116
pKd,-2.70126,9.25696
