DNA,RNA
V2,848.054,28.8075
V3,3316.76,-492.886
V4,28,0.5
V5,14,0
V6,0,0
V7,0,0
V18,289,5
V19,117.784,1.79245
V20,1.91,-0.64
V21,66.34,66.34
V22,586.5,55.8
V23,13623.2,13623.2
pKd,11.798,6.46744
