DNA,RNA
V2,2700.33,1775.81
V3,-3580.43,4597.16
V4,8.5,6
V5,0,2
V6,0,0
V7,0,0
V18,308,459
V19,97.4671,173.187
V20,-9.83,-7.94
V21,1648.07,1648.07
V22,1316.9,1792.9
V23,425519,425519
pKd,-8.44539,2.00786
