DNA,RNA
V2,0,1990.31
V3,-972.227,12790.7
V4,0,31.5
V5,0,19
V6,42348.2,42348.2
V7,5690.4,3537
V18,4,620
V19,1.67457,266.853
V20,0,6.55
V21,224.45,224.45
V22,0,871.5
V23,30794,30794
pKd,7.03054,35.4216
