DNA,RNA
V2,4.49445,36.4301
V3,-397.314,-606.542
V4,0,0.5
V5,0,1
V6,0,0
V7,0,0
V18,0,3
V19,0,0.951086
V20,0,-0.99
V21,1859.91,1859.91
V22,0,47.8
V23,318747,318747
pKd,6.49787,6.65144
