DNA,RNA
V2,61.7967,490.795
V3,-538.531,-244.68
V4,4.5,5
V5,1,4
V6,45783.3,45783.3
V7,5690.4,3537
V18,10,62
V19,3.36326,21.6628
V20,-1.01,-1.87
V21,49.16,49.16
V22,46.2,161.9
V23,22741.4,22741.4
pKd,7.15012,6.90359
