DNA,RNA
V2,133.339,347.815
V3,-958.919,2037.57
V4,3,13
V5,2,5
V6,0,0
V7,0,0
V18,33,154
V19,11.2741,57.4496
V20,-0.17,0.82
V21,1058.17,1058.17
V22,294.3,308.6
V23,251265,251265
pKd,6.40854,7.40082
