DNA,RNA
V2,0,0
V3,-245.691,-58.9064
V4,0,0
V5,0,0
V6,132251,132251
V7,5690.4,3537
V18,0,0
V19,0,0
V20,0,0
V21,5516.28,5516.28
V22,0,0
V23,722339,722339
pKd,8.91107,7.84049
