DNA,RNA
V2,0,0
V3,-116.05,-191.726
V4,0,0
V5,0,0
V6,0,0
V7,0,0
V18,0,0
V19,0,0
V20,0,0
V21,1365.71,1365.71
V22,0,0
V23,284746,284746
pKd,6.38391,6.41716
