DNA,RNA
V2,0,251.238
V3,-345.396,428.916
V4,0,8.5
V5,0,4
V6,0,0
V7,0,0
V18,0,63
V19,0,24.2367
V20,0,-0.81
V21,3648.3,3648.3
V22,0,132.7
V23,542594,542594
pKd,6.48468,7.40588
