DNA,RNA
V2,2815.92,12.2466
V3,1748.93,-745.482
V4,30,2.5
V5,1,1
V6,59728.3,59728.3
V7,5690.4,3537
V18,437,4
V19,162.16,1.20194
V20,-4.69,-1.01
V21,988.39,988.39
V22,1192.7,46.2
V23,121877,121877
pKd,13.0366,6.56039
