DNA,RNA
V2,31.017,0
V3,-258.657,-135.299
V4,0,0
V5,0,0
V6,14638.9,14638.9
V7,5690.4,3537
V18,0,0
V19,0,0
V20,0,0
V21,91.46,91.46
V22,0,0
V23,9258.7,9258.7
pKd,6.63805,6.53369
