DNA,RNA
V2,125.978,228.923
V3,-541.93,217.645
V4,0,6.5
V5,0,6
V6,18634.6,18634.6
V7,5690.4,3537
V18,26,74
V19,8.95257,27.933
V20,0,2.11
V21,112.87,112.87
V22,0,355.1
V23,11769.3,11769.3
pKd,6.28111,8.45785
