DNA,RNA
V2,0,0
V3,-245.679,-58.9017
V4,0,0
V5,0,0
V6,132201,132201
V7,5690.4,3537
V18,0,0
V19,0,0
V20,0,0
V21,5528.41,5528.41
V22,0,0
V23,722417,722417
pKd,8.91015,7.83994
