DNA,RNA
V2,0,0
V3,-216.05,-201.068
V4,0,0
V5,0,0
V6,0,0
V7,0,0
V18,0,0
V19,0,0
V20,0,0
V21,2313.96,2313.96
V22,0,0
V23,686389,686389
pKd,6.42785,6.42126
