DNA,RNA
V2,106.936,3.83858
V3,-193.934,-335.484
V4,3,0
V5,2,0
V6,25648.4,25648.4
V7,5690.4,3537
V18,21,2
V19,8.71155,0.624224
V20,1.35,0.31
V21,110.12,110.12
V22,186.1,58.2
V23,14666.8,14666.8
pKd,7.97323,6.54824
