DNA,RNA
V2,105.228,1128.68
V3,-387.872,3432.31
V4,5.5,13.5
V5,2,12
V6,52337.2,52337.2
V7,5690.4,3537
V18,20,263
V19,7.00923,103.842
V20,-0.99,3.62
V21,402.38,402.38
V22,47.8,525.5
V23,47360.3,47360.3
pKd,7.66793,17.6261
