DNA,RNA
V2,258.719,616.506
V3,415.06,3036.54
V4,2.5,15
V5,0,6
V6,0,0
V7,0,0
V18,80,180
V19,31.8645,73.3578
V20,-0.55,0.89
V21,76.63,76.63
V22,244.6,411.7
V23,14203.3,14203.3
pKd,7.31746,9.82508
