DNA,RNA
V2,1.10098,0
V3,-259.4,-145.069
V4,0,0
V5,0,0
V6,0,0
V7,0,0
V18,0,0
V19,0,0
V20,0,0
V21,56.17,56.17
V22,0,0
V23,7518.2,7518.2
pKd,6.44454,6.39666
