DNA,RNA
V2,2682.16,1768.43
V3,-3578.96,4593.09
V4,8.5,6
V5,0,1
V6,0,0
V7,0,0
V18,305,457
V19,96.57,172.587
V20,-8.39,-7.94
V21,1641.63,1641.63
V22,1199.7,1792.9
V23,425425,425425
pKd,-8.25829,1.91179
