DNA,RNA
V2,14.3179,353.638
V3,-634.712,655.6
V4,0,8.5
V5,0,2
V6,0,0
V7,0,0
V18,0,83
V19,0,31.8738
V20,0,-0.28
V21,535.13,535.13
V22,0,140.7
V23,80139,80139
pKd,6.58116,6.91409
