DNA,RNA
V2,102.895,6.28741
V3,-859.986,-388.37
V4,1.5,0
V5,0,0
V6,0,0
V7,0,0
V18,13,0
V19,6.87915,0
V20,-1.63,0
V21,77.1,77.1
V22,182.9,0
V23,26395.3,26395.3
pKd,7.84631,6.49011
