DNA,RNA
V2,85.3671,0
V3,-932.905,-395.381
V4,0,0
V5,0,0
V6,37960.5,37960.5
V7,5690.4,3537
V18,2,0
V19,0.712831,0
V20,0.26,0
V21,224.24,224.24
V22,59.5,0
V23,27836,27836
pKd,6.68138,6.6623
