DNA,RNA
V2,303.156,379.197
V3,-381.746,1634.52
V4,8,4
V5,6,3
V6,0,0
V7,0,0
V18,57,92
V19,20.7942,39.8065
V20,-2.04,-3.03
V21,131.73,131.73
V22,165.7,138.6
V23,18125,18125
pKd,7.21057,9.41431
