DNA,RNA
V2,519.053,0.563518
V3,1776.33,-251.257
V4,8,0
V5,2,0
V6,13886.1,13886.1
V7,5690.4,3537
V18,149,0
V19,59.1755,0
V20,3.91,0
V21,109.52,109.52
V22,248.6,0
V23,9471.3,9471.3
pKd,9.6993,6.53422
