DNA,RNA
V2,142.339,91.0217
V3,-608.134,-569.556
V4,3.5,0
V5,2,0
V6,0,0
V7,0,0
V18,41,7
V19,16.1619,2.15803
V20,-2.93,0
V21,128.87,128.87
V22,213.6,0
V23,29422.8,29422.8
pKd,7.47002,6.12629
