DNA,RNA
V2,116.393,0
V3,-455.854,-233.035
V4,4.5,0
V5,0,0
V6,0,0
V7,0,0
V18,26,0
V19,10.6269,0
V20,-1.01,0
V21,57.82,57.82
V22,46.2,0
V23,11802.8,11802.8
pKd,6.97833,6.43531
