DNA,RNA
V2,294.904,0
V3,12.9945,-268.645
V4,13.5,0
V5,4,0
V6,0,0
V7,0,0
V18,88,0
V19,33.8367,0
V20,-2.76,0
V21,71.95,71.95
V22,283.1,0
V23,11878.3,11878.3
pKd,7.61985,6.45096
