DNA,RNA
V2,2971.63,4689.26
V3,15263.2,25407.9
V4,54,53.5
V5,36,56
V6,0,0
V7,0,0
V18,850,1374
V19,372.068,567.697
V20,8.82,9.59
V21,159.99,159.99
V22,1532.2,1865.3
V23,22261.6,22261.6
pKd,7.43078,3.48929
