DNA,RNA
V2,0,0
V3,-244.212,-136.412
V4,0,0
V5,0,0
V6,0,0
V7,0,0
V18,0,0
V19,0,0
V20,0,0
V21,277.98,277.98
V22,0,0
V23,40557.2,40557.2
pKd,6.44022,6.39285
