DNA,RNA
V2,108.839,0
V3,-683.504,-323.558
V4,2.5,0
V5,0,0
V6,16104.8,16104.8
V7,5690.4,3537
V18,12,0
V19,4.54798,0
V20,-2.42,0
V21,98.37,98.37
V22,163,0
V23,14244.1,14244.1
pKd,6.65178,6.55461
