DNA,RNA
V2,84.6865,0
V3,-327.021,-128.104
V4,2,0
V5,0,0
V6,105352,105352
V7,5690.4,3537
V18,10,0
V19,3.63306,0
V20,-1.01,0
V21,3010.61,3010.61
V22,46.2,0
V23,424019,424019
pKd,8.37768,7.42658
