DNA,RNA
V2,63.5295,532.126
V3,-382.958,839.858
V4,4,8
V5,0,5
V6,0,0
V7,0,0
V18,16,109
V19,5.72309,44.5766
V20,0.26,-1.67
V21,21.57,21.57
V22,59.5,175.3
V23,7164.1,7164.1
pKd,6.31024,8.7841
