DNA,RNA
V2,84.6865,0
V3,-326.716,-128.056
V4,2,0
V5,0,0
V6,105250,105250
V7,5690.4,3537
V18,10,0
V19,3.63306,0
V20,-1.01,0
V21,3051.39,3051.39
V22,46.2,0
V23,424319,424319
pKd,8.37619,7.42565
