DNA,RNA
V2,0,0
V3,-116.352,-192.544
V4,0,0
V5,0,0
V6,0,0
V7,0,0
V18,0,0
V19,0,0
V20,0,0
V21,1363.4,1363.4
V22,0,0
V23,284745,284745
pKd,6.38404,6.41752
