DNA,RNA
V2,103.516,147.501
V3,-716.995,3888.94
V4,0.5,9.5
V5,0,0
V6,113930,113930
V7,5690.4,3537
V18,20,183
V19,8.10972,83.9666
V20,0.26,-1.07
V21,3859.51,3859.51
V22,59.5,1299.4
V23,443739,443739
pKd,8.60943,30.0207
