DNA,RNA
V2,0,0
V3,-261.281,-153.631
V4,0,0
V5,0,0
V6,0,0
V7,0,0
V18,0,0
V19,0,0
V20,0,0
V21,64.47,64.47
V22,0,0
V23,9540.4,9540.4
pKd,6.44772,6.40042
