DNA,RNA
V2,0,0
V3,-244.191,-136.367
V4,0,0
V5,0,0
V6,0,0
V7,0,0
V18,0,0
V19,0,0
V20,0,0
V21,278,278
V22,0,0
V23,40558.8,40558.8
pKd,6.44021,6.39283
