DNA,RNA
V2,39.1791,0
V3,-918.708,-372.375
V4,0.5,0
V5,1,0
V6,121049,121049
V7,5690.4,3537
V18,9,0
V19,2.92474,0
V20,0.92,0
V21,3645.97,3645.97
V22,131.3,0
V23,370032,370032
pKd,7.54459,7.10671
