DNA,RNA
V2,3547.23,198.591
V3,19199.1,-1102.04
V4,73.5,2
V5,41,3
V6,0,0
V7,0,0
V18,1047,30
V19,432.059,10.3291
V20,10.58,2.96
V21,223.39,223.39
V22,1180,325.9
V23,33464.6,33464.6
pKd,9.97215,6.64095
