DNA,RNA
V2,0,0
V3,-273.836,-112.783
V4,0,0
V5,0,0
V6,0,0
V7,0,0
V18,0,0
V19,0,0
V20,0,0
V21,283.37,283.37
V22,0,0
V23,39918.1,39918.1
pKd,6.45324,6.38247
