DNA,RNA
V2,105.946,39.9793
V3,-878.21,-827.046
V4,4,3.5
V5,2,1
V6,22853.6,22853.6
V7,5690.4,3537
V18,27,5
V19,9.80324,1.50517
V20,-1.26,-0.64
V21,159.14,159.14
V22,220.8,55.8
V23,17746.3,17746.3
pKd,7.08594,6.48047
