DNA,RNA
V2,2691.16,1775.81
V3,-3575.94,4591.49
V4,8.5,6
V5,0,2
V6,0,0
V7,0,0
V18,305,459
V19,96.5775,173.187
V20,-8.39,-7.94
V21,1664.95,1664.95
V22,1199.7,1792.9
V23,425098,425098
pKd,-8.28176,2.00933
