DNA,RNA
V2,0,0
V3,-532.619,-102.777
V4,0,0
V5,0,0
V6,161278,161278
V7,5690.4,3537
V18,0,0
V19,0,0
V20,0,0
V21,5472.89,5472.89
V22,0,0
V23,738963,738963
pKd,8.66508,8.04573
