DNA,RNA
V2,4.69808,567.691
V3,-682.376,2405.86
V4,0,6.5
V5,0,6
V6,62617.2,62617.2
V7,5690.4,3537
V18,3,150
V19,0.912367,64.9615
V20,0.13,0.99
V21,298.08,298.08
V22,59.3,356.3
V23,46079.7,46079.7
pKd,7.12626,17.8535
