DNA,RNA
V2,0,0
V3,-273.381,-112.656
V4,0,0
V5,0,0
V6,0,0
V7,0,0
V18,0,0
V19,0,0
V20,0,0
V21,283.85,283.85
V22,0,0
V23,39912.7,39912.7
pKd,6.45304,6.38242
