DNA,RNA
V2,0,0
V3,-176.759,-99.7604
V4,0,0
V5,0,0
V6,0,0
V7,0,0
V18,0,0
V19,0,0
V20,0,0
V21,66.69,66.69
V22,0,0
V23,14777.6,14777.6
pKd,6.41058,6.37675
