DNA,RNA
V2,0,1990.31
V3,-972.149,12790.7
V4,0,31.5
V5,0,19
V6,42311.4,42311.4
V7,5690.4,3537
V18,4,620
V19,1.67457,266.853
V20,0,6.55
V21,222.39,222.39
V22,0,871.5
V23,30812.7,30812.7
pKd,7.03035,35.4064
