DNA,RNA
V2,2.96666,1107.07
V3,-859.626,7548.21
V4,0,14
V5,0,17
V6,0,0
V7,0,0
V18,5,384
V19,1.67209,163.767
V20,0,-0.4
V21,207.31,207.31
V22,0,454.7
V23,36230.1,36230.1
pKd,6.60604,16.7384
