DNA,RNA
V2,0,0
V3,-245.681,-58.9022
V4,0,0
V5,0,0
V6,132206,132206
V7,5690.4,3537
V18,0,0
V19,0,0
V20,0,0
V21,5519.01,5519.01
V22,0,0
V23,722514,722514
pKd,8.91024,7.83999
