DNA,RNA
V2,35.9035,361.248
V3,-310.07,1713.77
V4,0,0
V5,0,1
V6,34913.3,34913.3
V7,5690.4,3537
V18,0,73
V19,0,30.1947
V20,0,0.31
V21,178.83,178.83
V22,0,58.2
V23,24778,24778
pKd,6.98585,9.75684
