DNA,RNA
V2,2.24318,0
V3,-315.993,-139.831
V4,0,0
V5,0,0
V6,13561.6,13561.6
V7,5690.4,3537
V18,0,0
V19,0,0
V20,0,0
V21,52.71,52.71
V22,0,0
V23,7315.5,7315.5
pKd,6.67423,6.52361
