DNA,RNA
V2,4235.97,1082.91
V3,15809.2,4339.22
V4,47.5,18
V5,6,3
V6,0,0
V7,0,0
V18,1138,351
V19,458.969,136.183
V20,4.84,-4.76
V21,2362.06,2362.06
V22,3828.1,982.4
V23,409051,409051
pKd,-0.644068,8.02317
