DNA,RNA
V2,125.978,228.923
V3,-541.336,217.78
V4,0,6.5
V5,0,6
V6,18638.3,18638.3
V7,5690.4,3537
V18,26,74
V19,8.95257,27.933
V20,0,2.11
V21,114.51,114.51
V22,0,355.1
V23,11772.2,11772.2
pKd,6.28123,8.45801
