DNA,RNA
V2,2.48535,2.48054
V3,-1550.53,-545.238
V4,1,0
V5,1,0
V6,71401.2,71401.2
V7,5690.4,3537
V18,3,1
V19,0.87836,0.284756
V20,-1.01,0
V21,3693.6,3693.6
V22,46.2,0
V23,420729,420729
pKd,6.47218,6.63304
