DNA,RNA
V2,797.406,124.657
V3,2380.46,-709.67
V4,2.5,2.5
V5,3,0
V6,50526.5,50526.5
V7,5690.4,3537
V18,165,19
V19,70.0331,6.18924
V20,4.36,0
V21,443.32,443.32
V22,149.8,0
V23,46231.9,46231.9
pKd,16.2876,6.05579
