DNA,RNA
V2,28906.3,4.89093
V3,158340,-1486.8
V4,45,0
V5,12,0
V6,140366,140366
V7,5690.4,3537
V18,7882,0
V19,3334.41,0
V20,151.15,0
V21,5830.84,5830.84
V22,16094.7,0
V23,592771,592771
pKd,-404.476,4.62802
