DNA,RNA
V2,0,0
V3,-245.675,-58.9008
V4,0,0
V5,0,0
V6,132218,132218
V7,5690.4,3537
V18,0,0
V19,0,0
V20,0,0
V21,5504.7,5504.7
V22,0,0
V23,722448,722448
pKd,8.91048,7.84013
