DNA,RNA
V2,366.276,127.918
V3,1618.19,-241.844
V4,10.5,5.5
V5,2,0
V6,0,0
V7,0,0
V18,94,30
V19,42.0208,11.424
V20,-0.64,-0.64
V21,62.34,62.34
V22,55.8,55.8
V23,8373.2,8373.2
pKd,9.82856,6.50252
