DNA,RNA
V2,8218.37,557.867
V3,48771.1,3.39114
V4,111.5,6
V5,86,4
V6,0,0
V7,0,0
V18,2431,146
V19,1023.86,54.1788
V20,12.16,-4.17
V21,181.02,181.02
V22,2416.1,512.2
V23,24393.9,24393.9
pKd,-67.2685,6.50654
