DNA,RNA
V2,520.499,79.9975
V3,800.573,-702.548
V4,9.5,4.5
V5,3,0
V6,0,0
V7,0,0
V18,119,9
V19,50.0504,3.7364
V20,-0.24,-1.01
V21,166.62,166.62
V22,570.5,46.2
V23,27813.7,27813.7
pKd,9.28944,6.70953
