DNA,RNA
V2,84.6865,0
V3,-326.682,-128.043
V4,2,0
V5,0,0
V6,105338,105338
V7,5690.4,3537
V18,10,0
V19,3.63306,0
V20,-1.01,0
V21,3011.24,3011.24
V22,46.2,0
V23,424017,424017
pKd,8.378,7.42654
