DNA,RNA
V2,546.475,99.0588
V3,4507.67,-772.707
V4,18.5,1.5
V5,8,2
V6,0,0
V7,0,0
V18,219,8
V19,101.788,2.90144
V20,0.53,-0.64
V21,194.72,194.72
V22,519.3,135.1
V23,22641.9,22641.9
pKd,15.6191,6.88694
