DNA,RNA
V2,0,0
V3,-245.681,-58.905
V4,0,0
V5,0,0
V6,132203,132203
V7,5690.4,3537
V18,0,0
V19,0,0
V20,0,0
V21,5516.31,5516.31
V22,0,0
V23,722380,722380
pKd,8.91019,7.83995
