DNA,RNA
V2,620.56,27.4783
V3,1191.27,-623.519
V4,6.5,0
V5,3,0
V6,20580.8,20580.8
V7,5690.4,3537
V18,148,0
V19,58.2049,0
V20,0.9,0
V21,206.56,206.56
V22,252.5,0
V23,17573.4,17573.4
pKd,9.76639,6.51268
