DNA,RNA
V2,618.936,94.0296
V3,4100.89,-79.2654
V4,16.5,5.5
V5,12,3
V6,0,0
V7,0,0
V18,225,19
V19,94.1413,7.57889
V20,2.27,-1.01
V21,99.78,99.78
V22,347.4,46.2
V23,14509.3,14509.3
pKd,12.682,7.26045
