DNA,RNA
V2,42.8496,2848.04
V3,-1564.11,13207.9
V4,6,26
V5,2,22
V6,0,0
V7,0,0
V18,15,760
V19,4.70258,308.209
V20,0.13,6.04
V21,1553.63,1553.63
V22,59.3,832.5
V23,375791,375791
pKd,6.71731,10.5232
