DNA,RNA
V2,31.6356,81.8423
V3,-308.42,-327.391
V4,0.5,5
V5,1,2
V6,0,0
V7,0,0
V18,23,14
V19,9.7398,4.65196
V20,0.9,0.13
V21,84.82,84.82
V22,111.2,138.6
V23,9243.7,9243.7
pKd,7.52737,6.49447
