DNA,RNA
V2,4795.41,4392.12
V3,26884,27888
V4,63.5,53
V5,40,47
V6,0,0
V7,0,0
V18,1374,1434
V19,588.601,599.106
V20,7.59,23.22
V21,267.71,267.71
V22,1784,2305.2
V23,34169.1,34169.1
pKd,-5.86382,3.98201
