DNA,RNA
V2,362.809,127.918
V3,1612.95,-239.652
V4,10.5,5.5
V5,2,0
V6,0,0
V7,0,0
V18,93,30
V19,41.6387,11.424
V20,-0.64,-0.64
V21,59.57,59.57
V22,55.8,55.8
V23,8392.2,8392.2
pKd,9.82841,6.50192
