DNA,RNA
V2,3554.88,4.64994
V3,21330.5,-427.009
V4,70.5,0
V5,41,0
V6,0,0
V7,0,0
V18,1138,1
V19,481.037,0.293765
V20,6.63,0
V21,93.32,93.32
V22,1758.6,0
V23,15375.2,15375.2
pKd,4.26184,6.46384
