DNA,RNA
V2,84.6865,0
V3,-326.546,-128.024
V4,2,0
V5,0,0
V6,105301,105301
V7,5690.4,3537
V18,10,0
V19,3.63306,0
V20,-1.01,0
V21,3031.75,3031.75
V22,46.2,0
V23,423899,423899
pKd,8.37751,7.42621
