DNA,RNA
V2,5045.82,3556.31
V3,23811.6,18399.7
V4,55,37.5
V5,44,35
V6,0,0
V7,0,0
V18,1412,1074
V19,578.673,440.814
V20,21.06,13.66
V21,187.06,187.06
V22,2045.8,1477.1
V23,26613.2,26613.2
pKd,-2.04721,9.51963
