DNA,RNA
V2,0,0
V3,-245.681,-58.9037
V4,0,0
V5,0,0
V6,132205,132205
V7,5690.4,3537
V18,0,0
V19,0,0
V20,0,0
V21,5525.89,5525.89
V22,0,0
V23,722378,722378
pKd,8.91023,7.83998
