DNA,RNA
V2,42.8496,2842.6
V3,-1563.84,13156.9
V4,6,26
V5,2,22
V6,0,0
V7,0,0
V18,15,757
V19,4.70258,307.171
V20,0.13,6.04
V21,1542.98,1542.98
V22,59.3,832.5
V23,375783,375783
pKd,6.71724,10.5786
