DNA,RNA
V2,181.832,43.9347
V3,-577.543,-417.629
V4,4.5,0
V5,1,0
V6,19804.3,19804.3
V7,5690.4,3537
V18,20,4
V19,6.56356,1.1957
V20,-0.99,0
V21,129.72,129.72
V22,47.8,0
V23,15493.4,15493.4
pKd,6.31239,6.33301
