DNA,RNA
V2,139.87,0
V3,-246.478,-141.659
V4,2.5,0
V5,2,0
V6,20325,20325
V7,5690.4,3537
V18,16,0
V19,6.08205,0
V20,-1.01,0
V21,71.34,71.34
V22,46.2,0
V23,10370,10370
pKd,7.24355,6.58864
