DNA,RNA
V2,31.017,0
V3,-259.108,-135.749
V4,0,0
V5,0,0
V6,14668.2,14668.2
V7,5690.4,3537
V18,0,0
V19,0,0
V20,0,0
V21,93.68,93.68
V22,0,0
V23,9229.7,9229.7
pKd,6.63859,6.53401
