DNA,RNA
V2,4455.68,4959.94
V3,26692.2,29807.2
V4,64,63
V5,36,52
V6,0,0
V7,0,0
V18,1326,1521
V19,565.96,635.998
V20,12.63,6.86
V21,251.48,251.48
V22,1807.2,1972.5
V23,38526,38526
pKd,-1.42822,-1.78087
