DNA,RNA
V2,1394.89,8.72125
V3,5928.6,-656.338
V4,24,0
V5,0,0
V6,103268,103268
V7,5690.4,3537
V18,397,0
V19,161.046,0
V20,1.97,0
V21,868.35,868.35
V22,603.3,0
V23,123112,123112
pKd,35.3918,6.53967
