DNA,RNA
V2,0,0
V3,-203.779,-148.398
V4,0,0
V5,0,0
V6,0,0
V7,0,0
V18,0,0
V19,0,0
V20,0,0
V21,4037.9,4037.9
V22,0,0
V23,555557,555557
pKd,6.42246,6.39812
