DNA,RNA
V2,2669.95,1368.79
V3,8039.13,5018.99
V4,39.5,14
V5,17,10
V6,0,0
V7,0,0
V18,551,409
V19,221.222,162.102
V20,8.44,1.92
V21,96.31,96.31
V22,993.3,738.9
V23,34686.1,34686.1
pKd,9.86338,9.82031
