DNA,RNA
V2,0,1990.31
V3,-971.125,12791.2
V4,0,31.5
V5,0,19
V6,42343,42343
V7,5690.4,3537
V18,4,620
V19,1.67457,266.853
V20,0,6.55
V21,224.73,224.73
V22,0,871.5
V23,30802,30802
pKd,7.03108,35.4202
