DNA,RNA
V2,142.339,91.0217
V3,-607.832,-569.414
V4,3.5,0
V5,2,0
V6,0,0
V7,0,0
V18,41,7
V19,16.1619,2.15803
V20,-2.93,0
V21,125.02,125.02
V22,213.6,0
V23,29410.8,29410.8
pKd,7.46992,6.12623
