DNA,RNA
V2,2.94417,1770.49
V3,-375.1,12662.1
V4,0,25
V5,1,27
V6,0,0
V7,0,0
V18,6,647
V19,2.91236,269.748
V20,-0.77,3.56
V21,255.58,255.58
V22,61,794
V23,51148.2,51148.2
pKd,7.20504,17.7544
