DNA,RNA
V2,106.936,3.83858
V3,-193.931,-335.483
V4,3,0
V5,2,0
V6,25597.3,25597.3
V7,5690.4,3537
V18,21,2
V19,8.71155,0.624224
V20,1.35,0.31
V21,111.39,111.39
V22,186.1,58.2
V23,14680.1,14680.1
pKd,7.97195,6.54791
