DNA,RNA
V2,0,0
V3,-245.646,-58.8958
V4,0,0
V5,0,0
V6,132240,132240
V7,5690.4,3537
V18,0,0
V19,0,0
V20,0,0
V21,5517.05,5517.05
V22,0,0
V23,722386,722386
pKd,8.91096,7.84039
