DNA,RNA
V2,0,0
V3,-245.688,-58.9057
V4,0,0
V5,0,0
V6,132217,132217
V7,5690.4,3537
V18,0,0
V19,0,0
V20,0,0
V21,5519.04,5519.04
V22,0,0
V23,722366,722366
pKd,8.91044,7.84011
