DNA,RNA
V2,150.197,587.66
V3,-738.958,28.6137
V4,7,9.5
V5,1,5
V6,28935.1,28935.1
V7,5690.4,3537
V18,34,92
V19,11.949,34.5379
V20,-2.36,0.85
V21,94.58,94.58
V22,254.1,233.2
V23,20606.7,20606.7
pKd,6.74323,8.01153
