DNA,RNA
V2,4.69808,567.691
V3,-682.223,2405.95
V4,0,6.5
V5,0,6
V6,62593.1,62593.1
V7,5690.4,3537
V18,3,150
V19,0.912367,64.9615
V20,0.13,0.99
V21,296.93,296.93
V22,59.3,356.3
V23,46081,46081
pKd,7.12612,17.8512
