DNA,RNA
V2,0,0
V3,-245.678,-58.902
V4,0,0
V5,0,0
V6,132185,132185
V7,5690.4,3537
V18,0,0
V19,0,0
V20,0,0
V21,5524.35,5524.35
V22,0,0
V23,722323,722323
pKd,8.90986,7.83976
