DNA,RNA
V2,108.839,0
V3,-683.911,-323.847
V4,2.5,0
V5,0,0
V6,16187.5,16187.5
V7,5690.4,3537
V18,12,0
V19,4.54798,0
V20,-2.42,0
V21,97.41,97.41
V22,163,0
V23,14209.7,14209.7
pKd,6.65287,6.55513
