DNA,RNA
V2,268.015,499.417
V3,51.466,-198.568
V4,8.5,11.5
V5,4,9
V6,0,0
V7,0,0
V18,88,103
V19,33.7322,39.854
V20,-3.37,-1.8
V21,306.79,306.79
V22,294.1,388.9
V23,56757.5,56757.5
pKd,7.63712,8.50388
