DNA,RNA
V2,0,0
V3,-176.722,-99.7264
V4,0,0
V5,0,0
V6,0,0
V7,0,0
V18,0,0
V19,0,0
V20,0,0
V21,64.32,64.32
V22,0,0
V23,14804.9,14804.9
pKd,6.41057,6.37673
