DNA,RNA
V2,3375.65,4064.76
V3,15277.8,27119.6
V4,42,62.5
V5,23,46
V6,0,0
V7,0,0
V18,888,1324
V19,369.174,564.498
V20,5.11,5.6
V21,253.98,253.98
V22,1406.4,1480.4
V23,35094.7,35094.7
pKd,8.95616,3.13705
