DNA,RNA
V2,0,124.205
V3,-603.238,-417.37
V4,0,0.5
V5,0,1
V6,39334.3,39334.3
V7,5690.4,3537
V18,0,25
V19,0,9.15743
V20,0,-0.64
V21,349.58,349.58
V22,0,55.8
V23,38553.4,38553.4
pKd,6.99636,6.91949
