DNA,RNA
V2,499.554,133.952
V3,368.39,-545.829
V4,7.5,1
V5,6,0
V6,0,0
V7,0,0
V18,102,9
V19,40.2272,2.89053
V20,-0.15,0
V21,123.18,123.18
V22,398.8,0
V23,15567.7,15567.7
pKd,8.22174,6.0318
