DNA,RNA
V2,1091.97,64.0159
V3,1659.99,-630.226
V4,34,0
V5,13,0
V6,0,0
V7,0,0
V18,270,1
V19,100.612,0.297164
V20,-5.55,0
V21,128.02,128.02
V22,728.8,0
V23,16956.2,16956.2
pKd,8.95248,6.42808
