DNA,RNA
V2,9371.1,46.7502
V3,48479.5,-636.497
V4,62.5,0
V5,1,0
V6,148010,148010
V7,5690.4,3537
V18,2442,7
V19,1038.85,2.17748
V20,28.67,2.21
V21,5448.57,5448.57
V22,5343.6,124.2
V23,661803,661803
pKd,161.404,6.52698
