DNA,RNA
V2,31.017,0
V3,-257.781,-134.502
V4,0,0
V5,0,0
V6,14560.5,14560.5
V7,5690.4,3537
V18,0,0
V19,0,0
V20,0,0
V21,89.69,89.69
V22,0,0
V23,9283.1,9283.1
pKd,6.63659,6.53288
