DNA,RNA
V2,31.017,0
V3,-259.378,-135.892
V4,0,0
V5,0,0
V6,14628.3,14628.3
V7,5690.4,3537
V18,0,0
V19,0,0
V20,0,0
V21,91.9,91.9
V22,0,0
V23,9248.7,9248.7
pKd,6.63785,6.53363
