DNA,RNA
V2,349.836,0
V3,-3580.29,-288.694
V4,0,0
V5,0,0
V6,106234,106234
V7,5690.4,3537
V18,5,0
V19,1.46416,0
V20,0,0
V21,3575.03,3575.03
V22,0,0
V23,413849,413849
pKd,1.89719,7.16819
