DNA,RNA
V2,262.341,6.69705
V3,58.0629,-505.117
V4,7.5,0
V5,3,1
V6,0,0
V7,0,0
V18,74,1
V19,26.639,0.303876
V20,0.92,-1.01
V21,155.54,155.54
V22,250.8,46.2
V23,24900.3,24900.3
pKd,6.36744,6.72818
