DNA,RNA
V2,2911.16,4088.34
V3,13035.7,22042.6
V4,51.5,41.5
V5,25,44
V6,0,0
V7,0,0
V18,898,1104
V19,367.428,471.015
V20,11.13,18.49
V21,297.21,297.21
V22,1360.5,1845.9
V23,32546.9,32546.9
pKd,9.09711,8.80303
