DNA,RNA
V2,794.926,39.0652
V3,814.305,-865.598
V4,24.5,1
V5,10,1
V6,24106.3,24106.3
V7,5690.4,3537
V18,215,13
V19,87.4803,4.58548
V20,1.15,-1.45
V21,174.42,174.42
V22,557.2,188.5
V23,22353.3,22353.3
pKd,12.5541,6.65917
