DNA,RNA
V2,4519.67,5761.32
V3,22345.3,29170.6
V4,48,49.5
V5,42,57
V6,0,0
V7,0,0
V18,1147,1589
V19,481.033,663.382
V20,7.68,27.4
V21,250.09,250.09
V22,1368.3,2113.4
V23,40956.2,40956.2
pKd,5.16305,-8.63613
