DNA,RNA
V2,69.2459,0
V3,94.2033,-167.789
V4,0.5,0
V5,1,0
V6,0,0
V7,0,0
V18,27,0
V19,9.90759,0
V20,0.81,0
V21,34.45,34.45
V22,94.1,0
V23,4548.4,4548.4
pKd,6.42413,6.40664
