DNA,RNA
V2,0,1990.31
V3,-972.013,12791
V4,0,31.5
V5,0,19
V6,42350,42350
V7,5690.4,3537
V18,4,620
V19,1.67457,266.853
V20,0,6.55
V21,221.9,221.9
V22,0,871.5
V23,30816.4,30816.4
pKd,7.03066,35.4228
