DNA,RNA
V2,0,0
V3,-347.412,-164.955
V4,0,0
V5,0,0
V6,0,0
V7,0,0
V18,3,0
V19,1.37018,0
V20,0,0
V21,164.17,164.17
V22,0,0
V23,28627,28627
pKd,6.67126,6.4054
