DNA,RNA
V2,31.017,0
V3,-259.068,-135.736
V4,0,0
V5,0,0
V6,14634.4,14634.4
V7,5690.4,3537
V18,0,0
V19,0,0
V20,0,0
V21,91.94,91.94
V22,0,0
V23,9256.3,9256.3
pKd,6.63796,6.53368
