DNA,RNA
V2,0,0
V3,-314.255,-140.434
V4,0,0
V5,0,0
V6,13533.6,13533.6
V7,5690.4,3537
V18,0,0
V19,0,0
V20,0,0
V21,54.83,54.83
V22,0,0
V23,7322.3,7322.3
pKd,6.67798,6.52339
