DNA,RNA
V2,5242.18,53.861
V3,29855.3,-486.536
V4,76,0
V5,49,0
V6,72901.6,72901.6
V7,5690.4,3537
V18,1531,5
V19,646.992,1.58805
V20,3.65,-0.99
V21,132.59,132.59
V22,1645.8,47.8
V23,37509.3,37509.3
pKd,67.3443,6.56717
