DNA,RNA
V2,0,0
V3,-711.354,-319.741
V4,0,0
V5,0,0
V6,0,0
V7,0,0
V18,1,0
V19,0.289504,0
V20,0,0
V21,-9.13,-9.13
V22,0,0
V23,41111.6,41111.6
pKd,6.59591,6.47341
