DNA,RNA
V2,0,99.5494
V3,-437.774,-511.402
V4,0,0
V5,0,0
V6,42858.4,42858.4
V7,5690.4,3537
V18,0,2
V19,0,0.573036
V20,0,0
V21,277.29,277.29
V22,0,0
V23,35474.7,35474.7
pKd,7.12663,6.35093
