DNA,RNA
V2,3397.7,475.67
V3,14721.8,67.9204
V4,59,14.5
V5,32,2
V6,0,0
V7,0,0
V18,794,75
V19,338.594,27.4943
V20,5.06,2.25
V21,129.83,129.83
V22,912.6,249.9
V23,18006,18006
pKd,7.87514,6.23905
