DNA,RNA
V2,1.10098,0
V3,-257.898,-142.901
V4,0,0
V5,0,0
V6,0,0
V7,0,0
V18,0,0
V19,0,0
V20,0,0
V21,55.7,55.7
V22,0,0
V23,7558.1,7558.1
pKd,6.44388,6.39571
