DNA,RNA
V2,3458.56,414.225
V3,18621.2,158.227
V4,55,6
V5,27,7
V6,0,0
V7,0,0
V18,1060,112
V19,439.633,45.4767
V20,6.77,-0.68
V21,203.97,203.97
V22,1883.4,487.6
V23,30357,30357
pKd,8.06549,9.59164
