DNA,RNA
V2,4610.85,3691.17
V3,24461,20396.3
V4,60,45
V5,52,34
V6,0,0
V7,0,0
V18,1376,1189
V19,568.666,484.183
V20,8.97,10.15
V21,295.69,295.69
V22,1713.8,1818
V23,43134.4,43134.4
pKd,1.81711,8.42727
