DNA,RNA
V2,125.978,228.923
V3,-541.617,217.78
V4,0,6.5
V5,0,6
V6,18563.5,18563.5
V7,5690.4,3537
V18,26,74
V19,8.95257,27.933
V20,0,2.11
V21,115.09,115.09
V22,0,355.1
V23,11779.6,11779.6
pKd,6.27972,8.45536
