DNA,RNA
V2,567.135,6.96849
V3,1600.89,-306.62
V4,13,0
V5,7,0
V6,13708.2,13708.2
V7,5690.4,3537
V18,157,2
V19,65.5436,0.651336
V20,1.47,-0.04
V21,100.99,100.99
V22,309.3,71.7
V23,12081.1,12081.1
pKd,12.1791,6.48063
