DNA,RNA
V2,432.493,90.2142
V3,-441.395,-587.517
V4,8,4
V5,4,0
V6,18099,18099
V7,5690.4,3537
V18,91,11
V19,34.0065,3.50719
V20,-2.61,0
V21,112.04,112.04
V22,349.4,0
V23,12230.3,12230.3
pKd,7.69657,6.12464
