DNA,RNA
V2,1394.89,8.72125
V3,5929.04,-656.286
V4,24,0
V5,0,0
V6,103270,103270
V7,5690.4,3537
V18,397,0
V19,161.046,0
V20,1.97,0
V21,868.91,868.91
V22,603.3,0
V23,123106,123106
pKd,35.3933,6.53975
