DNA,RNA
V2,5242.18,53.861
V3,29855.1,-486.606
V4,76,0
V5,49,0
V6,72870.8,72870.8
V7,5690.4,3537
V18,1531,5
V19,646.992,1.58805
V20,3.65,-0.99
V21,132.6,132.6
V22,1645.8,47.8
V23,37515.2,37515.2
pKd,67.3135,6.56696
