DNA,RNA
V2,471.25,12.681
V3,207.113,-551.307
V4,8,0.5
V5,4,0
V6,54589.1,54589.1
V7,5690.4,3537
V18,94,2
V19,34.1789,0.725004
V20,-2.06,0
V21,302.63,302.63
V22,164.1,0
V23,38691,38691
pKd,9.22361,6.63221
