DNA,RNA
V2,0,188.531
V3,-203.869,-193.676
V4,0,1
V5,0,0
V6,40996.1,40996.1
V7,5690.4,3537
V18,0,18
V19,0,6.69861
V20,0,0.26
V21,256.47,256.47
V22,0,59.5
V23,35488.5,35488.5
pKd,7.21404,6.6735
