DNA,RNA
V2,0,0
V3,-116.18,-191.799
V4,0,0
V5,0,0
V6,0,0
V7,0,0
V18,0,0
V19,0,0
V20,0,0
V21,1365.92,1365.92
V22,0,0
V23,284764,284764
pKd,6.38396,6.41719
