DNA,RNA
V2,0,1990.31
V3,-972.152,12790.7
V4,0,31.5
V5,0,19
V6,42327.4,42327.4
V7,5690.4,3537
V18,4,620
V19,1.67457,266.853
V20,0,6.55
V21,223.66,223.66
V22,0,871.5
V23,30824,30824
pKd,7.03045,35.413
