DNA,RNA
V2,531.74,4363.29
V3,-321.805,22202.7
V4,10.5,38
V5,1,41
V6,0,0
V7,0,0
V18,81,1225
V19,31.0132,513.564
V20,-2.64,24.49
V21,291.25,291.25
V22,149.8,1673.6
V23,40936.8,40936.8
pKd,6.47154,5.31716
