DNA,RNA
V2,0,0
V3,-273.844,-112.863
V4,0,0
V5,0,0
V6,0,0
V7,0,0
V18,0,0
V19,0,0
V20,0,0
V21,282.63,282.63
V22,0,0
V23,39893.4,39893.4
pKd,6.45324,6.38251
