DNA,RNA
V2,1133.04,226.314
V3,3623.55,-530.194
V4,32,0.5
V5,15,1
V6,21515.5,21515.5
V7,5690.4,3537
V18,280,22
V19,112.196,7.61332
V20,-0.65,2.51
V21,119.23,119.23
V22,649.1,107.6
V23,16140.8,16140.8
pKd,15.4803,6.19349
