DNA,RNA
V2,2986.05,24.1246
V3,12583.8,-584.638
V4,32,0
V5,29,0
V6,34196.4,34196.4
V7,5690.4,3537
V18,751,7
V19,311.921,2.58164
V20,7.53,-1.21
V21,274.6,274.6
V22,898.9,107.7
V23,27272.4,27272.4
pKd,30.2465,6.62212
