DNA,RNA
V2,0,0
V3,-245.506,-58.8738
V4,0,0
V5,0,0
V6,132104,132104
V7,5690.4,3537
V18,0,0
V19,0,0
V20,0,0
V21,5519.54,5519.54
V22,0,0
V23,722367,722367
pKd,8.90871,7.83892
