DNA,RNA
V2,546.475,99.0588
V3,4507.74,-772.678
V4,18.5,1.5
V5,8,2
V6,0,0
V7,0,0
V18,219,8
V19,101.788,2.90144
V20,0.53,-0.64
V21,195.86,195.86
V22,519.3,135.1
V23,22655,22655
pKd,15.6191,6.88693
