DNA,RNA
V2,171.521,0
V3,-186.313,-140.998
V4,3,0
V5,0,0
V6,17972.8,17972.8
V7,5690.4,3537
V18,21,0
V19,7.04916,0
V20,0,0
V21,65.54,65.54
V22,0,0
V23,11785.6,11785.6
pKd,6.19626,6.56608
