DNA,RNA
V2,409.454,6.81044
V3,1376.16,-305.26
V4,9,0
V5,2,0
V6,0,0
V7,0,0
V18,138,10
V19,54.1122,3.83051
V20,-1.48,-1.37
V21,53.31,53.31
V22,536.3,127
V23,8990.1,8990.1
pKd,7.76783,6.57996
