DNA,RNA
V2,84.6865,0
V3,-326.715,-128.054
V4,2,0
V5,0,0
V6,105437,105437
V7,5690.4,3537
V18,10,0
V19,3.63306,0
V20,-1.01,0
V21,3008.69,3008.69
V22,46.2,0
V23,423997,423997
pKd,8.37991,7.4275
