DNA,RNA
V2,130.386,1121.09
V3,-441.945,4305.64
V4,3,15
V5,1,9
V6,0,0
V7,0,0
V18,8,304
V19,3.55575,123.625
V20,-1.63,2.45
V21,303.29,303.29
V22,103.6,489.3
V23,43242,43242
pKd,6.87246,10.8519
