DNA,RNA
V2,2272.33,119.49
V3,13475.9,-336.267
V4,41,2.5
V5,26,1
V6,0,0
V7,0,0
V18,677,19
V19,294.007,7.70694
V20,0.93,0.25
V21,93,93
V22,876.9,217.3
V23,14008.9,14008.9
pKd,14.8214,6.94931
