DNA,RNA
V2,516.038,130.056
V3,574.855,-917.142
V4,8.5,0
V5,3,0
V6,36589.9,36589.9
V7,5690.4,3537
V18,119,12
V19,46.2222,5.30185
V20,-0.13,2.92
V21,253.95,253.95
V22,289,92.6
V23,29418.5,29418.5
pKd,9.99692,6.94052
