DNA,RNA
V2,85.3671,0
V3,-933.571,-396.334
V4,0,0
V5,0,0
V6,37935.7,37935.7
V7,5690.4,3537
V18,2,0
V19,0.712831,0
V20,0.26,0
V21,226.93,226.93
V22,59.5,0
V23,27814,27814
pKd,6.68093,6.66182
