DNA,RNA
V2,843.721,145.329
V3,4363.28,-447.198
V4,16,0
V5,8,0
V6,0,0
V7,0,0
V18,240,19
V19,104.795,6.32943
V20,0.91,0
V21,1952.79,1952.79
V22,492.2,0
V23,324001,324001
pKd,13.4052,5.81639
