DNA,RNA
V2,277.572,1127.42
V3,-1085.99,2873.11
V4,4,6
V5,0,5
V6,0,0
V7,0,0
V18,57,225
V19,23.1522,91.986
V20,-1.76,3.4
V21,642.7,642.7
V22,108.8,422.6
V23,194904,194904
pKd,7.56937,9.15696
