DNA,RNA
V2,3827.28,4695.63
V3,17980.2,31427
V4,63.5,60.5
V5,28,47
V6,0,0
V7,0,0
V18,1059,1442
V19,447.148,617.247
V20,2.96,7.95
V21,268.76,268.76
V22,1242.3,1634.3
V23,45491.2,45491.2
pKd,1.70592,-0.104374
