DNA,RNA
V2,73.3315,107.8
V3,-450.034,-310.804
V4,1,0.5
V5,0,0
V6,0,0
V7,0,0
V18,0,2
V19,0,0.711842
V20,0,0
V21,20.86,20.86
V22,0,0
V23,6080.6,6080.6
pKd,6.37324,6.23017
