DNA,RNA
V2,1001.78,0
V3,1811.09,-302.333
V4,20.5,0
V5,8,0
V6,0,0
V7,0,0
V18,222,0
V19,90.3442,0
V20,-1.91,0
V21,1366.96,1366.96
V22,477,0
V23,491419,491419
pKd,9.69593,6.46576
