DNA,RNA
V2,0,124.205
V3,-603.256,-417.383
V4,0,0.5
V5,0,1
V6,39335,39335
V7,5690.4,3537
V18,0,25
V19,0,9.15743
V20,0,-0.64
V21,349.92,349.92
V22,0,55.8
V23,38549.8,38549.8
pKd,6.99636,6.91949
