DNA,RNA
V2,0,0
V3,-532.654,-102.782
V4,0,0
V5,0,0
V6,161295,161295
V7,5690.4,3537
V18,0,0
V19,0,0
V20,0,0
V21,5468.21,5468.21
V22,0,0
V23,739043,739043
pKd,8.66521,8.04589
