DNA,RNA
V2,4730.9,4296.51
V3,26019.6,27621.2
V4,63.5,53
V5,40,47
V6,0,0
V7,0,0
V18,1344,1440
V19,573.026,599.402
V20,10.14,25.77
V21,269.49,269.49
V22,1793.2,2314.4
V23,34160,34160
pKd,-4.18809,4.73544
