DNA,RNA
V2,0,106.278
V3,-284.495,166.471
V4,0.5,4
V5,1,3
V6,73638,73638
V7,5690.4,3537
V18,10,36
V19,4.30166,13.9945
V20,1.66,-0.04
V21,213.53,213.53
V22,116.8,71.7
V23,42033.9,42033.9
pKd,8.61823,9.16088
