DNA,RNA
V2,0,0
V3,-203.729,-148.389
V4,0,0
V5,0,0
V6,0,0
V7,0,0
V18,0,0
V19,0,0
V20,0,0
V21,4042.23,4042.23
V22,0,0
V23,555618,555618
pKd,6.42243,6.39812
