DNA,RNA
V2,4096.78,5080.18
V3,25888.8,34334.1
V4,62,69
V5,44,57
V6,0,0
V7,0,0
V18,1230,1565
V19,529.659,666.576
V20,6.64,5.11
V21,107.56,107.56
V22,1540.7,1811.1
V23,16402.7,16402.7
pKd,2.81124,-4.09548
