DNA,RNA
V2,9.91282,454.016
V3,-470.422,1923.77
V4,0,4
V5,0,0
V6,32223.5,32223.5
V7,5690.4,3537
V18,0,93
V19,0,49.2518
V20,0,0
V21,177.44,177.44
V22,0,0
V23,23589.6,23589.6
pKd,6.93526,16.4982
