DNA,RNA
V2,931.9,89.5231
V3,2869,-427.324
V4,17.5,0
V5,11,1
V6,0,0
V7,0,0
V18,240,11
V19,92.8647,3.77428
V20,0.42,-0.81
V21,88.09,88.09
V22,531.7,132.7
V23,15189.6,15189.6
pKd,9.06073,6.39992
