DNA,RNA
V2,919.092,34.3714
V3,4453.56,-67.509
V4,13.5,0.5
V5,7,0
V6,0,0
V7,0,0
V18,221,10
V19,93.0665,4.32702
V20,1.8,-0.6
V21,72.04,72.04
V22,331.8,66
V23,10010,10010
pKd,11.1934,6.74503
