DNA,RNA
V2,2334.74,6.46621
V3,14722,-682.61
V4,40,0
V5,26,0
V6,0,0
V7,0,0
V18,742,1
V19,319.43,0.285596
V20,-0.84,0
V21,114.17,114.17
V22,935.2,0
V23,19778.1,19778.1
pKd,15.2081,6.56681
