DNA,RNA
V2,0,0
V3,-532.655,-102.785
V4,0,0
V5,0,0
V6,161284,161284
V7,5690.4,3537
V18,0,0
V19,0,0
V20,0,0
V21,5467.43,5467.43
V22,0,0
V23,739049,739049
pKd,8.66506,8.04577
