DNA,RNA
V2,42.8496,2842.6
V3,-1563.99,13156.9
V4,6,26
V5,2,22
V6,0,0
V7,0,0
V18,15,757
V19,4.70258,307.171
V20,0.13,6.04
V21,1538.67,1538.67
V22,59.3,832.5
V23,375881,375881
pKd,6.71728,10.5786
