DNA,RNA
V2,3950.62,77.7122
V3,23192.7,292.372
V4,67,9
V5,34,3
V6,0,0
V7,0,0
V18,1249,45
V19,514.668,17.2293
V20,6.03,-1.06
V21,8.86,8.86
V22,1133,158.6
V23,21636.1,21636.1
pKd,7.23729,7.31972
