DNA,RNA
V2,4610.85,3691.17
V3,24460.2,20395.8
V4,60,45
V5,52,34
V6,0,0
V7,0,0
V18,1376,1189
V19,568.666,484.183
V20,8.97,10.15
V21,293.7,293.7
V22,1713.8,1818
V23,43130.9,43130.9
pKd,1.81602,8.42682
