DNA,RNA
V2,606.352,332.69
V3,2564.74,920.664
V4,22.5,9
V5,7,1
V6,0,0
V7,0,0
V18,212,67
V19,83.4163,27.574
V20,-1.97,-1.3
V21,102.55,102.55
V22,571.1,170.4
V23,14387.1,14387.1
pKd,9.48706,7.51705
