DNA,RNA
V2,843.721,145.329
V3,4365.01,-447.259
V4,16,0
V5,8,0
V6,0,0
V7,0,0
V18,240,19
V19,104.795,6.32943
V20,0.91,0
V21,1952.47,1952.47
V22,492.2,0
V23,323983,323983
pKd,13.4053,5.81641
