DNA,RNA
V2,78.4384,1122.74
V3,-516.943,2967.63
V4,1.5,17.5
V5,0,8
V6,0,0
V7,0,0
V18,9,266
V19,2.89589,103.031
V20,1.8,1.86
V21,270.88,270.88
V22,46.3,740.3
V23,39506.5,39506.5
pKd,6.14359,8.2075
