DNA,RNA
V2,24.7067,104.482
V3,-357.211,463.434
V4,0,5
V5,0,2
V6,0,0
V7,0,0
V18,0,26
V19,0,12.2369
V20,0,-1.41
V21,51.11,51.11
V22,0,116.8
V23,8588.9,8588.9
pKd,6.43699,8.10139
