DNA,RNA
V2,0,0
V3,-203.766,-148.396
V4,0,0
V5,0,0
V6,0,0
V7,0,0
V18,0,0
V19,0,0
V20,0,0
V21,4037.58,4037.58
V22,0,0
V23,555557,555557
pKd,6.42245,6.39812
