DNA,RNA
V2,2726.38,150.054
V3,13569.1,-756.112
V4,51,2
V5,30,2
V6,0,0
V7,0,0
V18,752,14
V19,303.136,4.35043
V20,5.21,-1.27
V21,103.24,103.24
V22,996,177.8
V23,18103.6,18103.6
pKd,14.5567,6.30169
