DNA,RNA
V2,926.339,117.471
V3,5673.44,-868.441
V4,15.5,0
V5,9,0
V6,0,0
V7,0,0
V18,306,13
V19,134.844,4.39844
V20,-2.6,0
V21,156.71,156.71
V22,575.6,0
V23,30025.3,30025.3
pKd,15.6727,6.23476
