DNA,RNA
V2,2940.22,161.15
V3,12539.1,185.658
V4,38.5,10.5
V5,19,2
V6,0,0
V7,0,0
V18,816,58
V19,330.997,22.109
V20,13.04,-0.22
V21,129.11,129.11
V22,1334,139.2
V23,22187.7,22187.7
pKd,9.55579,7.06588
