DNA,RNA
V2,0,952.77
V3,-497.156,3039.68
V4,0,13
V5,0,10
V6,0,0
V7,0,0
V18,0,256
V19,0,98.3286
V20,0,4.82
V21,166.79,166.79
V22,0,471.9
V23,27153.2,27153.2
pKd,6.55137,8.33443
