DNA,RNA
V2,1308.12,71.6425
V3,6949.49,-858.851
V4,29.5,0
V5,11,0
V6,0,0
V7,0,0
V18,437,9
V19,181.883,2.88658
V20,7.01,0
V21,124.35,124.35
V22,1182,79.3
V23,19132.6,19132.6
pKd,13.0971,6.29529
