DNA,RNA
V2,109.895,1299.56
V3,-447.349,5261.42
V4,0,18.5
V5,0,21
V6,0,0
V7,0,0
V18,5,395
V19,1.46696,161.324
V20,-0.99,6.69
V21,116.09,116.09
V22,47.8,510.1
V23,15545.3,15545.3
pKd,6.05713,13.8509
