DNA,RNA
V2,797.406,124.657
V3,2380.63,-709.651
V4,2.5,2.5
V5,3,0
V6,50512,50512
V7,5690.4,3537
V18,165,19
V19,70.0331,6.18924
V20,4.36,0
V21,443.72,443.72
V22,149.8,0
V23,46238.6,46238.6
pKd,16.2861,6.05574
