DNA,RNA
V2,0,0
V3,-316.094,-141.619
V4,0,0
V5,0,0
V6,13592.2,13592.2
V7,5690.4,3537
V18,0,0
V19,0,0
V20,0,0
V21,54.6,54.6
V22,0,0
V23,7298.5,7298.5
pKd,6.67905,6.52405
