DNA,RNA
V2,649.155,15.425
V3,4078.4,-299.706
V4,24.5,0
V5,8,0
V6,0,0
V7,0,0
V18,232,3
V19,99.0912,1.31508
V20,-1.21,0
V21,67.44,67.44
V22,566.4,0
V23,9753.5,9753.5
pKd,12.2377,6.58028
