DNA,RNA
V2,0,0
V3,-532.605,-102.769
V4,0,0
V5,0,0
V6,161279,161279
V7,5690.4,3537
V18,0,0
V19,0,0
V20,0,0
V21,5469.03,5469.03
V22,0,0
V23,739059,739059
pKd,8.66513,8.04576
