DNA,RNA
V2,813.619,564.242
V3,2252.24,1348.55
V4,13,13
V5,7,11
V6,0,0
V7,0,0
V18,225,129
V19,86.1775,50.6913
V20,3.81,-2.3
V21,73.81,73.81
V22,338.2,280.4
V23,7933.7,7933.7
pKd,7.86074,9.24451
