DNA,RNA
V2,0,0
V3,-262.121,-153.957
V4,0,0
V5,0,0
V6,0,0
V7,0,0
V18,0,0
V19,0,0
V20,0,0
V21,67.23,67.23
V22,0,0
V23,9484.7,9484.7
pKd,6.44809,6.40056
