DNA,RNA
V2,143.812,90.8882
V3,-125.189,-363.898
V4,5.5,0.5
V5,5,2
V6,25137.8,25137.8
V7,5690.4,3537
V18,36,7
V19,12.7188,2.38105
V20,-1.65,-0.64
V21,180.31,180.31
V22,102,55.8
V23,18931.2,18931.2
pKd,7.79878,6.81142
