DNA,RNA
V2,0.222162,1084.86
V3,-346.552,7689.63
V4,0,21.5
V5,0,12
V6,0,0
V7,0,0
V18,5,404
V19,2.17177,162.149
V20,0,-2.2
V21,28.82,28.82
V22,0,388.4
V23,5673,5673
pKd,6.71963,12.4605
