DNA,RNA
V2,0,0
V3,-264.593,-154.4
V4,0,0
V5,0,0
V6,0,0
V7,0,0
V18,0,0
V19,0,0
V20,0,0
V21,65.43,65.43
V22,0,0
V23,9520.7,9520.7
pKd,6.44918,6.40076
