DNA,RNA
V2,3375.65,4151.77
V3,15267.2,26915.2
V4,42,62.5
V5,23,45
V6,0,0
V7,0,0
V18,888,1326
V19,369.174,564.38
V20,5.11,5.64
V21,255.77,255.77
V22,1406.4,1408.7
V23,35071.6,35071.6
pKd,8.94747,2.53473
