DNA,RNA
V2,18.3571,0
V3,-316.915,-89.2439
V4,0,0
V5,0,0
V6,0,0
V7,0,0
V18,0,0
V19,0,0
V20,0,0
V21,50,50
V22,0,0
V23,5147.5,5147.5
pKd,6.43287,6.37213
