DNA,RNA
V2,916.96,211.667
V3,6035.44,-241.579
V4,11.5,3
V5,3,0
V6,28644.2,28644.2
V7,5690.4,3537
V18,249,22
V19,106.755,8.53061
V20,2.93,2.25
V21,120.01,120.01
V22,254.9,52.5
V23,17133.7,17133.7
pKd,18.7715,6.73594
