DNA,RNA
V2,4110.17,5653.99
V3,19645.2,24123
V4,61,48.5
V5,10,49
V6,0,0
V7,0,0
V18,1123,1428
V19,470.747,583.693
V20,-0.12,18.58
V21,363.33,363.33
V22,1744.2,1903.2
V23,71205.8,71205.8
pKd,0.553011,-5.66187
