DNA,RNA
V2,0,0
V3,-314.16,-140.405
V4,0,0
V5,0,0
V6,13488.1,13488.1
V7,5690.4,3537
V18,0,0
V19,0,0
V20,0,0
V21,56.24,56.24
V22,0,0
V23,7318.4,7318.4
pKd,6.67718,6.52295
