DNA,RNA
V2,231.223,202.376
V3,443.784,421.746
V4,8,10
V5,2,4
V6,0,0
V7,0,0
V18,84,49
V19,33.8089,19.3972
V20,1.24,-2.65
V21,51.34,51.34
V22,383.1,238.6
V23,9143,9143
pKd,8.04001,7.64563
