DNA,RNA
V2,1026.73,684.239
V3,2784.71,1877.74
V4,26.5,13.5
V5,7,7
V6,0,0
V7,0,0
V18,316,178
V19,121.501,70.6871
V20,-2.11,0.12
V21,286.25,286.25
V22,762.7,419.8
V23,47657.1,47657.1
pKd,8.69333,9.03988
