DNA,RNA
V2,23.6778,320.476
V3,-415.991,-597.97
V4,1,3.5
V5,0,4
V6,0,0
V7,0,0
V18,3,31
V19,1.14025,10.2169
V20,-0.64,0.47
V21,111.69,111.69
V22,55.8,224.8
V23,18620.4,18620.4
pKd,6.4942,6.13828
