DNA,RNA
V2,3827.28,4695.63
V3,17980.3,31427
V4,63.5,60.5
V5,28,47
V6,0,0
V7,0,0
V18,1059,1442
V19,447.148,617.247
V20,2.96,7.95
V21,271.31,271.31
V22,1242.3,1634.3
V23,45500.4,45500.4
pKd,1.70607,-0.104374
