DNA,RNA
V2,76.5071,720.687
V3,-21.6567,5062
V4,7.5,12.5
V5,5,7
V6,16274.8,16274.8
V7,5690.4,3537
V18,22,230
V19,7.96499,96.6013
V20,0.53,-0.77
V21,65.27,65.27
V22,101.6,342.7
V23,9949.8,9949.8
pKd,7.81135,15.1283
