DNA,RNA
V2,618.936,94.0296
V3,4101.15,-75.8242
V4,16.5,5.5
V5,12,3
V6,0,0
V7,0,0
V18,225,19
V19,94.1413,7.57889
V20,2.27,-1.01
V21,100.68,100.68
V22,347.4,46.2
V23,14522.4,14522.4
pKd,12.682,7.25951
