DNA,RNA
V2,911.83,21.1969
V3,5010.22,-353.017
V4,14,0
V5,13,0
V6,19876.3,19876.3
V7,5690.4,3537
V18,304,8
V19,127.051,3.05096
V20,-2.97,0
V21,100.35,100.35
V22,595,0
V23,15985.2,15985.2
pKd,18.6562,6.66793
