DNA,RNA
V2,389.757,43.4179
V3,-531.491,-559.505
V4,4.5,0
V5,1,0
V6,0,0
V7,0,0
V18,53,4
V19,18.7117,1.20219
V20,-1.01,0
V21,57.84,57.84
V22,46.2,0
V23,18946.2,18946.2
pKd,5.60097,6.31626
