DNA,RNA
V2,1404.62,72.5719
V3,6052.31,-672.126
V4,41.5,0
V5,20,1
V6,55018,55018
V7,5690.4,3537
V18,450,8
V19,179.113,2.45938
V20,6.08,2.19
V21,230.75,230.75
V22,718.3,113
V23,37372.7,37372.7
pKd,28.0042,6.44405
