DNA,RNA
V2,280.05,753.994
V3,-138.785,2569.54
V4,6,6
V5,0,4
V6,0,0
V7,0,0
V18,33,164
V19,12.0197,68.1587
V20,0,1.23
V21,8.03,8.03
V22,0,244.8
V23,15530.4,15530.4
pKd,5.89869,9.44158
