DNA,RNA
V2,716.164,303.282
V3,2665.99,-302.7
V4,13.5,2
V5,4,1
V6,0,0
V7,0,0
V18,209,42
V19,82.5074,14.9369
V20,0.09,-0.26
V21,86.94,86.94
V22,491.8,131.6
V23,10215.5,10215.5
pKd,8.51179,5.80106
