DNA,RNA
V2,0,124.205
V3,-603.189,-417.398
V4,0,0.5
V5,0,1
V6,39305.7,39305.7
V7,5690.4,3537
V18,0,25
V19,0,9.15743
V20,0,-0.64
V21,350.15,350.15
V22,0,55.8
V23,38573.6,38573.6
pKd,6.99604,6.91917
