DNA,RNA
V2,1394.89,8.72125
V3,5928.99,-656.285
V4,24,0
V5,0,0
V6,103272,103272
V7,5690.4,3537
V18,397,0
V19,161.046,0
V20,1.97,0
V21,869.41,869.41
V22,603.3,0
V23,123105,123105
pKd,35.3936,6.53975
