DNA,RNA
V2,171.403,125.54
V3,522.806,-262.066
V4,5.5,0
V5,1,0
V6,0,0
V7,0,0
V18,65,10
V19,24.6409,3.91069
V20,0.21,0.13
V21,54.89,54.89
V22,93.7,59.3
V23,11904,11904
pKd,6.68562,6.35395
