DNA,RNA
V2,5671.88,717.82
V3,26437,1083.54
V4,84,11
V5,72,5
V6,0,0
V7,0,0
V18,1503,155
V19,614.132,60.604
V20,1.17,-4.51
V21,167.48,167.48
V22,1733.3,303.1
V23,38838.4,38838.4
pKd,-2.84493,7.85769
