DNA,RNA
V2,389.757,43.4179
V3,-531.2,-559.406
V4,4.5,0
V5,1,0
V6,0,0
V7,0,0
V18,53,4
V19,18.7117,1.20219
V20,-1.01,0
V21,60.08,60.08
V22,46.2,0
V23,18953.4,18953.4
pKd,5.60088,6.31621
