DNA,RNA
V2,148.45,0
V3,-503.345,-239.396
V4,4.5,0
V5,0,0
V6,0,0
V7,0,0
V18,12,0
V19,4.4215,0
V20,0,0
V21,90.74,90.74
V22,0,0
V23,14812.1,14812.1
pKd,6.27539,6.43811
