DNA,RNA
V2,9.39694,2174.48
V3,-2326.3,7688.62
V4,0.5,12.5
V5,0,1
V6,0,0
V7,0,0
V18,3,435
V19,1.18349,199.786
V20,0,-6.28
V21,4921.85,4921.85
V22,0,2104.1
V23,638912,638912
pKd,7.36525,16.9
