DNA,RNA
V2,5274.59,3442.23
V3,26305.2,14342.4
V4,62,42.5
V5,42,27
V6,0,0
V7,0,0
V18,1447,860
V19,601.021,357.868
V20,8.93,8.51
V21,163.66,163.66
V22,1624.1,1399.9
V23,23220.9,23220.9
pKd,-4.88479,8.80723
