DNA,RNA
V2,85.3671,0
V3,-935.275,-408.304
V4,0,0
V5,0,0
V6,38009,38009
V7,5690.4,3537
V18,2,0
V19,0.712831,0
V20,0.26,0
V21,226,226
V22,59.5,0
V23,27827.8,27827.8
pKd,6.68065,6.65766
