DNA,RNA
V2,0,0
V3,-245.653,-58.8956
V4,0,0
V5,0,0
V6,132199,132199
V7,5690.4,3537
V18,0,0
V19,0,0
V20,0,0
V21,5518.18,5518.18
V22,0,0
V23,722343,722343
pKd,8.91018,7.83993
