DNA,RNA
V2,911.83,21.1969
V3,5011.2,-352.845
V4,14,0
V5,13,0
V6,19876.7,19876.7
V7,5690.4,3537
V18,304,8
V19,127.051,3.05096
V20,-2.97,0
V21,101.3,101.3
V22,595,0
V23,15987.6,15987.6
pKd,18.6568,6.66794
