DNA,RNA
V2,20.8791,1492.19
V3,-385.374,4364.82
V4,5,10.5
V5,2,13
V6,0,0
V7,0,0
V18,9,359
V19,3.17971,144.97
V20,-1.01,5.45
V21,193.77,193.77
V22,46.2,613.6
V23,25799.5,25799.5
pKd,6.82923,10.7527
