DNA,RNA
V2,797.406,124.657
V3,2380.47,-709.669
V4,2.5,2.5
V5,3,0
V6,50521.7,50521.7
V7,5690.4,3537
V18,165,19
V19,70.0331,6.18924
V20,4.36,0
V21,442.73,442.73
V22,149.8,0
V23,46207.1,46207.1
pKd,16.2871,6.05577
