DNA,RNA
V2,797.406,124.657
V3,2380.45,-709.675
V4,2.5,2.5
V5,3,0
V6,50519.2,50519.2
V7,5690.4,3537
V18,165,19
V19,70.0331,6.18924
V20,4.36,0
V21,443.85,443.85
V22,149.8,0
V23,46228.2,46228.2
pKd,16.2868,6.05575
