DNA,RNA
V2,187.235,1.25314
V3,-750.117,-242.88
V4,1,0
V5,2,0
V6,0,0
V7,0,0
V18,23,0
V19,7.96944,0
V20,0.69,0
V21,51.84,51.84
V22,170.6,0
V23,11902.3,11902.3
pKd,6.43147,6.43695
