DNA,RNA
V2,0,0
V3,-186.67,-101.856
V4,0,0
V5,0,0
V6,7225.3,7225.3
V7,5690.4,3537
V18,0,0
V19,0,0
V20,0,0
V21,64.24,64.24
V22,0,0
V23,4579.3,4579.3
pKd,6.54931,6.45491
