DNA,RNA
V2,4062.97,4557.99
V3,21328.7,27352.5
V4,39.5,59.5
V5,37,55
V6,0,0
V7,0,0
V18,1056,1432
V19,447.314,595.404
V20,9.79,13.82
V21,265.1,265.1
V22,1271.6,2282.5
V23,31976.7,31976.7
pKd,8.89126,3.09417
