DNA,RNA
V2,3054.1,3691.97
V3,13490.8,18646.6
V4,54,42
V5,24,37
V6,0,0
V7,0,0
V18,825,1025
V19,340.507,424.013
V20,6.57,12.79
V21,323.31,323.31
V22,1162.6,1605.3
V23,53678.5,53678.5
pKd,9.64461,9.73681
