DNA,RNA
V2,13.846,219.833
V3,-37.488,-220.203
V4,0,2
V5,0,0
V6,0,0
V7,0,0
V18,7,29
V19,3.61613,10.0408
V20,0,0
V21,27.19,27.19
V22,0,0
V23,6357.8,6357.8
pKd,7.0317,5.63976
