DNA,RNA
V2,3085.99,38.3411
V3,17521.1,-293.59
V4,40.5,0
V5,42,0
V6,0,0
V7,0,0
V18,838,10
V19,361.111,4.01888
V20,9.96,0
V21,63.6,63.6
V22,1055.6,0
V23,11633.2,11633.2
pKd,14.9903,6.63117
