DNA,RNA
V2,1402.25,8.72125
V3,5922.56,-656.726
V4,24,0
V5,0,0
V6,103289,103289
V7,5690.4,3537
V18,396,0
V19,160.766,0
V20,1.97,0
V21,877.49,877.49
V22,603.3,0
V23,123109,123109
pKd,35.3624,6.53904
