DNA,RNA
V2,190.829,19.9264
V3,166.564,-285.45
V4,6.5,0
V5,1,0
V6,0,0
V7,0,0
V18,61,0
V19,24.4376,0
V20,-2.42,0
V21,42.33,42.33
V22,242.3,0
V23,9865.2,9865.2
pKd,7.45497,6.41569
