DNA,RNA
V2,125.978,228.923
V3,-541.999,217.47
V4,0,6.5
V5,0,6
V6,18682.4,18682.4
V7,5690.4,3537
V18,26,74
V19,8.95257,27.933
V20,0,2.11
V21,112.94,112.94
V22,0,355.1
V23,11733.4,11733.4
pKd,6.28206,8.45951
