DNA,RNA
V2,2726.38,150.054
V3,13569.2,-756.038
V4,51,2
V5,30,2
V6,0,0
V7,0,0
V18,752,14
V19,303.136,4.35043
V20,5.21,-1.27
V21,102.81,102.81
V22,996,177.8
V23,18104.7,18104.7
pKd,14.5568,6.30166
