DNA,RNA
V2,5.34037,263.717
V3,-246.211,1231.81
V4,0,10.5
V5,0,1
V6,0,0
V7,0,0
V18,0,64
V19,0,28.3322
V20,0,-1.01
V21,82.11,82.11
V22,0,46.2
V23,38658.7,38658.7
pKd,6.42967,8.53359
