DNA,RNA
V2,4722.25,214.179
V3,27903.6,-520.115
V4,87.5,5.5
V5,59,1
V6,0,0
V7,0,0
V18,1320,63
V19,558.886,23.8792
V20,1.87,-2.91
V21,224.74,224.74
V22,1281.5,328.3
V23,47815.5,47815.5
pKd,-1.21777,6.86153
