DNA,RNA
V2,80.5832,846.443
V3,-457.224,1594.07
V4,1.5,8
V5,0,9
V6,0,0
V7,0,0
V18,22,198
V19,8.55214,77.0381
V20,0.09,2.07
V21,183.07,183.07
V22,131,396.7
V23,25774.2,25774.2
pKd,6.70575,8.48354
