DNA,RNA
V2,0,0
V3,-245.696,-58.9079
V4,0,0
V5,0,0
V6,132183,132183
V7,5690.4,3537
V18,0,0
V19,0,0
V20,0,0
V21,5524.89,5524.89
V22,0,0
V23,722277,722277
pKd,8.90978,7.83972
