DNA,RNA
V2,1002.01,0
V3,1764.71,-302.936
V4,21,0
V5,9,0
V6,0,0
V7,0,0
V18,228,0
V19,92.3919,0
V20,-2.92,0
V21,1368.97,1368.97
V22,523.2,0
V23,491312,491312
pKd,9.78862,6.46603
