DNA,RNA
V2,566.391,50.4356
V3,1997.7,-428.273
V4,13.5,0
V5,8,0
V6,0,0
V7,0,0
V18,152,5
V19,63.4928,1.67174
V20,1.4,0
V21,28.64,28.64
V22,492.5,0
V23,11483.5,11483.5
pKd,10.5446,6.31358
