DNA,RNA
V2,0,9.14764
V3,-157.729,-206.548
V4,0,0
V5,0,0
V6,0,0
V7,0,0
V18,0,0
V19,0,0
V20,0,0
V21,71.62,71.62
V22,0,0
V23,21835.3,21835.3
pKd,6.40222,6.40409
