DNA,RNA
V2,104.034,4018.07
V3,-1038.71,20283.8
V4,2,39
V5,2,34
V6,0,0
V7,0,0
V18,14,1113
V19,4.65494,458.045
V20,0.12,22.09
V21,155.2,155.2
V22,117.4,1455.8
V23,20400.7,20400.7
pKd,6.69744,7.30507
