DNA,RNA
V2,0,0
V3,-203.743,-148.407
V4,0,0
V5,0,0
V6,0,0
V7,0,0
V18,0,0
V19,0,0
V20,0,0
V21,4024.1,4024.1
V22,0,0
V23,555693,555693
pKd,6.42244,6.39813
