DNA,RNA
V2,3837.5,3834.02
V3,23864.2,20282.3
V4,85,39.5
V5,33,31
V6,0,0
V7,0,0
V18,1198,1080
V19,513.26,461.804
V20,4.03,4.23
V21,936.02,936.02
V22,1702.9,1353.2
V23,179367,179367
pKd,-3.56901,8.12303
