DNA,RNA
V2,3528.44,125.363
V3,21325.1,-637.324
V4,61,0
V5,23,1
V6,84136.6,84136.6
V7,5690.4,3537
V18,1056,11
V19,446.905,4.27828
V20,9.77,2.21
V21,941.81,941.81
V22,1460.2,124.2
V23,152219,152219
pKd,70.515,6.97538
