DNA,RNA
V2,2.48535,2.48054
V3,-1550.46,-545.214
V4,1,0
V5,1,0
V6,71396.3,71396.3
V7,5690.4,3537
V18,3,1
V19,0.87836,0.284756
V20,-1.01,0
V21,3687.27,3687.27
V22,46.2,0
V23,420933,420933
pKd,6.47228,6.63305
