DNA,RNA
V2,104.953,0
V3,-213.523,-134.254
V4,0,0
V5,0,0
V6,20330.2,20330.2
V7,5690.4,3537
V18,9,0
V19,3.8458,0
V20,0,0
V21,74.9,74.9
V22,0,0
V23,10359.7,10359.7
pKd,7.02972,6.58902
