DNA,RNA
V2,82.5348,75.679
V3,-904.803,-414.319
V4,0,0.5
V5,1,0
V6,24405.1,24405.1
V7,5690.4,3537
V18,28,11
V19,10.1956,4.3798
V20,-0.97,0.96
V21,192.84,192.84
V22,439.6,59.6
V23,17468.1,17468.1
pKd,7.00071,6.75768
