DNA,RNA
V2,9382.4,46.7502
V3,47701.7,-636.317
V4,63,0
V5,0,0
V6,148008,148008
V7,5690.4,3537
V18,2417,7
V19,1024.94,2.17748
V20,28.42,2.21
V21,5448.91,5448.91
V22,5292.7,124.2
V23,661564,661564
pKd,160.042,6.52742
