DNA,RNA
V2,765.405,59.1208
V3,228.567,-769.038
V4,9,0
V5,9,0
V6,27031.8,27031.8
V7,5690.4,3537
V18,155,3
V19,57.5521,0.945232
V20,5.01,0
V21,156.02,156.02
V22,468.9,0
V23,19713,19713
pKd,9.18864,6.35056
