DNA,RNA
V2,4358.41,50.5632
V3,27662.7,-805.425
V4,73.5,1.5
V5,50,3
V6,0,0
V7,0,0
V18,1448,15
V19,611.25,4.93775
V20,3.87,-1.65
V21,184.88,184.88
V22,1926.5,102
V23,51307,51307
pKd,-3.11298,6.89693
