DNA,RNA
V2,946.233,0
V3,7566.28,-318.825
V4,21,0
V5,9,0
V6,0,0
V7,0,0
V18,342,1
V19,153.399,0.33503
V20,0.53,0
V21,3043.44,3043.44
V22,599,0
V23,740260,740260
pKd,16.8047,6.45378
