DNA,RNA
V2,2426.95,61.9699
V3,12169.2,-789.53
V4,61.5,1.5
V5,29,0
V6,0,0
V7,0,0
V18,784,3
V19,318.834,0.907982
V20,0.38,-0.22
V21,228.06,228.06
V22,1496.5,59.9
V23,30250.2,30250.2
pKd,12.5982,6.41192
