DNA,RNA
V2,1444.11,1.2866
V3,7447.19,-476.382
V4,34.5,0.5
V5,17,1
V6,0,0
V7,0,0
V18,435,6
V19,186.856,2.08762
V20,-1.17,-2.02
V21,71.37,71.37
V22,1011,92.4
V23,19194.6,19194.6
pKd,14.1194,6.70053
