DNA,RNA
V2,4241.7,4463.82
V3,23035.9,26530.3
V4,48,62
V5,47,53
V6,0,0
V7,0,0
V18,1273,1423
V19,524.832,585.515
V20,1.06,14.07
V21,232.9,232.9
V22,2048,2301.4
V23,33268.5,33268.5
pKd,6.29367,4.89176
