DNA,RNA
V2,0,0
V3,-203.693,-148.317
V4,0,0
V5,0,0
V6,0,0
V7,0,0
V18,0,0
V19,0,0
V20,0,0
V21,4036.42,4036.42
V22,0,0
V23,555560,555560
pKd,6.42242,6.39809
