DNA,RNA
V2,1296.43,47.4453
V3,6520.84,-354.96
V4,29,0.5
V5,16,0
V6,0,0
V7,0,0
V18,423,18
V19,174.077,6.57619
V20,6.51,-1.45
V21,174.51,174.51
V22,697.7,166
V23,19946,19946
pKd,13.3532,6.40173
