DNA,RNA
V2,9.91282,454.016
V3,-470.41,1923.78
V4,0,4
V5,0,0
V6,32255.2,32255.2
V7,5690.4,3537
V18,0,93
V19,0,49.2518
V20,0,0
V21,177.37,177.37
V22,0,0
V23,23593.5,23593.5
pKd,6.93573,16.5005
