DNA,RNA
V2,3516.08,5262.62
V3,19816.1,31872.4
V4,47,68
V5,25,55
V6,0,0
V7,0,0
V18,1025,1583
V19,431.732,669.094
V20,14.11,9.28
V21,256.41,256.41
V22,1677.7,1627.8
V23,30888.2,30888.2
pKd,9.04464,-7.57766
