DNA,RNA
V2,51.0533,1287.89
V3,-374.322,4950.41
V4,1.5,14
V5,0,13
V6,26519.2,26519.2
V7,5690.4,3537
V18,6,299
V19,2.32056,126.46
V20,0,0.96
V21,177.58,177.58
V22,0,596.1
V23,23767,23767
pKd,6.92403,18.6526
