DNA,RNA
V2,189.669,18.3887
V3,708.407,-315.066
V4,9,0.5
V5,4,0
V6,9893.3,9893.3
V7,5690.4,3537
V18,80,2
V19,31.9408,0.708738
V20,-1.69,0
V21,102.51,102.51
V22,152.2,0
V23,9854.5,9854.5
pKd,9.01492,6.47099
