DNA,RNA
V2,338.644,354.099
V3,1047.08,-516.352
V4,16.5,1
V5,6,1
V6,0,0
V7,0,0
V18,104,25
V19,43.0111,8.03453
V20,0.24,1.7
V21,174.74,174.74
V22,340.7,45.1
V23,29138,29138
pKd,9.2903,5.31375
