DNA,RNA
V2,0,0
V3,-215.999,-201.056
V4,0,0
V5,0,0
V6,0,0
V7,0,0
V18,0,0
V19,0,0
V20,0,0
V21,2313.75,2313.75
V22,0,0
V23,686413,686413
pKd,6.42783,6.42126
