DNA,RNA
V2,1971.91,0.370796
V3,8312.64,-508.013
V4,44,0
V5,29,0
V6,0,0
V7,0,0
V18,543,0
V19,224.148,0
V20,4.91,0
V21,255.55,255.55
V22,1318.8,0
V23,42607.1,42607.1
pKd,13.3912,6.55534
