DNA,RNA
V2,682.118,326.402
V3,646.467,-1062.11
V4,22,5.5
V5,8,4
V6,0,0
V7,0,0
V18,189,42
V19,75.6554,14.3174
V20,2,-1.65
V21,228.75,228.75
V22,557.5,183.9
V23,44264.4,44264.4
pKd,9.29776,6.33839
