DNA,RNA
V2,0,235.901
V3,-432.988,-264.009
V4,0,13.5
V5,0,3
V6,0,0
V7,0,0
V18,0,93
V19,0,33.9842
V20,0,-3.94
V21,133.66,133.66
V22,0,498.4
V23,39745,39745
pKd,6.52317,6.79617
