DNA,RNA
V2,566.391,50.4356
V3,1992.01,-428.383
V4,13.5,0
V5,8,0
V6,0,0
V7,0,0
V18,152,5
V19,63.4928,1.67174
V20,1.4,0
V21,29.55,29.55
V22,492.5,0
V23,11472.8,11472.8
pKd,10.5448,6.31363
