DNA,RNA
V2,171.595,408.663
V3,-22.6144,600.95
V4,5.5,6.5
V5,4,4
V6,0,0
V7,0,0
V18,59,60
V19,24.2384,24.1742
V20,-1.3,-2.02
V21,93.38,93.38
V22,330.1,92.4
V23,13040,13040
pKd,8.50648,7.58861
