DNA,RNA
V2,0.902796,28.1837
V3,-500.187,-340.166
V4,0,0
V5,1,0
V6,0,0
V7,0,0
V18,1,1
V19,0.325277,0.289339
V20,-0.04,0
V21,125.06,125.06
V22,71.7,0
V23,29323.2,29323.2
pKd,6.75271,6.37226
