DNA,RNA
V2,349.836,0
V3,-3580.3,-288.697
V4,0,0
V5,0,0
V6,106270,106270
V7,5690.4,3537
V18,5,0
V19,1.46416,0
V20,0,0
V21,3567.91,3567.91
V22,0,0
V23,413836,413836
pKd,1.89563,7.16843
