DNA,RNA
V2,18.8275,608.809
V3,-359.145,4024.57
V4,1.5,8
V5,1,4
V6,15605.9,15605.9
V7,5690.4,3537
V18,1,207
V19,0.346551,83.9212
V20,1.54,2.46
V21,50.89,50.89
V22,55.4,220
V23,8174.3,8174.3
pKd,6.89342,12.1978
