DNA,RNA
V2,531.202,88.3114
V3,1111.71,-416.444
V4,9.5,0
V5,6,0
V6,0,0
V7,0,0
V18,122,3
V19,47.51,0.949105
V20,-0.18,0
V21,73.12,73.12
V22,343.1,0
V23,13820.9,13820.9
pKd,7.99335,6.23072
