DNA,RNA
V2,916.423,115.857
V3,4456.02,-491.314
V4,13.5,0
V5,7,0
V6,17380.2,17380.2
V7,5690.4,3537
V18,224,4
V19,93.4462,1.28655
V20,6.59,0.31
V21,95.01,95.01
V22,466.4,58.2
V23,9941.7,9941.7
pKd,14.7044,6.23637
