DNA,RNA
V2,938.016,131.846
V3,3965.65,-689.788
V4,24,3
V5,8,1
V6,0,0
V7,0,0
V18,320,7
V19,130.474,2.06356
V20,0.12,-0.64
V21,84.74,84.74
V22,398.1,55.8
V23,10713.8,10713.8
pKd,11.2438,6.26125
