DNA,RNA
V2,53.0266,58.6221
V3,-963.152,-652.638
V4,0.5,1
V5,2,0
V6,61877.7,61877.7
V7,5690.4,3537
V18,7,0
V19,2.46742,0
V20,-0.48,0
V21,1050.72,1050.72
V22,191.5,0
V23,126970,126970
pKd,7.35016,6.44015
