DNA,RNA
V2,82.5348,75.679
V3,-904.776,-414.311
V4,0,0.5
V5,1,0
V6,24371,24371
V7,5690.4,3537
V18,28,11
V19,10.1956,4.3798
V20,-0.97,0.96
V21,193.92,193.92
V22,439.6,59.6
V23,17465.3,17465.3
pKd,7.00025,6.75743
