DNA,RNA
V2,3912.72,4831.62
V3,20170.2,28623
V4,64.5,56.5
V5,37,47
V6,0,0
V7,0,0
V18,1095,1459
V19,461.204,613.778
V20,4.86,17.88
V21,257.17,257.17
V22,1721.1,2221.4
V23,35040.2,35040.2
pKd,4.20043,-0.863565
