DNA,RNA
V2,2815.92,12.2466
V3,1748.9,-745.492
V4,30,2.5
V5,1,1
V6,59688.7,59688.7
V7,5690.4,3537
V18,437,4
V19,162.16,1.20194
V20,-4.69,-1.01
V21,983.94,983.94
V22,1192.7,46.2
V23,121948,121948
pKd,13.0299,6.56041
