DNA,RNA
V2,1133.04,226.314
V3,3619.74,-533.802
V4,32,0.5
V5,15,1
V6,21486.1,21486.1
V7,5690.4,3537
V18,280,22
V19,112.196,7.61332
V20,-0.65,2.51
V21,119.08,119.08
V22,649.1,107.6
V23,16111.9,16111.9
pKd,15.4713,6.19296
