DNA,RNA
V2,3913.57,4831.62
V3,20163.3,28616.9
V4,64.5,56.5
V5,37,47
V6,0,0
V7,0,0
V18,1095,1459
V19,461.204,613.778
V20,4.86,17.88
V21,257.28,257.28
V22,1721.1,2221.4
V23,35045.6,35045.6
pKd,4.18619,-0.871215
