DNA,RNA
V2,519.053,0.563518
V3,1776.57,-251.206
V4,8,0
V5,2,0
V6,13844,13844
V7,5690.4,3537
V18,149,0
V19,59.1755,0
V20,3.91,0
V21,107.68,107.68
V22,248.6,0
V23,9496.7,9496.7
pKd,9.69534,6.5339
