DNA,RNA
V2,274.942,2.20141
V3,-566.194,-352.708
V4,6,0
V5,3,0
V6,0,0
V7,0,0
V18,41,1
V19,15.1325,0.291803
V20,1.88,0
V21,84.38,84.38
V22,325.4,0
V23,14824.8,14824.8
pKd,6.76864,6.43513
