DNA,RNA
V2,2328.02,31.2041
V3,13946.2,-569.36
V4,34.5,4
V5,29,0
V6,0,0
V7,0,0
V18,715,18
V19,306.053,6.99491
V20,-1.97,-0.75
V21,183.6,183.6
V22,1169.1,105.7
V23,23400.6,23400.6
pKd,16.3348,6.76149
