DNA,RNA
V2,1063.78,302.719
V3,6606.66,-478.187
V4,22.5,1
V5,10,1
V6,0,0
V7,0,0
V18,309,26
V19,134.302,8.39906
V20,5.99,0.96
V21,62.22,62.22
V22,498.1,59.6
V23,11346.6,11346.6
pKd,14.2309,5.40972
