DNA,RNA
V2,84.6865,0
V3,-326.683,-128.043
V4,2,0
V5,0,0
V6,105362,105362
V7,5690.4,3537
V18,10,0
V19,3.63306,0
V20,-1.01,0
V21,3008.56,3008.56
V22,46.2,0
V23,424017,424017
pKd,8.37848,7.42678
