DNA,RNA
V2,956.308,423.032
V3,335.999,130.641
V4,15,11
V5,7,5
V6,0,0
V7,0,0
V18,182,113
V19,72.1582,42.5223
V20,8.7,1.52
V21,328.98,328.98
V22,680.7,283.9
V23,35689.4,35689.4
pKd,8.42531,7.34316
