DNA,RNA
V2,150.197,587.66
V3,-740.759,27.9049
V4,7,9.5
V5,1,5
V6,28962.2,28962.2
V7,5690.4,3537
V18,34,92
V19,11.949,34.5379
V20,-2.36,0.85
V21,94.24,94.24
V22,254.1,233.2
V23,20604.6,20604.6
pKd,6.74287,8.01217
