DNA,RNA
V2,1767.13,3959.55
V3,7994.48,20259.7
V4,17,46.5
V5,10,39
V6,0,0
V7,0,0
V18,503,1141
V19,199.738,471.761
V20,5.75,21.53
V21,184.88,184.88
V22,620,1661
V23,20257.6,20257.6
pKd,9.38064,7.36763
