DNA,RNA
V2,290.324,74.1204
V3,658.087,-626.942
V4,12.5,2
V5,5,0
V6,0,0
V7,0,0
V18,99,10
V19,38.2607,3.3573
V20,-3.41,-0.64
V21,113.15,113.15
V22,210.8,55.8
V23,23070.4,23070.4
pKd,7.98009,6.25819
