DNA,RNA
V2,84.6865,0
V3,-326.676,-128.04
V4,2,0
V5,0,0
V6,105368,105368
V7,5690.4,3537
V18,10,0
V19,3.63306,0
V20,-1.01,0
V21,2988.82,2988.82
V22,46.2,0
V23,424225,424225
pKd,8.37861,7.42684
