DNA,RNA
V2,360.254,72.5228
V3,776.213,-392.471
V4,4.5,0.5
V5,4,0
V6,7490.9,7490.9
V7,5690.4,3537
V18,70,4
V19,26.7033,1.3022
V20,1.28,0
V21,23.74,23.74
V22,175,0
V23,3835.9,3835.9
pKd,7.60705,6.27664
