DNA,RNA
V2,0,124.205
V3,-603.034,-417.312
V4,0,0.5
V5,0,1
V6,39326.6,39326.6
V7,5690.4,3537
V18,0,25
V19,0,9.15743
V20,0,-0.64
V21,348.53,348.53
V22,0,55.8
V23,38562.9,38562.9
pKd,6.99636,6.91944
