DNA,RNA
V2,277.373,30.4987
V3,652.11,-271.85
V4,6.5,0
V5,1,0
V6,10733.1,10733.1
V7,5690.4,3537
V18,57,1
V19,21.6238,0.281094
V20,0.96,0
V21,41.51,41.51
V22,59.6,0
V23,5851,5851
pKd,7.13278,6.40101
