DNA,RNA
V2,471.25,12.681
V3,208.094,-550.941
V4,8,0.5
V5,4,0
V6,54646.3,54646.3
V7,5690.4,3537
V18,94,2
V19,34.1789,0.725004
V20,-2.06,0
V21,300.07,300.07
V22,164.1,0
V23,38692.1,38692.1
pKd,9.22754,6.63261
