DNA,RNA
V2,702.637,67.4001
V3,3081.48,-615.363
V4,19,4
V5,10,1
V6,84470.2,84470.2
V7,5690.4,3537
V18,256,26
V19,103.577,9.02554
V20,0.83,-1.01
V21,406.11,406.11
V22,787.6,125.5
V23,69691.5,69691.5
pKd,24.335,6.97659
