DNA,RNA
V2,2068.88,0
V3,12791.1,-233.226
V4,33.5,0
V5,12,0
V6,0,0
V7,0,0
V18,569,1
V19,241.889,0.345775
V20,0.26,-0.99
V21,11.84,11.84
V22,501.8,47.8
V23,2835.9,2835.9
pKd,14.449,6.42333
