DNA,RNA
V2,303.156,379.197
V3,-381.796,1634.49
V4,8,4
V5,6,3
V6,0,0
V7,0,0
V18,57,92
V19,20.7942,39.8065
V20,-2.04,-3.03
V21,132.08,132.08
V22,165.7,138.6
V23,18124.4,18124.4
pKd,7.21058,9.41432
