DNA,RNA
V2,0,229.576
V3,-199.494,108.845
V4,0,3.5
V5,0,3
V6,0,0
V7,0,0
V18,0,46
V19,0,17.1884
V20,0,2.99
V21,62.07,62.07
V22,0,171.4
V23,12984.8,12984.8
pKd,6.42057,6.77655
