DNA,RNA
V2,115.033,85.545
V3,-558.68,-451.3
V4,0,3.5
V5,0,1
V6,14457.1,14457.1
V7,5690.4,3537
V18,19,11
V19,5.87877,3.65609
V20,0,-0.64
V21,128.37,128.37
V22,0,55.8
V23,12897.5,12897.5
pKd,5.84771,6.43135
