DNA,RNA
V2,5065.45,5271.83
V3,25773.9,33127.3
V4,81,54.5
V5,54,44
V6,0,0
V7,0,0
V18,1383,1555
V19,571.782,668.007
V20,6.7,9.56
V21,147.69,147.69
V22,1746.7,1944.9
V23,21615,21615
pKd,-0.223718,-6.27391
