DNA,RNA
V2,0.995585,873.377
V3,-665.372,3174.55
V4,0,23
V5,0,14
V6,0,0
V7,0,0
V18,4,253
V19,1.21914,102.916
V20,-1.01,0.93
V21,104.41,104.41
V22,46.2,854.9
V23,21539.5,21539.5
pKd,6.46558,11.5559
