DNA,RNA
V2,236.865,3750.51
V3,-1522.08,18531.2
V4,4,35.5
V5,3,27
V6,0,0
V7,0,0
V18,37,1001
V19,15.3721,412.383
V20,-2.89,9.21
V21,612.52,612.52
V22,288.3,1316.6
V23,144258,144258
pKd,8.17021,8.37135
